-- MySQL dump 10.13  Distrib 5.1.41, for debian-linux-gnu (i486)
--
-- Host: localhost    Database: saarango_erp
-- ------------------------------------------------------
-- Server version	5.1.41-3ubuntu12.10

/*!40101 SET @OLD_CHARACTER_SET_CLIENT=@@CHARACTER_SET_CLIENT */;
/*!40101 SET @OLD_CHARACTER_SET_RESULTS=@@CHARACTER_SET_RESULTS */;
/*!40101 SET @OLD_COLLATION_CONNECTION=@@COLLATION_CONNECTION */;
/*!40101 SET NAMES utf8 */;
/*!40103 SET @OLD_TIME_ZONE=@@TIME_ZONE */;
/*!40103 SET TIME_ZONE='+00:00' */;
/*!40014 SET @OLD_UNIQUE_CHECKS=@@UNIQUE_CHECKS, UNIQUE_CHECKS=0 */;
/*!40014 SET @OLD_FOREIGN_KEY_CHECKS=@@FOREIGN_KEY_CHECKS, FOREIGN_KEY_CHECKS=0 */;
/*!40101 SET @OLD_SQL_MODE=@@SQL_MODE, SQL_MODE='NO_AUTO_VALUE_ON_ZERO' */;
/*!40111 SET @OLD_SQL_NOTES=@@SQL_NOTES, SQL_NOTES=0 */;

--
-- Table structure for table `auth_group`
--

DROP TABLE IF EXISTS `auth_group`;
/*!40101 SET @saved_cs_client     = @@character_set_client */;
/*!40101 SET character_set_client = utf8 */;
CREATE TABLE `auth_group` (
  `id` int(11) NOT NULL AUTO_INCREMENT,
  `name` varchar(80) NOT NULL,
  PRIMARY KEY (`id`),
  UNIQUE KEY `name` (`name`)
) ENGINE=MyISAM AUTO_INCREMENT=4 DEFAULT CHARSET=latin1;
/*!40101 SET character_set_client = @saved_cs_client */;

--
-- Dumping data for table `auth_group`
--

LOCK TABLES `auth_group` WRITE;
/*!40000 ALTER TABLE `auth_group` DISABLE KEYS */;
INSERT INTO `auth_group` VALUES (1,'Core'),(2,'Coord'),(3,'Convenor');
/*!40000 ALTER TABLE `auth_group` ENABLE KEYS */;
UNLOCK TABLES;

--
-- Table structure for table `auth_group_permissions`
--

DROP TABLE IF EXISTS `auth_group_permissions`;
/*!40101 SET @saved_cs_client     = @@character_set_client */;
/*!40101 SET character_set_client = utf8 */;
CREATE TABLE `auth_group_permissions` (
  `id` int(11) NOT NULL AUTO_INCREMENT,
  `group_id` int(11) NOT NULL,
  `permission_id` int(11) NOT NULL,
  PRIMARY KEY (`id`),
  UNIQUE KEY `group_id` (`group_id`,`permission_id`),
  KEY `auth_group_permissions_425ae3c4` (`group_id`),
  KEY `auth_group_permissions_1e014c8f` (`permission_id`)
) ENGINE=MyISAM AUTO_INCREMENT=25 DEFAULT CHARSET=latin1;
/*!40101 SET character_set_client = @saved_cs_client */;

--
-- Dumping data for table `auth_group_permissions`
--

LOCK TABLES `auth_group_permissions` WRITE;
/*!40000 ALTER TABLE `auth_group_permissions` DISABLE KEYS */;
INSERT INTO `auth_group_permissions` VALUES (1,1,7),(2,1,37),(3,1,40),(4,1,54),(5,1,31),(6,1,28),(7,1,51),(8,1,43),(9,1,47),(10,1,44),(11,1,49),(12,1,50),(13,1,46),(14,1,34),(15,1,48),(16,1,35),(17,2,31),(18,2,28),(19,2,43),(20,2,49),(21,2,50),(22,2,48),(23,2,46),(24,2,35);
/*!40000 ALTER TABLE `auth_group_permissions` ENABLE KEYS */;
UNLOCK TABLES;

--
-- Table structure for table `auth_permission`
--

DROP TABLE IF EXISTS `auth_permission`;
/*!40101 SET @saved_cs_client     = @@character_set_client */;
/*!40101 SET character_set_client = utf8 */;
CREATE TABLE `auth_permission` (
  `id` int(11) NOT NULL AUTO_INCREMENT,
  `name` varchar(50) NOT NULL,
  `content_type_id` int(11) NOT NULL,
  `codename` varchar(100) NOT NULL,
  PRIMARY KEY (`id`),
  UNIQUE KEY `content_type_id` (`content_type_id`,`codename`),
  KEY `auth_permission_1bb8f392` (`content_type_id`)
) ENGINE=MyISAM AUTO_INCREMENT=81 DEFAULT CHARSET=latin1;
/*!40101 SET character_set_client = @saved_cs_client */;

--
-- Dumping data for table `auth_permission`
--

LOCK TABLES `auth_permission` WRITE;
/*!40000 ALTER TABLE `auth_permission` DISABLE KEYS */;
INSERT INTO `auth_permission` VALUES (1,'Can add permission',1,'add_permission'),(2,'Can change permission',1,'change_permission'),(3,'Can delete permission',1,'delete_permission'),(4,'Can add group',2,'add_group'),(5,'Can change group',2,'change_group'),(6,'Can delete group',2,'delete_group'),(7,'Can add user',3,'add_user'),(8,'Can change user',3,'change_user'),(9,'Can delete user',3,'delete_user'),(10,'Can add content type',4,'add_contenttype'),(11,'Can change content type',4,'change_contenttype'),(12,'Can delete content type',4,'delete_contenttype'),(13,'Can add session',5,'add_session'),(14,'Can change session',5,'change_session'),(15,'Can delete session',5,'delete_session'),(16,'Can add site',6,'add_site'),(17,'Can change site',6,'change_site'),(18,'Can delete site',6,'delete_site'),(19,'Can add log entry',7,'add_logentry'),(20,'Can change log entry',7,'change_logentry'),(21,'Can delete log entry',7,'delete_logentry'),(22,'Can add migration history',8,'add_migrationhistory'),(23,'Can change migration history',8,'change_migrationhistory'),(24,'Can delete migration history',8,'delete_migrationhistory'),(25,'Can add Department Forum',9,'add_forum'),(26,'Can change Department Forum',9,'change_forum'),(27,'Can delete Department Forum',9,'delete_forum'),(28,'Can add Topic',10,'add_topic'),(29,'Can change Topic',10,'change_topic'),(30,'Can delete Topic',10,'delete_topic'),(31,'Can add Post',11,'add_post'),(32,'Can change Post',11,'change_post'),(33,'Can delete Post',11,'delete_post'),(34,'Can add UserProfile',12,'add_userprofile'),(35,'Can change UserProfile',12,'change_userprofile'),(36,'Can delete UserProfile',12,'delete_userprofile'),(37,'Can add department',13,'add_department'),(38,'Can change department',13,'change_department'),(39,'Can delete department',13,'delete_department'),(40,'Can add sub department',14,'add_subdepartment'),(41,'Can change sub department',14,'change_subdepartment'),(42,'Can delete sub department',14,'delete_subdepartment'),(43,'Can add task',15,'add_task'),(44,'Can change task',15,'change_task'),(45,'Can delete task',15,'delete_task'),(46,'Can see tasks',15,'view_task'),(47,'Can approve tasks',15,'approve_task'),(48,'Can update task status',15,'update_task_status'),(49,'Can close a task',15,'close_task'),(50,'Can comment on task',15,'comment_task'),(51,'Can add comment',16,'add_comment'),(52,'Can change comment',16,'change_comment'),(53,'Can delete comment',16,'delete_comment'),(54,'Can add event',17,'add_event'),(55,'Can change event',17,'change_event'),(56,'Can delete event',17,'delete_event'),(57,'Can add faq',18,'add_faq'),(58,'Can change faq',18,'change_faq'),(59,'Can delete faq',18,'delete_faq'),(60,'Can add saarang user',19,'add_saaranguser'),(61,'Can change saarang user',19,'change_saaranguser'),(62,'Can delete saarang user',19,'delete_saaranguser'),(63,'Can add ticket',20,'add_ticket'),(64,'Can change ticket',20,'change_ticket'),(65,'Can delete ticket',20,'delete_ticket'),(66,'Can add transaction',21,'add_transaction'),(67,'Can change transaction',21,'change_transaction'),(68,'Can delete transaction',21,'delete_transaction'),(69,'Can add transaction_final',22,'add_transaction_final'),(70,'Can change transaction_final',22,'change_transaction_final'),(71,'Can delete transaction_final',22,'delete_transaction_final'),(72,'Can add team',23,'add_team'),(73,'Can change team',23,'change_team'),(74,'Can delete team',23,'delete_team'),(75,'Can add event registration',24,'add_eventregistration'),(76,'Can change event registration',24,'change_eventregistration'),(77,'Can delete event registration',24,'delete_eventregistration'),(78,'Can add notification',25,'add_notification'),(79,'Can change notification',25,'change_notification'),(80,'Can delete notification',25,'delete_notification');
/*!40000 ALTER TABLE `auth_permission` ENABLE KEYS */;
UNLOCK TABLES;

--
-- Table structure for table `auth_user`
--

DROP TABLE IF EXISTS `auth_user`;
/*!40101 SET @saved_cs_client     = @@character_set_client */;
/*!40101 SET character_set_client = utf8 */;
CREATE TABLE `auth_user` (
  `id` int(11) NOT NULL AUTO_INCREMENT,
  `username` varchar(30) NOT NULL,
  `first_name` varchar(30) NOT NULL,
  `last_name` varchar(30) NOT NULL,
  `email` varchar(75) NOT NULL,
  `password` varchar(128) NOT NULL,
  `is_staff` tinyint(1) NOT NULL,
  `is_active` tinyint(1) NOT NULL,
  `is_superuser` tinyint(1) NOT NULL,
  `last_login` datetime NOT NULL,
  `date_joined` datetime NOT NULL,
  PRIMARY KEY (`id`),
  UNIQUE KEY `username` (`username`)
) ENGINE=MyISAM AUTO_INCREMENT=379 DEFAULT CHARSET=latin1;
/*!40101 SET character_set_client = @saved_cs_client */;

--
-- Dumping data for table `auth_user`
--

LOCK TABLES `auth_user` WRITE;
/*!40000 ALTER TABLE `auth_user` DISABLE KEYS */;
INSERT INTO `auth_user` VALUES (3,'abhiram','Abhiram Reddy','','abhiramreddy@me.com','pbkdf2_sha256$10000$C3sR2KteQLET$fQUvKy1rQPMWhGRnRwp3t3mi3fKXm72P8NzUGtM0bGU=',0,1,0,'2013-11-01 13:02:38','2013-11-01 13:02:38'),(4,'amruth','Amruthkumar Hegde','','amruthkumarhegde@gmail.com','pbkdf2_sha256$10000$dpqcLMLI0dm6$+15XEI2mqM9+FDisdTVwnwseSOsEVVjmYwor7UnsZHM=',0,1,0,'2013-11-01 13:02:39','2013-11-01 13:02:39'),(5,'sravanth','Sravanth Talluri','','sravanthtalluri@gmail.com','pbkdf2_sha256$10000$8WFIJCJGePvI$dRPbJQ3XXVc/QcRdjVPpDr4KsGSWUwiYe7c1CM+Ccd4=',0,1,0,'2013-11-04 05:50:36','2013-11-01 13:02:39'),(6,'rohit','Alluri Rohit Varma','','rohitalluri@gmail.com','pbkdf2_sha256$10000$bzWBBwhEUsZ7$SOmLsuCysJiSNNTbWM8iLPQF+ZU0kZR+qe+KCEHwN+U=',0,1,0,'2013-11-01 13:02:39','2013-11-01 13:02:39'),(7,'jackson','Jackson Joseph','','jackadimathara@gmail.com','pbkdf2_sha256$10000$0CjCInts8s3H$Lj12pD1nl8oaJ0IrVdfDKxFJIAqzIfJoAxa9slBCoqo=',0,1,0,'2013-11-04 15:36:26','2013-11-01 13:02:40'),(8,'keerthi','Keerthi Balakumar','','keerthi.balakumar@gmail.com','pbkdf2_sha256$10000$eOTJ1p5IwYqA$rf7zLpi3rcln5A74MModH+ljdRvT8x1gbSuBF5POjdw=',0,1,0,'2013-11-01 13:02:40','2013-11-01 13:02:40'),(9,'pavan','K Pavan Kumar','','kingkp225@gmail.com','pbkdf2_sha256$10000$D7pRoMUShgjs$iNYcMfWgGnRuUOryqC1xExv24X1ZebF6cd5jc5zSqAo=',0,1,0,'2013-11-01 13:02:40','2013-11-01 13:02:40'),(10,'praneeth','Praneeth Reddy M','','maryadapraneethreddy@gmail.com','pbkdf2_sha256$10000$wRs6nqMiKvEG$/KnWaXiJkXBUOvdIru11Byge/gNnh12cqDl3nUUfufI=',0,1,0,'2013-11-05 18:58:17','2013-11-01 13:02:41'),(11,'swyper','Gatram Manoj Babu','','manoj.gatram@gmail.com','pbkdf2_sha256$10000$R30oN0tKHxQ4$VBACL9tTiS9AqBM9sCEStVjlQJNhPnt92scDJCyBLE4=',0,1,0,'2013-11-06 11:17:53','2013-11-01 13:02:41'),(12,'gujju','Ravi Gondalia','','ravigondalia1992@gmail.com','pbkdf2_sha256$10000$RG4QjpwZw3Jg$osad70GgPhmAJPy5646PM0wm3zSU382fgaZVekA2fj4=',0,1,0,'2013-11-01 13:02:41','2013-11-01 13:02:41'),(13,'suraj','Suraj R Nair','','surajrn@gmail.com','pbkdf2_sha256$10000$u88G6P6OnnwO$6fo/a3osZlPQ1mYwJ45YA6Y1Kihzt8AYtcJxEdfo8oE=',0,1,0,'2013-11-06 13:20:54','2013-11-01 13:02:42'),(14,'samvita','Samvita K','','samvita.kk@gmail.com','pbkdf2_sha256$10000$DgvPTuVAKhSB$oRFGVu8EYPBOU4ahSbGkpu6echragZwUdbEyarry5Fw=',0,1,0,'2013-11-06 13:43:03','2013-11-01 13:02:42'),(15,'adithya','Adithya Bharadwaj','','aditya2hitman@gmail.com','pbkdf2_sha256$10000$POquY69VPxUV$pkdHLdzJk7mXTMyr3k6J6eJOX1IrD7E+vQe9IvU1Jho=',0,1,0,'2013-11-01 13:02:42','2013-11-01 13:02:42'),(16,'achutan','Achutan Sekar','','achuthan.sekar@gmail.com','pbkdf2_sha256$10000$BeVKUp9ve9hi$jM/30EtyHwJb1vBELg93F9w1zRDO66tayXeM1Vzjrtg=',0,1,0,'2013-11-01 13:02:43','2013-11-01 13:02:43'),(17,'abhishek','Abhishek Agrawal','','abhishek.agrawal36@gmail.com','pbkdf2_sha256$10000$7tG5DIwCBXhf$pEEDkpiOb4cLzauJdMNrnfeRVghHWr147V1l+NnvIOM=',0,1,0,'2013-11-01 13:02:43','2013-11-01 13:02:43'),(18,'saitejo','Sai Tejo Kiran E','','sai.tejo.kiran@gmail.com','pbkdf2_sha256$10000$8EOSlzC7ZLhn$w0ky3D2RYJHoyyzHL/Ckk/7oqzgItf4o1dsdoYKESFs=',0,1,0,'2013-11-01 13:02:43','2013-11-01 13:02:43'),(19,'nitya','Nitya Saldanha','','nitya.saldanha@gmail.com','pbkdf2_sha256$10000$gwwtcwxGhgso$kaQx5iZRa+JRQu2DQPqYuQ8tBIc09dANMCLArOjQAVw=',0,1,0,'2013-11-01 13:02:44','2013-11-01 13:02:44'),(20,'jozzire','Jozzire Lyngdoh','','jozzire@gmail.com','pbkdf2_sha256$10000$pTpOy31UZTwH$4K3LhwwKN/yWSWqYn0Y8NiHbRhLwl4sWcXBpnqEJQMA=',0,1,0,'2013-11-01 13:02:44','2013-11-01 13:02:44'),(21,'nawin','Nawin Krishna RK','','nawkri007@gmail.com','pbkdf2_sha256$10000$XH4ss7VHpOES$ijbRNW6Pipl2nIGdBP6YW7aYrRuG7KPATbHngmtm130=',0,1,0,'2013-11-01 13:02:44','2013-11-01 13:02:44'),(22,'sujidhar','Sujidhar S','','sujidhar41@gmail.com','pbkdf2_sha256$10000$OwC66He0TkCd$shJ32Zrc80PhOHixSBES1t1fvw38/RNOQO/v5zZSbFM=',0,1,0,'2013-11-04 11:45:52','2013-11-01 13:02:44'),(23,'saideep','Saideep Karipalli','','sdrightnow@gmail.com','pbkdf2_sha256$10000$UlscXCJRtSyO$ziqwTOD1dmc+k6qdvXJ6g3MQcn/etVp27+PGDDvRhe4=',0,1,0,'2013-11-01 13:02:45','2013-11-01 13:02:45'),(24,'nandu','Nandakishore MM','','nandakishoremmn@gmail.com','pbkdf2_sha256$10000$IMlX6Oqag1I3$ga81VKhEUGq3uCoctdKVOd739i79Br3oX9dUlbCkG84=',0,1,0,'2013-11-09 12:57:20','2013-11-01 13:02:45'),(25,'karthik','Karthikeya Viswanath','','viswanathkarthikeya@gmail.com','pbkdf2_sha256$10000$YRcksBh9GIET$VZZ6njJGGoKr6Q2pApGkg+SPkojaC6yWnJNpx98tHmM=',0,1,1,'2013-11-09 14:24:20','2013-11-01 13:02:45'),(26,'harika','Hari Kakarla','','hari.ce28@gmail.com','pbkdf2_sha256$10000$bhO1AaimRxtB$uop60Iyn4KPXNNMEB+avlhOq5bjHpBVqnXtW2DwOwjM=',0,1,0,'2013-11-02 01:00:01','2013-11-01 13:02:46'),(27,'eswar','Eswar Chand Reddy','','eswarchandreddy@gmail.com','pbkdf2_sha256$10000$Hy1UZklm0lF3$DyHCA+s1Sw/KHVR0W6SNcIqEct+/9rhzACuFSjh/ll8=',0,1,0,'2013-11-01 13:02:46','2013-11-01 13:02:46'),(28,'ae12b002','Anandu Bhadran','','itsananduambadi@gmail.com','pbkdf2_sha256$10000$gb3PMyTfeOhC$I/SyB/yTDojx3+r0Z56veik/TgnVOliFdq6Ln5TFf9I=',0,1,0,'2013-11-05 15:07:26','2013-11-01 13:02:47'),(29,'ed12b038','Piyush','','piyushthesmart@gmail.com','pbkdf2_sha256$10000$DoUuHv3NvIk5$fonpVoRQoziaKEJmzSid3VV6/Hz29WvLyWnZ++B0dNk=',0,1,0,'2013-11-01 13:02:47','2013-11-01 13:02:47'),(30,'ee11b045','Vinay Kumar Tulluri','','tulluri.vinaykumar@gmail.com','pbkdf2_sha256$10000$HuH49vI0Hkf8$vvRFiToaZJRSZB7JsQ4c+wT61nzh8lEMgca/WlhZuRU=',0,1,0,'2013-11-09 17:36:02','2013-11-01 13:02:47'),(31,'ee12b076','Aparna Mohan','','aparna.april321@gmail.com','pbkdf2_sha256$10000$a4CAjccXwvvD$o+1JA79szoCtoY1eWCZXGdqQaWTtnF1jhmV5Io1qz3Y=',0,1,0,'2013-11-03 03:42:45','2013-11-01 13:02:48'),(32,'ep12b027','Varun','','varunkumarvaleti@gmail.com','pbkdf2_sha256$10000$lLQO4BDHAIzp$BsIVH40wp2Nrvgfnflvk7pcx3FJnAjpOGRE5vALIH+E=',0,1,0,'2013-11-01 13:02:48','2013-11-01 13:02:48'),(33,'hs11h010','Arya Prakash','','arya.aryan666@gmail.com','pbkdf2_sha256$10000$S59EOTADboda$UjK+ifFsDSRFlWXcFq+Wm2kjMWqk73wCzrW/86ddDW0=',0,1,0,'2013-11-01 13:02:48','2013-11-01 13:02:48'),(34,'me12b072','Vimal Aditya','','vimaladit95@gmail.com','pbkdf2_sha256$10000$Rf4s6VYTcMpr$F6LnVZoKySe8QWgqBLPzCm0NfD2FfKq7XrvjcT5LIHE=',0,1,0,'2013-11-01 13:02:49','2013-11-01 13:02:49'),(35,'me12b127','Aditya Bhaskar','','aditya.bhaskar.15@gmail.com','pbkdf2_sha256$10000$J7QUgTAND6XW$yqpNiunk3iITwTbiIx7YQgylvWTWrf6SssAZhIv3HnQ=',0,1,0,'2013-11-01 13:02:49','2013-11-01 13:02:49'),(36,'be12b006','A Dinesh Kumar','','kumar.dinesh.dak@gmail.com','pbkdf2_sha256$10000$JczGMuDhRJgi$74InZFR5ypBBSqL13zUv73iL25994/Ws2Y0JlMw9bsg=',0,1,0,'2013-11-01 13:02:49','2013-11-01 13:02:49'),(37,'cs12b043','Gayathri M','','gayathrimeka@gmail.com','pbkdf2_sha256$10000$X8hDyUpgGA6j$BfTV7+Hd9XHGvMcy0mGpQNnLyScSN+TnRdamyvSZzuA=',0,1,0,'2013-11-01 13:02:50','2013-11-01 13:02:50'),(38,'ed11b050','Kumar Mridul','','kmkinglucky@gmail.com','pbkdf2_sha256$10000$JfkBMIT4Irad$JUDvXsSbanoH2NtCkf4/ogBcL5k/I1PKXmXJdQObiAM=',0,1,0,'2013-11-01 13:02:50','2013-11-01 13:02:50'),(39,'ed12b007','Animesh Bagora','','animesh.bagora@gmail.com','pbkdf2_sha256$10000$XwPRcMexywxH$59X4paj3doztIAaDL8Qi/R6qu1rv14GztDWLj3heIQ8=',0,1,0,'2013-11-01 13:02:50','2013-11-01 13:02:50'),(40,'ee12b073','Akshat Dave','','adaveiitm@gmail.com','pbkdf2_sha256$10000$vzivBfNxDExh$BAUQiU6eHVVQSq2xts7k0zfTCRYm5OjDFr+6EfdNyZ8=',0,1,0,'2013-11-01 13:02:51','2013-11-01 13:02:51'),(41,'ee12b124','Sachin Nayak','','sachinnayaklris@gmail.com','pbkdf2_sha256$10000$BKz5m8RqrZxN$oJZwLuFWs2P3IvPh38I+BLwPCHgWJqC5LqnhuCaNRBM=',0,1,0,'2013-11-01 13:02:51','2013-11-01 13:02:51'),(42,'me11b055','Santhosh Kumar V','','sunnyk10@gmail.com','pbkdf2_sha256$10000$hv86EaDQLpEc$q6O1BTNkx3FFc9OTqME8KLsDn9RoW46XuwLANpCcUuc=',0,1,0,'2013-11-01 13:02:51','2013-11-01 13:02:51'),(43,'me11b108','Mithun K','','kmithun9@gmail.com','pbkdf2_sha256$10000$Ar5yPmbL18OT$HIYxIzby6dyth5VCbLh4e9dm6vmATH4frFHHryZN2dQ=',0,1,0,'2013-11-01 13:02:51','2013-11-01 13:02:51'),(44,'mm10b050','Sreedeep S','','srdp.sk@gmail.com','pbkdf2_sha256$10000$pbjlfUirm41N$BsFzJyHcrszbP+eWkSCOc6zs+hzwbgrCg5KtwlAG4Ng=',0,1,0,'2013-11-01 13:02:52','2013-11-01 13:02:52'),(45,'be12b032','Tejas Jammihal','','tejjammy@gmail.com','pbkdf2_sha256$10000$VxHQ6Bx6hzZs$n5o+7M27IdBwTJMmQoIi/8Eqj9z5whHGjrCoYxrCY7k=',0,1,0,'2013-11-01 13:02:52','2013-11-01 13:02:52'),(46,'cs11b019','Suhail M','','suhailamrebelo007@gmail.com','pbkdf2_sha256$10000$PNcYGalzvoRQ$f+B3jgWRO1bo5gWqbqaYOj41UWmYT0Eh4qHkL4+O16M=',0,1,0,'2013-11-01 13:02:52','2013-11-01 13:02:52'),(47,'cs12b044','Mitali Bafna','','mitali.bafna@gmail.com','pbkdf2_sha256$10000$Y2YEAaeVV9j9$VA3kbhpZzp3gkdUVYgOFBzaTM7otg77fl2zQEqDItk4=',0,1,0,'2013-11-01 13:02:53','2013-11-01 13:02:53'),(48,'ed11b052','Roshan Santhosh','','roshan.santhosh@gmail.com','pbkdf2_sha256$10000$hVn7dFwuqWja$sMQsGFGf3rNqfdJv0U44y+dt80qEbreljOm8UB0XPP0=',0,1,0,'2013-11-01 13:02:53','2013-11-01 13:02:53'),(49,'ed12b010','Aswin Ramesh','','aswinr100@gmail.com','pbkdf2_sha256$10000$iVtSrO3xGx8M$zUpB9m1ntuRL8bTlyCYSFvFjDp2uCShbdzwHJn8GdHk=',0,1,0,'2013-11-01 13:02:53','2013-11-01 13:02:53'),(50,'ee11b103','Sivashyam Sundar A','','sivashyamsundar@gmail.com','pbkdf2_sha256$10000$hBzmvCBgj2Ir$o22NmZ+EUz3BUhgC2fiPD0xpvYYTQQv1tpyynlwh8H0=',0,1,0,'2013-11-01 13:02:54','2013-11-01 13:02:54'),(51,'me11b095','Suraj Kashyap','','suraj.r.kashyap@gmail.com','pbkdf2_sha256$10000$95latCHSkg2I$cbYUbovbH+ZbSkhTUJZ6qR5BQECXW4BmNNyCYr91ZEQ=',0,1,0,'2013-11-01 13:02:54','2013-11-01 13:02:54'),(52,'me12b116','Rahul K ','','rahulmusiq@yahoo.in','pbkdf2_sha256$10000$jA8k1LRpVNku$JWPs04wlJGsisUjkAwHVtmfmHFebVTFgIhumC4jC5/Q=',0,1,0,'2013-11-01 13:02:54','2013-11-01 13:02:54'),(53,'me12bb094','P.Hemanth','','phemanth100@gmail.com','pbkdf2_sha256$10000$sGCL4od2sHzr$86d7LbU9wuFt+9oQXOMShzrNVgaWM3kOm91p9OOVWHc=',0,1,0,'2013-11-01 13:02:55','2013-11-01 13:02:55'),(54,'na12b032','Snehil Rayal','','srsnehilrayal@gail.com','pbkdf2_sha256$10000$PPwRXiA9v44W$UIbfJH6reJxfBgsZtp2+yTfCqEGj9/neM54NnHu74fw=',0,1,0,'2013-11-01 13:02:55','2013-11-01 13:02:55'),(55,'be12b008','Arul Praveen Reddy','','arul praveenkumar1070@gmail.com','pbkdf2_sha256$10000$32g6OECNzztv$WK3cFsQemZ//hB9+nQDKJjWPkxtZO+RQPw61HGIWTOs=',0,1,0,'2013-11-01 13:02:55','2013-11-01 13:02:55'),(56,'ce11b061','Chaitanya Y','','ychaitanya1408@gmail.com','pbkdf2_sha256$10000$Ljn2kbMFd7Pq$TsrjQEbPPSCqAYQlJOVXUQ+SOr0WX1Oid2mn1txEa9M=',0,1,0,'2013-11-01 13:02:56','2013-11-01 13:02:56'),(57,'ce12b025','Gurram Vikas','','vksgurram6@gmail.com','pbkdf2_sha256$10000$RyXpltAVOUS3$ur27U6fR+BSiZqGCwnq+L2RoQ9+koD3p+LBO1jotG08=',0,1,0,'2013-11-01 13:02:56','2013-11-01 13:02:56'),(58,'ch11b030','Jhana Murugan','','jhana.murugan@gmail.com','pbkdf2_sha256$10000$AVIY0lhW36Ku$BlEPRcTR0xrMIqX/x+acdZvayKOoI67nUmR856BCNTs=',0,1,0,'2013-11-01 13:02:56','2013-11-01 13:02:56'),(59,'ee12b016','D V Sai Charan','','venkatasaicharanreddy@gmail.com','pbkdf2_sha256$10000$1v49LkpJ4mOF$ZytnM2lsA+EfdRAOSQ5vndnbzWf0J1p3FXctXKKtAIM=',0,1,0,'2013-11-01 13:02:57','2013-11-01 13:02:57'),(60,'ee12b028','K. Sameer Kumar','','sameersam972@gmail.com','pbkdf2_sha256$10000$8zuQFxcNACcy$OM1rVCr4pN2+ONFoZ9HHayaDjsPGpyStydL2CYeAH0Y=',0,1,0,'2013-11-01 13:02:57','2013-11-01 13:02:57'),(61,'ee12b034','L. Tharun Bhaskar','','tarunbhasker2599@gmail.com','pbkdf2_sha256$10000$n9HhhYzyCZty$NKLxcfzAoca8PBYRZlHejMQjzWdIDalJxvNzt7uPHyw=',0,1,0,'2013-11-01 13:02:57','2013-11-01 13:02:57'),(62,'ae11b051','Sandeep Ch','','chituprolusandeep@gmail.com','pbkdf2_sha256$10000$6dQiABISKbZ1$AAQCi4vgNIZ3sE9hLNFycXF/awlyYZSiGxEGg5k3uEw=',0,1,0,'2013-11-01 13:02:58','2013-11-01 13:02:58'),(63,'ce11b017','Govind.A','','govindananthu@gmail.com','pbkdf2_sha256$10000$4oiGzUj0EEPU$teZdvAKJZZLBjKynFcDpwBIpSOHLHBr1UXiR72dAAkI=',0,1,0,'2013-11-01 13:02:58','2013-11-01 13:02:58'),(64,'ed11b012','Danam Tilak','','dbntilak@gmail.com','pbkdf2_sha256$10000$Z29a1xri36Pr$drQb8puG3Vj/orN/hOHOX1m3rS1GUyWDfiC9FON1RL4=',0,1,0,'2013-11-01 13:02:58','2013-11-01 13:02:58'),(65,'me11b131','John Thomas','','johnny04thomas@gmail.com','pbkdf2_sha256$10000$cd9zr34BftwZ$WYL8r5AA+rJ1tGg6Whc7RbYF1M9hn52d9dyUKhE6K2Q=',0,1,0,'2013-11-01 13:02:59','2013-11-01 13:02:59'),(66,'mm11b006','Arun.B','','arunbalan.rpt@gmail.com','pbkdf2_sha256$10000$l3mi9RD7sMaC$uTZA9oFB53uOFQeWbjzJzhrB/6bJTdOS9QkbWHvumkc=',0,1,0,'2013-11-01 13:02:59','2013-11-01 13:02:59'),(67,'na10b017','Mahesh Meena','','meenamahesh29@gmail.com','pbkdf2_sha256$10000$cSmiNyrvYrfX$30p5QI4t+9oGqqcuGp9ws3Ztn51JBuidifslzOW4JDk=',0,1,0,'2013-11-01 13:02:59','2013-11-01 13:02:59'),(68,'ae11b022','Mohammed ','Shafeeq E T','mohammedshafeeqet@gmail.com','pbkdf2_sha256$10000$X3PrOiIqDRwe$7v/nbuyGoZKCI5u9COaYpcPamyYu19eZcGRNzSiYgCI=',0,1,0,'2013-11-07 16:30:30','2013-11-01 13:03:00'),(69,'ch10b036','Siva Kumar','','siva091092@gmail.com','pbkdf2_sha256$10000$oRKHUM1S6JLB$CgetqrkRZqBBwvgdWqmswbOY5xyzN/gnYBHmQNRWiY8=',0,1,0,'2013-11-03 09:08:23','2013-11-01 13:03:00'),(70,'ed11b053','Saneeth','','saneeth007@gmail.com','pbkdf2_sha256$10000$1yf6Z9afoE73$cO5O6Z9w89TQd2qbnYM7ZowhSVXpFpthmsrMaTZxTls=',0,1,0,'2013-11-01 13:03:00','2013-11-01 13:03:00'),(71,'ee10b083','K.Rajesh','','raj16iitm@gmail.com','pbkdf2_sha256$10000$7g8b8X7HpD7F$upL1L1ewDt1kZ0J/5Jpe8CAME6rYZv4HDPb5X2DEgrA=',0,1,0,'2013-11-01 13:03:00','2013-11-01 13:03:00'),(72,'me10b075','Vishranth','','vishranth.suresh@gmail.com','pbkdf2_sha256$10000$QqefDPLSgZ2t$ou5W3HtTVveN1V8JG24qHQYoVei6/VUH59MlyxeVw0M=',0,1,0,'2013-11-01 13:03:01','2013-11-01 13:03:01'),(73,'me10b102','Arpan Venugopal','','arpan.venugopal@gmail.com','pbkdf2_sha256$10000$qKegfO3McJeO$3hd+M1RKLDP8KEIVuQKYniY94WcWd4UV1oLTUU4lxY8=',0,1,0,'2013-11-01 13:03:01','2013-11-01 13:03:01'),(74,'me10b144','M.S.V.S','Prasad','prasad.msvs1993@gmail.com','pbkdf2_sha256$10000$dUtoQt8qEq8f$19MHg4LZ2qYdXqnU7jJ2dxRb/hJYPWdXVPGAtGZ+/r4=',0,1,0,'2013-11-04 16:33:24','2013-11-01 13:03:01'),(75,'ae11b027','Rathod Suraj','','rathod.suraj177@gmail.com','pbkdf2_sha256$10000$lgZt79uDt4Nh$yVaH8zwnvxIUpsjrKjan+AdgHRymEfnkPEiD9wdHv98=',0,1,0,'2013-11-05 00:14:31','2013-11-01 13:03:02'),(76,'na11b017','Mithun T M','','mithuntm7@gmail.com','pbkdf2_sha256$10000$9beZo7koDB6r$H+wDDqcBUI+pVTIagG7/ajEuLK20eWAGCX80a+FBXu8=',0,1,0,'2013-11-01 13:03:02','2013-11-01 13:03:02'),(77,'ce11b041','Pradeep Kumar Pedametla','','pradeeppedametla@gmail.com','pbkdf2_sha256$10000$bZpTPaoTSDx2$saHPpOb674c8/J8dd8J9tSbyycJ8qc7e1varY8WoRyU=',0,1,0,'2013-11-01 13:03:02','2013-11-01 13:03:02'),(78,'ce11b044','Polumuru Ravi','','email@email.com','pbkdf2_sha256$10000$0554IiIZvyFI$XfXV6T9iZzOFLfAhHoUzLmt7ji+0I0ZuoEodvf5uKFI=',0,1,0,'2013-11-01 13:03:03','2013-11-01 13:03:03'),(79,'ce11b056','Suresh Manupati','','sureshmnpt@gmail.com','pbkdf2_sha256$10000$71s8IJAcO1Dg$o6CUM5p4DZa2mjSffRiheUwfarXmZt8thQh2yHUdJrc=',0,1,0,'2013-11-01 13:03:03','2013-11-01 13:03:03'),(80,'ch11b034','Madhav Eleswarapu','','eleswarapu.madhav@gmail.com','pbkdf2_sha256$10000$EveF6FJpPqqN$iTKvcZobGRmvXaqOSX7FIVn6KtpD5hpf4jSyOZemBtA=',0,1,0,'2013-11-01 13:03:03','2013-11-01 13:03:03'),(81,'ch12b049','Poojan Inkiya','','poojaninkiya17@gmail.com','pbkdf2_sha256$10000$cNR5Yz8KjS07$52TY0p0Klh0V7+kYIAKbcLL3fKBGu3bF4bTnwz1Snoo=',0,1,0,'2013-11-10 09:55:54','2013-11-01 13:03:04'),(82,'cs12b035','B.V.V.S.N Suresh','','nagasuresh1995@gmail.com','pbkdf2_sha256$10000$YGziUzBp2K0i$IK5a8Izv9Kb2+Xs36FBOre1YyMhuqCq2bYSrSIaA9j4=',0,1,0,'2013-11-01 13:03:04','2013-11-01 13:03:04'),(83,'me11b117','R Srinivas Ramanand','','srinivasramanand@gmail.com','pbkdf2_sha256$10000$0fc1fob6g9Je$jgn0ZKIi0mu8ywuLTGAo9AM02ASID9c1AUo7sIPZYrU=',0,1,0,'2013-11-01 13:03:04','2013-11-01 13:03:04'),(84,'mm11b021','G.Mahipal Reddy','','mahipalreddyg1g@gmail.com','pbkdf2_sha256$10000$CS0xFv2yshjK$PeHGtY+trVG//8SVMqTHoH70Iyn9GAsLcQ5EV94v38I=',0,1,0,'2013-11-01 13:03:05','2013-11-01 13:03:05'),(85,'na11b038','Jose Paul','','josepaul92@gmail.com','pbkdf2_sha256$10000$pk738vVGjWFo$+5cA4qIytTiavqT2Sf7QPF0L62yBq6Q1AFotqx7gXF0=',0,1,0,'2013-11-01 13:03:05','2013-11-01 13:03:05'),(86,'ce12b024','G Sai Revanth','','sairevanthg.94@gmail.com','pbkdf2_sha256$10000$eZOHOhiNvMZk$xYo7fWVmymtlfx0mQKpCGopTwavXXJW3ZXxIPzTXUuU=',0,1,0,'2013-11-01 13:03:05','2013-11-01 13:03:05'),(87,'cs12b019','M Rohith Kumar','','mrylrhtkmr1994@gmail.com','pbkdf2_sha256$10000$IWJvY6YUfl1g$kKiiE6XGWO3JEswdwJL0SM5uMIwM44T2PpDOkXMx30g=',0,1,0,'2013-11-01 13:03:06','2013-11-01 13:03:06'),(88,'ee12b001','Abhiram G','','abhiram.g94@gmail.com','pbkdf2_sha256$10000$TBr1ODDVnzJ8$CT6KYBopqIxerdE29s+a2ZUr5sg3oZXj3OiTyaiDtCE=',0,1,0,'2013-11-01 13:03:06','2013-11-01 13:03:06'),(89,'ee12b053','Srikanth P','','srikanthprabala94@gmail.com','pbkdf2_sha256$10000$Rgq2Xw9pMRrw$wHt/EkQXoyKLYZUafYINLkE53cb0lxboDS3L1ZTzT1Q=',0,1,0,'2013-11-01 13:03:06','2013-11-01 13:03:06'),(90,'me12b038','M Vinodh Kumar','','uniquemvk@gmail.com','pbkdf2_sha256$10000$D2vBfrHUpXrv$W8lXzf4o0esFMOEq34sHQh6nKdunmmcaE7KcvPOABYs=',0,1,0,'2013-11-01 13:03:07','2013-11-01 13:03:07'),(91,'me12b129','B Venu Nikhil Yadav','','venunikhilyadav@gmail.com','pbkdf2_sha256$10000$Klxs1UB8qWGq$XEZHCDaHjjBzWbgtg8mgVcu+Z5Mhmu9Qe423TK4S7rw=',0,1,0,'2013-11-01 13:03:07','2013-11-01 13:03:07'),(92,'ce12b045','P. Amar Siva Santosh','','siva.sntosh2020@gmail.com','pbkdf2_sha256$10000$sA9oAHKyDK7G$b/FnpF0EyWCDna81KE9whlhxiwnoS/QOpkB8scdS/m0=',0,1,0,'2013-11-01 13:03:07','2013-11-01 13:03:07'),(93,'ce12b051','Rony Gracious','','rony.grcs@gmail.com','pbkdf2_sha256$10000$JNIdqPKnoEiC$CkGXGv2RhKGQj2oUplzbyB5/LKNX/3Dov3PfZqtWURc=',0,1,0,'2013-11-01 13:03:08','2013-11-01 13:03:08'),(94,'ce12b060','T. R. Mourya','','severussnape1994@gmail.com','pbkdf2_sha256$10000$nxIdFAHZ6FGS$Oje/rEmQ8t3anx9tASt1yz3x3xZc82EOD6xhwL5o6TQ=',0,1,0,'2013-11-01 13:03:08','2013-11-01 13:03:08'),(95,'ce12b064','V.Praaveenyan','','vangarapraavi@gmail.com','pbkdf2_sha256$10000$cA4mPxK5W9lv$OcfM54N3HGClGjirGp31UDH/GzB5ARQlCMxjIOQg9Yo=',0,1,0,'2013-11-01 13:03:08','2013-11-01 13:03:08'),(96,'ce12b073','R.Sowrya','','mail2sowrya@gmail.com','pbkdf2_sha256$10000$aW7wcPK37Rsv$5qF3HQ2aWYT9OMPPsB5Z8kJ91YIjhWLEu2ACn5Qnaxs=',0,1,0,'2013-11-01 13:03:09','2013-11-01 13:03:09'),(97,'ce12b076','A Sethu Madhavan','','sethumadhavan195@gmail.com','pbkdf2_sha256$10000$YsSnlxY2GpuB$LNV5zGWcMlJpr9xYhlo33Hak+gkrdem4zXercb6aBWo=',0,1,0,'2013-11-01 13:03:09','2013-11-01 13:03:09'),(98,'ce12b090','G.K.V.Yogesh (Stamp)','','yogeshgkv@gmail.com','pbkdf2_sha256$10000$JVf5aPXTLuTH$b4QD6rJDUkVYgxAL+ehOUjjUsw09MhXsad2YWiX/ueg=',0,1,0,'2013-11-01 13:03:09','2013-11-01 13:03:09'),(99,'ce12b091','G.Jeevan','','gonajeevan@gmail.com','pbkdf2_sha256$10000$Y4c4Tg6geCoz$EfS0YG7hcjvxJ79hnQQnnOJ+k4/l5lZ/4IgGVqx8ZrY=',0,1,0,'2013-11-01 13:03:10','2013-11-01 13:03:10'),(100,'ch12b004','Aditya U','','aditya1759@gmail.com','pbkdf2_sha256$10000$i6bnERHm4TfU$Oy4PpUkbonoG2o3CQZ0Yuy9pT+48gRawMy14/PDEof4=',0,1,0,'2013-11-01 13:03:10','2013-11-01 13:03:10'),(101,'ch12b037','M.Raghavender','','raghu133mandadi@gmail.com','pbkdf2_sha256$10000$rjknBuZvYYeq$K8R3vg0IigLFKfeo9/KYDD65HQQTtaXGOghbQ+dVBhA=',0,1,0,'2013-11-01 13:03:10','2013-11-01 13:03:10'),(102,'ch12b042','Mukhil Warner T','','mukhilwarner@gmail.com','pbkdf2_sha256$10000$y2QiWWzX9spV$y2I5Avl12YoRKuTmSprTi/PESfHtBmc7oEAhseNDp0k=',0,1,0,'2013-11-01 13:03:11','2013-11-01 13:03:11'),(103,'ed12b015','D.Ch Saiteja','','teja.3b@gmail.com','pbkdf2_sha256$10000$PgY1uDK2orfj$c3lh3pwwxTGnXDKO9m0AUlsHqSVmjCNvH7bU68Bbwnk=',0,1,0,'2013-11-01 13:03:11','2013-11-01 13:03:11'),(104,'ed12b039','P. Pavan Subhakar','','pavanpucha12@gmail.com','pbkdf2_sha256$10000$WcRuOLYjdmAn$USyOltiEGzBJBsQsUtJOI/yoAs6cJnh8ev8Q1CT9dxE=',0,1,0,'2013-11-01 13:03:11','2013-11-01 13:03:11'),(105,'ee12b005','Akshay Elencheran','','akshayelencheran@gmail.com','pbkdf2_sha256$10000$CzTb9Zr3UYbG$kQpI5WnYRl/ObLok61/u82oVwK+0ajGSSuUcAqQYqqc=',0,1,0,'2013-11-01 13:03:12','2013-11-01 13:03:12'),(106,'ee12b018','Geethik Narayana.K','','geetu.kamineni@gmail.com','pbkdf2_sha256$10000$O9pPAksyiba2$qNpEC5PJqte2U+6WCoxySj2NdFGsvHSpDKy6kywZJbg=',0,1,0,'2013-11-01 13:03:12','2013-11-01 13:03:12'),(107,'ee12b039','M.Akhil Danam','','akhil.jesus@gmail.com','pbkdf2_sha256$10000$EmFJro3EBoz5$uzXhjD8HamTks7aGW6gxves+BD4W8jDi56D/XyW3xao=',0,1,0,'2013-11-01 13:03:12','2013-11-01 13:03:12'),(108,'ep12b013','Malge Akash Ramesh','','akashmalge3@gmail.com','pbkdf2_sha256$10000$txeIpy4W96vD$0UypdV1liUlvJm2Wo4s5svs4uzC/PtYmX+SErblnf3Y=',0,1,0,'2013-11-01 13:03:13','2013-11-01 13:03:13'),(109,'hs12h011','Avienaash','','avienaash24@gmail.com','pbkdf2_sha256$10000$YNR4Op2vGDLN$FAbXLLnjFTcrbWdTFi1JZxItoekUVxCbkNcT/IkqgsU=',0,1,0,'2013-11-01 13:03:13','2013-11-01 13:03:13'),(110,'me12b019','E Viswanath','','vishwanath.edunuri1@gmail.com','pbkdf2_sha256$10000$g70bGyzJns3D$woTlH7LLQ+oWk1C65BKupC1YBTU0fkR71gJgaF48So4=',0,1,0,'2013-11-01 13:03:13','2013-11-01 13:03:13'),(111,'me12b025','I Yashwanth','','yashwanthmech25@gmail.com','pbkdf2_sha256$10000$fq20ItRF3PiT$ZKvDSzmv6G/vgHTlNkiC7Unc+oiI+RK6lkB3lin5/d8=',0,1,0,'2013-11-01 13:03:14','2013-11-01 13:03:14'),(112,'me12b026','J Koushick Balaji','','balajikoushick@gmail.com','pbkdf2_sha256$10000$tnL5Sqg6Q3La$EBGZU/QF8I2Pcosds3+5RDUHV8amDY1Wh4SkdJOpmU0=',0,1,0,'2013-11-01 13:03:14','2013-11-01 13:03:14'),(113,'me12b044','Nandu S','','nandusadanandan94@gmail.com','pbkdf2_sha256$10000$xsqlIvHw4RRv$iOeg0U+bxcZkDWqh3CvjnZxg4oY+eRi5yZc6MuqRwcU=',0,1,0,'2013-11-03 07:24:49','2013-11-01 13:03:14'),(114,'me12b053','P.Bala Rama Krishna Koushik','','krishnakoushik.vastav@gmail.com','pbkdf2_sha256$10000$9SwqoO3E2G5n$6SGh9WXgl3utNp1nBL8El9cFsVvnn6ZdGQ24gTTXe7E=',0,1,0,'2013-11-01 13:03:15','2013-11-01 13:03:15'),(115,'me12b106','G.D.Ravi Kumar','','ravigollapudi94@gmail.com','pbkdf2_sha256$10000$uS5VFFLaOG6H$UdOdiZtJsyyS5utQrUFkFxvQ1cZDPwS/Lyaw991qf3k=',0,1,0,'2013-11-01 13:03:15','2013-11-01 13:03:15'),(116,'mm12b005','V Ashwin ','','ashwinsmarty22@gmail.com','pbkdf2_sha256$10000$U60lnVZk8zIm$WJJcIDQhU3nXcppiPdnRNzc8Hm+wEhPq/YZawtLkQEE=',0,1,0,'2013-11-01 13:03:15','2013-11-01 13:03:15'),(117,'mm12b024','R.V.S. Sai Reddy','','saireddyramireddy19@gmail.com','pbkdf2_sha256$10000$o917CksvQsZt$Vdfkqj7LcWebl1f+1cELN22ETR/Rqs/+djdKtXCafFM=',0,1,0,'2013-11-01 13:03:16','2013-11-01 13:03:16'),(118,'mm12b041','M.Harihara Prabhakar','','dhonisfanhari@gmail.com','pbkdf2_sha256$10000$2tj5UzBlKjtp$dq9Wb32TEHy1PN+UiBoRdtB/WhuUSka2fmP50vgLSIE=',0,1,0,'2013-11-01 13:03:16','2013-11-01 13:03:16'),(119,'mm12b046','S.Krishna Chaitanya','','chaitanya.saikam@gmail.com','pbkdf2_sha256$10000$v3C08X4I4PYe$138NihLqes6BDAnDgNgUZhc8HKfW5VEgDuI1WZ6sFJQ=',0,1,0,'2013-11-01 13:03:16','2013-11-01 13:03:16'),(120,'na12b049','G Ravi Teja','','ravitejag.2012@gmail.com','pbkdf2_sha256$10000$m1fY9VQFRrn0$txlNrmIJXnSzZlK4qiukocJCGd1HM4fuJVlwjswNSJg=',0,1,0,'2013-11-01 13:03:16','2013-11-01 13:03:16'),(121,'ce12b009','B Akash','','athleticakash@gmail.com','pbkdf2_sha256$10000$y0Y0AL76N4Fo$7PciYwg0jdA0UOKRG0xerEGx2K+8lcrwHBpUMrWxs74=',0,1,0,'2013-11-01 13:03:17','2013-11-01 13:03:17'),(122,'ce12b030','K.Kashyap Reddy','','kashyapreddy123@gmail.com','pbkdf2_sha256$10000$muVhcJZtDpDf$CA819uMwnn07nS0buJJwhw1VCnTqTGyK5LejvPLL8h8=',0,1,0,'2013-11-01 13:03:17','2013-11-01 13:03:17'),(123,'ce12b031','L Praneeth','','lingampraneeth@gmail.com','pbkdf2_sha256$10000$vFx40DkjmAM0$LEwQXrcMKfZVjbuaa5/fwcCgOJ5tndoEZvpV150mmGc=',0,1,0,'2013-11-01 13:03:18','2013-11-01 13:03:18'),(124,'ed12b036','P.Durga Chandra Sekhar','','dcsekhar1995@gmail.com','pbkdf2_sha256$10000$9mLF3uikC1K3$S1WqADAbdMpHN+VKPhs1+iKfMBPFU+cAipUJmyCKu34=',0,1,0,'2013-11-01 13:03:18','2013-11-01 13:03:18'),(125,'ee12b024','G.Yeswanth Reddy','','venkatkrishna312@gmail.com','pbkdf2_sha256$10000$o9iWB4hjMV0o$tk9H21j6taAJ6NBp5L1NnZoqZcNx10DyEosk3w79BOU=',0,1,0,'2013-11-01 13:03:19','2013-11-01 13:03:19'),(126,'ee12b057','T.Manoj Kumar','','manojkumar.tangella@gmail.com','pbkdf2_sha256$10000$FHDBF5dHdPam$OJ+dsaPtqaO9FsjHwd7U03JehgpdaF8xSlb0TvHNyh8=',0,1,0,'2013-11-01 13:03:19','2013-11-01 13:03:19'),(127,'na12b001','A.L.P.Rayudu','','abbireddynani@gmail.com','pbkdf2_sha256$10000$jCxheeQAqazP$YXrodeetzX+gMP/ssYE9EM96+mj5paUcMBww0Nlmx8Y=',0,1,0,'2013-11-01 13:03:19','2013-11-01 13:03:19'),(128,'ae11b010','G Sanjay Kumar','','gsanjay94@gmail.com','pbkdf2_sha256$10000$KbK1oY26PSWr$SX0Pxcg2tVQGaTI3Hpkjr9cTIIPd2kylxtzbPYikQP4=',0,1,0,'2013-11-01 13:03:20','2013-11-01 13:03:20'),(129,'ce12b046','B.Pankajdeer','','pankajdeer.deer76@gmail.com','pbkdf2_sha256$10000$6XFGHpqlPYGj$D3kvW4UNwO75n38Ksum/XVfUJk3VsoVLExvrA269DTY=',0,1,0,'2013-11-01 13:03:20','2013-11-01 13:03:20'),(130,'ed12b042','Sandeep Rajkumar.K','','sandeep.sujitha@gmail.com','pbkdf2_sha256$10000$6Gv7oqksYh6I$OrKrJsgQbMzr0pHpVtcXHE1Q5KaK0oKD3CCedK9CoMA=',0,1,0,'2013-11-01 13:03:20','2013-11-01 13:03:20'),(131,'me11b014','Raghava D S S','','raghavadss@gmail.com','pbkdf2_sha256$10000$xhchDJ2iNM4u$5X0zorOjcZ3ZT8veJwz2F6JsIFlkDqlYocvLSuDZaOk=',0,1,0,'2013-11-01 13:03:21','2013-11-01 13:03:21'),(132,'me11b015','Srinivas Teja Deeyala','','dsteja741@gmail.com','pbkdf2_sha256$10000$xaEX24HGpKd3$tOIYW6Byp3pH+2Ed9fQoUjUGYIMi1KWjw8Ig9/XrYMo=',0,1,0,'2013-11-01 13:03:21','2013-11-01 13:03:21'),(133,'me12b011','Bipin Babu','','jamaicanthunder@gmail.com','pbkdf2_sha256$10000$msYhnXgy0fis$9trol6liYkFRA8Z+aj/CiZ3AaZnRQQrYAwyn8dajod4=',0,1,0,'2013-11-01 13:03:21','2013-11-01 13:03:21'),(134,'me12b046','Nellore Venkatesh','','venkinellore310@gmail.com','pbkdf2_sha256$10000$mnLLCV7OQurC$yewpz1Gbv3Ahsz4ubZApwtxY9+jsOCdaa4oM+3kcE9k=',0,1,0,'2013-11-01 13:03:22','2013-11-01 13:03:22'),(135,'me12b128','Akshaykumar. V. Gunda','','akshaygiitm@gmail.com','pbkdf2_sha256$10000$OtmagOXkYguW$/F+paeUo2GWrmA+AQwsmRLhk18GtRQfQYe4TxhJby4k=',0,1,0,'2013-11-01 13:03:22','2013-11-01 13:03:22'),(136,'be12b010','G.Sreeharsha','','sreeharsha68shg@gmail.com','pbkdf2_sha256$10000$0HgDJvyJgm2O$WEnJXv8C8Yxv9jmoe1y0jQY6C6mhdUpALqCe6rdYGwc=',0,1,0,'2013-11-01 13:03:22','2013-11-01 13:03:22'),(137,'bs12b051','M.Bhavana','','bhavana.martha@gmail.com','pbkdf2_sha256$10000$mblULIKC9N6Z$BIjwNuo4PRi2cc1lxy2h4aNYi+qSVC7jvzJ0orJPtjg=',0,1,0,'2013-11-01 13:03:23','2013-11-01 13:03:23'),(138,'bt11b013','Dhiran Jamana','','dhiranjamana27@gmail.com','pbkdf2_sha256$10000$7Qi6CdwqyPsk$pbyFwycUnAFFpuIP5WzcUq9Sy7FIsuQzasJ1f5Bhrrc=',0,1,0,'2013-11-05 15:25:00','2013-11-01 13:03:23'),(139,'ce11b003','Swapnika Amancha','','swapnika29593@gmail.com','pbkdf2_sha256$10000$goGQHlxye72y$nbL7OKI0xoxRgkyvccx430vJD3b1srXKBBeLjwiFDdw=',0,1,0,'2013-11-01 13:03:23','2013-11-01 13:03:23'),(140,'ce12b011','Vinay Kumar B','','vinaybyri99@gmail.com','pbkdf2_sha256$10000$j6gYyNND70be$zhP0RMnyH43o9SdWgD83DfgNI0cjL2PASz+U0PEPgow=',0,1,0,'2013-11-01 13:03:24','2013-11-01 13:03:24'),(141,'ce12b012','Mythri B','','mythri962@gmail.com','pbkdf2_sha256$10000$FB5MHEVuhSyF$RjphR/J+UuAY2UEPMsKZWN8J/CXH7vrY+Pp7ZQFdE4w=',0,1,0,'2013-11-01 13:03:24','2013-11-01 13:03:24'),(142,'ce12b039','Sai Keerthi Priya N','','nallagatla.keerthi@gmail.com','pbkdf2_sha256$10000$cB5JwvlWUeFM$QD2/qELk+F+ULLSKidNGpHlKLTtA1e2G/kCFvxYxsUc=',0,1,0,'2013-11-01 13:03:24','2013-11-01 13:03:24'),(143,'ch11b067','Thejus R','','thejusroe@gmail.com','pbkdf2_sha256$10000$YOp0xO4cniE7$DtaW4OUKAqV8Hg+mHEHC4DsGUd6G8sVU2VPMTmPTyn8=',0,1,0,'2013-11-01 13:03:25','2013-11-01 13:03:25'),(144,'ch12b052','R Mounica','','mounica95.rudra@gmail.com','pbkdf2_sha256$10000$7beNvEeOIUPV$P3NVpn2TIXuX3qymHWi4Q95NKzCs9XLQuXIFsYb2kf8=',0,1,0,'2013-11-01 13:03:25','2013-11-01 13:03:25'),(145,'ch12b073','V Harish','','harishv1337@gmail.com','pbkdf2_sha256$10000$Mp1mwS1HUsk9$3mv1FyBmW/rJvk8rtt8/usnRVsGFUjyMVySMGtcxKWo=',0,1,0,'2013-11-01 13:03:25','2013-11-01 13:03:25'),(146,'ed11b002','Adithya Ramesh','','adi420rmsh@gmail.com','pbkdf2_sha256$10000$F6ZGy9GOi3ED$D1USrCr+jqipoUfoyu2kYmnxGzoSdeSjSiLq4XUAno0=',0,1,0,'2013-11-01 13:03:26','2013-11-01 13:03:26'),(147,'ed11b055','Vishaal D','','visiitm2011@gmail.com','pbkdf2_sha256$10000$srtfNt2uXqlO$4NoNEdVP0ghZfXGpwgECXDTToCNEhV+LiNcOYZp+eqM=',0,1,0,'2013-11-01 13:03:26','2013-11-01 13:03:26'),(148,'ed12b032','Muhammed Thanzeel K A','','muhammed.thanzeel@gmail.com','pbkdf2_sha256$10000$xKu9tRaBNE6f$WJ7Z/4FyhWHyR9sx6J7hMm8xhGRt+44UHoC1apP5BT4=',0,1,0,'2013-11-04 08:11:19','2013-11-01 13:03:26'),(149,'ee12b010','B.V.Pavan Kumar','','pavankumbv@gmail.com','pbkdf2_sha256$10000$Orxg5edmuSeS$LL9kKECBQujsPOa6R4ph97hFKbG6YhfBjwptXE9cg2w=',0,1,0,'2013-11-01 13:03:27','2013-11-01 13:03:27'),(150,'ee12b052','K Srikanth','','kskanth123@gmail.com','pbkdf2_sha256$10000$xD2Q4njnjBkK$3isfN92GUaE6wtV2OEOZZXBavc7sRwTLyZ5YWlB5zmg=',0,1,0,'2013-11-01 13:03:27','2013-11-01 13:03:27'),(151,'ee12b075','Ankit Shukla','','ankit.iitee@gmail.com','pbkdf2_sha256$10000$UMflCrQLdvuX$Y5RCmzoVymlv3EfNb2qBb/Vo+dw9J9bF29dXxb6TqLw=',0,1,0,'2013-11-01 13:03:27','2013-11-01 13:03:27'),(152,'ee12b136','Sahithi Sampath Yeleswarapu','','y.sahithi@gmail.com','pbkdf2_sha256$10000$A0eyK6dUUEQl$hjLaj1kz/zDxdg+jiMtF8subm/hukVDRPJP+k1EfX1Y=',0,1,0,'2013-11-01 13:03:28','2013-11-01 13:03:28'),(153,'me11b030','Kolla Ketav Chandra','','ketavchandra@gmail.com','pbkdf2_sha256$10000$wKwc6mZXFnig$6EGQr6t542349tTVfKkR6lkUNag0oEhRMauW0JSPer4=',0,1,0,'2013-11-05 14:52:04','2013-11-01 13:03:28'),(154,'me11b065','Sunil','','sshr1211@gmail.com','pbkdf2_sha256$10000$czN20DEXNjvS$byUKm5YjEy2K5IJ+WrSMd/mUZzD/fAQpmzF4mMlekRA=',0,1,0,'2013-11-05 15:46:04','2013-11-01 13:03:28'),(155,'me11b106','D.Lakshmi Sushmitha','','susmitha.dommalapati@gmail.com','pbkdf2_sha256$10000$QkfWeitX3pY6$OKiopSn7Zvk9MK2gIbkHcb4d5X9JNENHjoeK7dVPj8o=',0,1,0,'2013-11-01 13:03:28','2013-11-01 13:03:28'),(156,'me12b017','C. Sandeep','','chitlasandeep@gmail.com','pbkdf2_sha256$10000$L1ouDQjwZVSh$YXnW2j5kxu0WWe/70yygvWvD/mioicd/dtmsJ1JSEb4=',0,1,0,'2013-11-01 13:03:29','2013-11-01 13:03:29'),(157,'me12b034','L T Abhinav Surya','','ltas249@gmail.com','pbkdf2_sha256$10000$ssUqINWJBzNH$CierFkiwwp7jl/twp5UtrxCWmGlnmGgBLRwEAJ5J/d8=',0,1,0,'2013-11-01 13:03:29','2013-11-01 13:03:29'),(158,'me12b037','M.Kiran','','mkiran1994@gmail.com','pbkdf2_sha256$10000$eEKRpac2oEVX$4tKmyC4cJi3602gUAVhY3oWEeSEpbI1q0bg6w+q2hyk=',0,1,0,'2013-11-01 13:03:29','2013-11-01 13:03:29'),(159,'me12b057','Rinkesh Virani','','rinkeshvirani742@gmail.com','pbkdf2_sha256$10000$ng6yhFJhNM5c$jXSUUWHE4kiPF+ABFV5LTAx8QdNos7uCzVCAdpC/RD8=',0,1,0,'2013-11-01 13:03:30','2013-11-01 13:03:30'),(160,'me12b167','Manu John','','manujohn2994@gmail.com','pbkdf2_sha256$10000$vpPSSzydoKTF$w0xWq8yKsYnEytTmM2d/OZ3CYRITnc3314nLmrtubvc=',0,1,0,'2013-11-01 13:03:30','2013-11-01 13:03:30'),(161,'mm11b015','Jayachandran K','','chayandran2010@gmail.com','pbkdf2_sha256$10000$YW8OtEK4aOcT$PWREiaaTK4HDfEIjjs6jryj2WmFTZXD1iPxZnoZs450=',0,1,0,'2013-11-01 13:03:30','2013-11-01 13:03:30'),(162,'mm11b023','Neelima K','','neelukad@gmail.com','pbkdf2_sha256$10000$lhjMa0UUWDUz$xmYvZlZx0cM+guD0ekVRS0ibYtj+kPbtlcO6/DZr0Dk=',0,1,0,'2013-11-05 14:50:52','2013-11-01 13:03:31'),(163,'na11b028','Rajaram','','rajaram.harry@gmail.com','pbkdf2_sha256$10000$dPhYvX1u5XwL$7keHQNyoM6wxe7aCNUgkPSYy2vh6H08ydEACWx3cfX0=',0,1,0,'2013-11-01 13:03:31','2013-11-01 13:03:31'),(164,'ch11b009','Akash Mahanjan','','akash7190@gmail.com','pbkdf2_sha256$10000$nbpXSa66Zd8D$6hxhYvNa+PQE3pX0nz9NnKhRxMNJvjlgJVZa8tcnSFA=',0,1,0,'2013-11-01 13:03:32','2013-11-01 13:03:32'),(165,'ch11b057','Varun Teja Salady','','saladyvarunteja@gmail.com','pbkdf2_sha256$10000$rubE1CXtvAR2$R/kJBcuM29kroaRdpntJ9Wg5SjpCT1ZeaFRM+vhitMo=',0,1,0,'2013-11-01 13:03:32','2013-11-01 13:03:32'),(166,'na11b025','Achyut A K','','achyutak92@gmail.com','pbkdf2_sha256$10000$V9KUOWOG3bE9$VNGoUAfEXYV7XdgdIsI2kBMW0PIbjNXOf/qvJZ2Rdgw=',0,1,0,'2013-11-01 13:03:32','2013-11-01 13:03:32'),(167,'ed11b037','Sravan Pv','','sravan271292@gmail.com','pbkdf2_sha256$10000$zv8QjMatwni7$PRtXVZXNLFN1s2gAiB4CwV1U4TQsSgrj6rEdJulKb7c=',0,1,0,'2013-11-01 13:03:33','2013-11-01 13:03:33'),(168,'ch11b094','Nishad','','nishad16acharya@gmail.com','pbkdf2_sha256$10000$kEkASLEacbd9$Et0jMA6Amis6UfIztboDceSSOIPDTMnT/IICJGc/ruM=',0,1,0,'2013-11-01 13:03:33','2013-11-01 13:03:33'),(169,'ph11b002','Aparajith','','aparajitc13@gmail.com','pbkdf2_sha256$10000$CkmWehmaEn8S$CVi+bpRNm/2NhAtn0PexUK72DuCMXwEoV30+I1fZEB4=',0,1,0,'2013-11-01 13:03:33','2013-11-01 13:03:33'),(170,'ae11b029','Reshmi','','reshmis93@gmail.com','pbkdf2_sha256$10000$1bs9mgpvMBH5$2IcePwk6/pw5ykU2NuxwK4eiD3KzIg2bisvoFOqqe58=',0,1,0,'2013-11-01 13:03:34','2013-11-01 13:03:34'),(171,'me12b144','Sudhanva Bhat','','sudhanva2601@gmail.com','pbkdf2_sha256$10000$FCPvuZjJ628E$/V/ztTtD496AB8En1LO9RJe8RVTS5GncyieLaollfDU=',0,1,0,'2013-11-01 13:03:34','2013-11-01 13:03:34'),(172,'na11b033','Vikshak J Raj Prakash','','vikshakrajprakash@gmail.com','pbkdf2_sha256$10000$297OkCgLwLs9$fphB3uIjaDNYTelAi+OldSsn4W5S/K49xoQ8Lj8QdIU=',0,1,0,'2013-11-01 13:03:34','2013-11-01 13:03:34'),(173,'ep12b009','Harish K','','harishk.wayne@gmail.com','pbkdf2_sha256$10000$LLYZbBu2TgOp$04G222cXF//U8qafsWV+2XcrBqytQkGW8OlL6loF1JA=',0,1,0,'2013-11-01 13:03:35','2013-11-01 13:03:35'),(174,'me12b067','T Srinikaeth','','srinikaeth@gmail.com','pbkdf2_sha256$10000$g819VGXvCbXE$PEKjEISRAwfVlBKVWj80C3jM6aN+c7rnoBva4ZMQALg=',0,1,0,'2013-11-01 13:03:35','2013-11-01 13:03:35'),(175,'me12b098','Srinivas Sridharan','','srinivas91094@gmail.com','pbkdf2_sha256$10000$Vrgny6tvsr4K$6tlIkjSbrbVUheiyZy5IVVl2u/urH1V6q0/IUJpwFP4=',0,1,0,'2013-11-01 13:03:35','2013-11-01 13:03:35'),(176,'cs12b055','Tapan Chugh','','chugh.tapan@gmail.com','pbkdf2_sha256$10000$3M78iuoDBZyD$IHpYuMYkPR4W7wFrvy4Vw3AXQ12zbq9kNaW15KXdPNQ=',0,1,0,'2013-11-01 13:03:36','2013-11-01 13:03:36'),(177,'hs12h014p','N.Chandrasekhar','','attnchand@gmail.com','pbkdf2_sha256$10000$8vv6xF4kfCGa$mQW2LTrxZyorfe0TErvG3YDnMiN+VcNdG7UCD+vJaY8=',0,1,0,'2013-11-01 13:03:36','2013-11-01 13:03:36'),(178,'ee12b051','Shubham Jindal','','shubhamjindal0810@gmail.com','pbkdf2_sha256$10000$w0b638jBLcx2$7aUMJTjcBn0P/Ztg9biWUPssrj+pcLuvD72HbEfQruw=',0,1,0,'2013-11-01 13:03:36','2013-11-01 13:03:36'),(179,'me12b100','Y Kiran Kumar`','','kirankumaryalamanchi123@gmail.com','pbkdf2_sha256$10000$bQoWHlqFQTYg$ov1EA5wkv7sJY4n46KmWUzyScWaHzFaC/XVhQC9dxP4=',0,1,0,'2013-11-01 13:03:37','2013-11-01 13:03:37'),(180,'ce11b080','Ruban Jacob','','ruban.jacob@gmail.com','pbkdf2_sha256$10000$Bg9SrzI0cWng$J1L02oqXl3CCC5Qcuths0FULBZQcgFjy4L/B65ktEDQ=',0,1,0,'2013-11-01 13:03:37','2013-11-01 13:03:37'),(181,'na12b025','S Arjun','','arjunshyam8@gmail.com','pbkdf2_sha256$10000$oGmr2N7wkQP6$3AqrebLWW96nMdXQyYex2UFEEYQV/Tgs1EJ+vx1wwEo=',0,1,0,'2013-11-01 13:03:37','2013-11-01 13:03:37'),(182,'na12b033','Velu K R','','whizkidvelu@gmail.com','pbkdf2_sha256$10000$c08gA0E1QV72$idMYx/HY8ZBgj2PFAN+oFOqOlwDMLKE9OECxUMZwnLo=',0,1,0,'2013-11-01 13:03:38','2013-11-01 13:03:38'),(183,'ce12b050','Rajat Yadav','','yadavrajat80@yahoo.in','pbkdf2_sha256$10000$CRVTigFk0XXv$2mqmKhFlwf8benglsnUj1kXgWUYqz9Zt9nyq/DgAR0A=',0,1,0,'2013-11-01 13:03:38','2013-11-01 13:03:38'),(184,'na12b053','Shubham Barsaiyan','','shubhbarsaiyan@gmail.com','pbkdf2_sha256$10000$KYMbgGBccG8U$2tazbaqmsOFe6NfzrN5xOwAFGYTyzhIxQTcD5J7monQ=',0,1,0,'2013-11-01 13:03:38','2013-11-01 13:03:38'),(185,'ch12b028','Harshit Arora','','erharshit.arora@gmail.com','pbkdf2_sha256$10000$DQiRhB8wUdAL$Km6XU+97oHwCRK+V74adYi0PLcJTE/Wuk9ffPj1hprI=',0,1,0,'2013-11-01 13:03:38','2013-11-01 13:03:38'),(186,'ep12b018','Rhea','','rhea.iitm@gmail.com','pbkdf2_sha256$10000$CmHUQALJi3y7$Jo9+Q5nP69RuzG2Unpv/936mYugkEkudPGy4jLbsVaY=',0,1,0,'2013-11-01 13:03:39','2013-11-01 13:03:39'),(187,'ed11b032','Ruturaj Bargal','','bargalruturaj9@gmail.com','pbkdf2_sha256$10000$LMA6zMnmeNZy$LC6f2YMQ8sIaTSoxejoAQtCrs1bqj6IH7k3+l2QZJY0=',0,1,0,'2013-11-01 13:03:39','2013-11-01 13:03:39'),(188,'bt11b025','Praphulla Nadimpalli','','praphulla.n24@gmail.com','pbkdf2_sha256$10000$JnL0HQgZSuQ3$/NwwpsV1siwp/z7C3lY6Ua3e9tOpscadzgYJaTmP1B0=',0,1,0,'2013-11-01 13:03:39','2013-11-01 13:03:39'),(189,'ee12b111','Thejaswi Havisha','','thejaswi.havisha@gmail.com','pbkdf2_sha256$10000$vDHvb7TlXRlp$h5LstesuVcOSyZXciVAtlyXZ9xQzSlvBx+Nc1CS+alI=',0,1,0,'2013-11-01 13:03:40','2013-11-01 13:03:40'),(190,'ae11b056','Rithesh S B','','rithesh1010@gmail.com','pbkdf2_sha256$10000$owvIeWFhvVCD$fxrf1U0y+W9vuQ/Y6rVtGpD/vNGRqqgm0sqGhKZx3rM=',0,1,0,'2013-11-03 13:43:22','2013-11-01 13:03:40'),(191,'ce11b002','Abhishek Basu','','abhishek.sfy@gmail.com','pbkdf2_sha256$10000$Fq7eHi0ooNtP$koZvG4C4l6yo94x8UE6We2VnVN12skkmvWPm344IQDQ=',0,1,0,'2013-11-02 15:00:21','2013-11-01 13:03:40'),(192,'ce11b011','Deepak K','','deepakkanraj@gmail.com','pbkdf2_sha256$10000$GjIvSApELq5A$qScQU4h6JDRLwLCG9ugtncgXqPSwflcb4g8oeeglcCI=',0,1,0,'2013-11-04 11:19:27','2013-11-01 13:03:41'),(193,'ch11b049','Srividya Polireddy','','srividya.polireddy@gmail.com','pbkdf2_sha256$10000$aBRNOoCrPtZq$9GR2PDkJGbcpdoMyRhaEp+K8iaF4qoetiQRVb2rVdVE=',0,1,0,'2013-11-08 18:52:24','2013-11-01 13:03:41'),(194,'ch11b079','K. Rajath Nandan','','kalavarajath@gmail.com','pbkdf2_sha256$10000$etoMbM1uOLsH$ZdmOowRMtP6w69+GgATEbHVxii3hZ9Z8rxFOlVIC3DQ=',0,1,0,'2013-11-06 11:42:53','2013-11-01 13:03:41'),(195,'me11b037','Sai Vinayak Mukkavilli','','saivinayak1994@gmail.com','pbkdf2_sha256$10000$Iigu7EbNkb7B$G2+Tirz+Wypbmh869JfPa8kDJOPki2IZpD43qTxoZLc=',0,1,0,'2013-11-03 12:42:13','2013-11-01 13:03:42'),(196,'me11b072','Sai Kiran Vaddi','','kiransai1992@gmail.com','pbkdf2_sha256$10000$89HRmxZlH6wz$sNoRH4xK8LIQVyXnGq9UAGsFAII91tS/H/IvY/6hkd4=',0,1,0,'2013-11-03 08:17:54','2013-11-01 13:03:42'),(197,'me11b073','Valli Kishore Vadlamudi','','bigmastero326@gmail.com','pbkdf2_sha256$10000$Ohq6gZ6UEjuf$HuUxOuxyYrevQVPPbKAVBs1lREiyIITp51m1owKOJ+c=',0,1,0,'2013-11-01 13:03:42','2013-11-01 13:03:42'),(198,'me11b081','K.Dheeresh Chandra','','dheeresh1107@gmail.com','pbkdf2_sha256$10000$3ZWCmcpGfO2Q$J/8HeJUaRpXntoCigGN61r11C1X0ukGApmryootOnWg=',0,1,0,'2013-11-01 19:17:41','2013-11-01 13:03:43'),(199,'ce12b010','B G V Puneeth','','puneethbgv1996@gmail.com','pbkdf2_sha256$10000$5GruMGQjvB4X$c3g+RJEbMVxAqkeSyv1zfSsLKkRCgQPfdhOS3CR+KKc=',0,1,0,'2013-11-05 16:45:21','2013-11-01 13:03:43'),(200,'ce12b028','K R Rahul','','krrahuliitm@gmail.com','pbkdf2_sha256$10000$DnyxqbswCAFK$AWBSxq6xMK5aoM3kuZjGEcb4DqqvkXRduhh5yKNaBvQ=',0,1,0,'2013-11-03 05:12:07','2013-11-01 13:03:43'),(201,'me12b049','P Varun Kumar','','','pbkdf2_sha256$10000$n4K0GuOUIsAV$ymrsXRlVA/f+v3TKZFreJNUoLqVEhbnkhhmqgBGp1vQ=',0,1,0,'2013-11-06 11:44:34','2013-11-01 13:03:44'),(202,'ce11b022','John Abraham','','johnabrahamiitm@gmail.com','pbkdf2_sha256$10000$h36bn9iXYqFJ$UlllAIMYYRXHuzkiHbEBXPcX7g1Plijd0gaRZ4GTb4Q=',0,1,0,'2013-11-03 06:25:12','2013-11-01 13:03:44'),(203,'ce11b058','Thotakura Harshitha','','harshithathotakura@gmail.com','pbkdf2_sha256$10000$0jJTd3cgI5Us$5nPEoXlcSY6ejBhZf7CfkLt74b0V6985gielBKRuf2s=',0,1,0,'2013-11-05 11:56:01','2013-11-01 13:03:44'),(204,'ce11b083','C Sai Shanker','','shanker3003@gmail.com','pbkdf2_sha256$10000$nAp3gwS3TmvJ$Ab8g+9dnaoIJYrAHcFDd8aj+W5w6BLgMTgTmuhNtt3w=',0,1,0,'2013-11-05 17:10:59','2013-11-01 13:03:45'),(205,'ch11b048','P L Monica','','monica.pithani@gmail.com','pbkdf2_sha256$10000$GqDr85gh4qxk$1qrH2ZOuWnJrSO0/u0UDXdEK882rHe5RuFA4/S1z73Y=',0,1,0,'2013-11-03 03:43:54','2013-11-01 13:03:45'),(206,'ch11b063','Suraj Yerramilli','','surajy123@gmail.com','pbkdf2_sha256$10000$vpCw6rFW3AYo$ndjBF68lfEraCEHdUpB1hoRXZODT8OVpYCSKT8GPebU=',0,1,0,'2013-11-01 13:03:45','2013-11-01 13:03:45'),(207,'ch11b083','R Nitish Chandra Reddy','','nitish.rddy@gmail.com','pbkdf2_sha256$10000$hvKofLQr2VjS$sEc1uXOx8k7vDkMnGOq5a5CgLJdIA590yRCoRK/3tLs=',0,1,0,'2013-11-05 15:27:42','2013-11-01 13:03:46'),(208,'ed11b005','S Balaji','','balaji2151994@gmail.com','pbkdf2_sha256$10000$GkIbXn6Oa5AS$UEmdqW5fq9F1V7xRsGLTHw3qJzJSer0lgFtrpUD6N24=',0,1,0,'2013-11-03 03:17:15','2013-11-01 13:03:46'),(209,'me11b045','Saketh Manikanta','','manikanta.saketh@gmail.com','pbkdf2_sha256$10000$EtI851oCyPn0$sKo193KQSfHcg5/8ADfiWwCXcHfNiq5MshoE4OwjhTs=',0,1,0,'2013-11-05 14:29:29','2013-11-01 13:03:46'),(210,'me11b070','Tippireddy Narendra','','narendra952@gmail.com','pbkdf2_sha256$10000$EZ7lfgzST3sp$K6NloIFEf4qVIJN08L3cAHL2srnHqzwFAbL8lDxQZxM=',0,1,0,'2013-11-03 12:01:45','2013-11-01 13:03:47'),(211,'me11b075','V Sai Tej','','saitejreddy16@gmail.com','pbkdf2_sha256$10000$5SyOP83B9TUP$SXRTdTc0rr2nWnqorPOvM88UIXnoWa2b9/4Qg9hEsrA=',0,1,0,'2013-11-03 05:26:29','2013-11-01 13:03:47'),(212,'na11b045','Harsha Aravalli','','harsha.aravalli@gmail.com','pbkdf2_sha256$10000$m3RY3yqU0sCb$5rPEls9JwaJI4NFqlXeI2xAf451h8Sdf4P0iMIcPC9s=',0,1,0,'2013-11-05 17:30:17','2013-11-01 13:03:47'),(213,'ae11b014','K Anurag','','aaaannrrgg@gmail.com','pbkdf2_sha256$10000$R6IoxSE907ER$sEAbx3yicSMK0VDLsByIXlk0FudKfTjR129Kqo7xMEc=',0,1,0,'2013-11-01 13:03:48','2013-11-01 13:03:48'),(214,'ae11b030','Rohan A ','','rohan1625@gmail.com','pbkdf2_sha256$10000$ANEYmXECwEk2$jsY4c1W3nKbT/13TNNgiCKVJM3v/9tXQaTzM2ytPFS8=',0,1,0,'2013-11-01 13:03:48','2013-11-01 13:03:48'),(215,'ce11b027','K.Prasanth','','prasanth.dcool@gmail.com','pbkdf2_sha256$10000$hyThccfJATs4$H52tpkybAReMGfD8YM+ncSG8ogHCGV0FYTK5ln8Vib4=',0,1,0,'2013-11-01 13:03:48','2013-11-01 13:03:48'),(216,'ce11b038','N Vamsidhar','','vamsidharhappy@gmail.com','pbkdf2_sha256$10000$XKosZ21yNZMv$EL/H/4Evag7pwJ9aYq9JZUkmtUpS97RgklZvIQXeVVc=',0,1,0,'2013-11-01 13:03:48','2013-11-01 13:03:48'),(217,'ce11b042','P Phanish Babu','','phanish.1993@gmail.com','pbkdf2_sha256$10000$meW1w3OfEu2M$U7U0JpZx7tqzlEB48y6J7Stb0j7rfqUzS+9QL6EM0ac=',0,1,0,'2013-11-01 13:03:49','2013-11-01 13:03:49'),(218,'ce11b096','Y.V.Sandeep','','sunnyyvs@gmail.com','pbkdf2_sha256$10000$b3dTamh3YJt4$GZi/AYo1bc7e9DLbeX9hIbSFttM76yb3ssGIU70+ReY=',0,1,0,'2013-11-01 13:03:49','2013-11-01 13:03:49'),(219,'ce11b098','K. Anil Kumar','','anil.kallu1@gmail.com','pbkdf2_sha256$10000$IYICYAWg3lra$zkJ+4Ej5/olqnJFVF/9Z/wkZvHpmQj9bRLPmY1o1lAE=',0,1,0,'2013-11-01 13:03:49','2013-11-01 13:03:49'),(220,'ch11b015','B. Prasad','','prasadb287@gmail.com','pbkdf2_sha256$10000$XVvtjZGWgXtl$eLRh9GJsUogHpbkX1xAk8ojKC5K/hmVF04dEE71L1/Y=',0,1,0,'2013-11-01 13:03:50','2013-11-01 13:03:50'),(221,'ch11b017','Dayapule Chandana','','dchandana1994@gmail.com','pbkdf2_sha256$10000$f5DfmZTW3Ytf$atd1/HSyG3NoNVy8/zR2KdZESmWFSf+ijENVRh8gtv4=',0,1,0,'2013-11-01 13:03:50','2013-11-01 13:03:50'),(222,'ch11b039','Dheerendhar Moka','','moka.dheerendhar@gmail.com','pbkdf2_sha256$10000$TcVTqozi5HO2$NtFrEISbEhHTf57kHsyR0QCRtGkGLoUbntPBbpZ2XIE=',0,1,0,'2013-11-01 13:03:50','2013-11-01 13:03:50'),(223,'ch11b092','K Sai Meghasyam','','smgsm.393@gmail.com','pbkdf2_sha256$10000$EI7AL1e0Vc7h$mnzCVfyqd187I1zF+FetTKqQMYpkmlIMpaCm2xPiPe4=',0,1,0,'2013-11-01 13:03:51','2013-11-01 13:03:51'),(224,'ed11b016','Haripriya B','','haripriyabaskar@gmail.com','pbkdf2_sha256$10000$zVei5AacVtIc$Rb75Cfvg2oqbmX4GuEZQHBqXbJVtfWgw8stl2cEH02Y=',0,1,0,'2013-11-01 13:03:51','2013-11-01 13:03:51'),(225,'ed11b024','M Saichand','','saichandmvln@gmail.com','pbkdf2_sha256$10000$254J7tv6t8FT$pYjDAKW3wGzMNfati6fXiP6SkWEzbCON3ixCwIxi5Cs=',0,1,0,'2013-11-01 13:03:51','2013-11-01 13:03:51'),(226,'ee11b072','R.Hari Prakash','','hariprakash500@gmail.com','pbkdf2_sha256$10000$KYM4VHhsIBB5$j4uzDzfcBzxpHYYfmTeZKe6ikd/zjYYnxhKWicm+3v8=',0,1,0,'2013-11-01 13:03:52','2013-11-01 13:03:52'),(227,'ee11b105','Sunil T.','','thisisforsunil@gmail.com','pbkdf2_sha256$10000$5yMTDnFOlg3X$lcQHWd4A7k7qFPH4oA4diwRHbRDKYTO9XW00THGze8E=',0,1,0,'2013-11-01 13:03:52','2013-11-01 13:03:52'),(228,'ep11b009','J Yaswanth','','yaswanthjakkamsetty@gmail.com','pbkdf2_sha256$10000$xvYyyzyHoxap$4zYiJn9Y2MSVrDIwoi0f+FTe1aA1K93bqh7Des3ab5c=',0,1,0,'2013-11-01 13:03:52','2013-11-01 13:03:52'),(229,'me11b018','G. Giri Prasad','','gprasad1819@gmail.com','pbkdf2_sha256$10000$F3mb5Kvuv7Pw$7zQ8ryk+jyObJJN8OAUua28WErhvrneGj+nB2JPjUXc=',0,1,0,'2013-11-01 13:03:53','2013-11-01 13:03:53'),(230,'me11b032','K Abhilash Reddy','','reddy.abhilash1@gmail.com','pbkdf2_sha256$10000$pXwOdvPIsTtC$S5wfJbWpZWyMveFJQrafXVpGly5OaJTsxErbtnve3m4=',0,1,0,'2013-11-01 13:03:53','2013-11-01 13:03:53'),(231,'me11b037dupe','Dogga Tarun Satya Sai','','dtssai@gmail.com','pbkdf2_sha256$10000$DkpaO6mroPIc$0BSom9LqD6MtDGzz2CBxIidApjSrO0N84KRw5sxSiiY=',0,1,0,'2013-11-01 13:03:53','2013-11-01 13:03:53'),(232,'me11b136','Sai Teja Mallela','','saiteja.mallela@gmail.com','pbkdf2_sha256$10000$jKQNhBlYwcIB$UFtgVC00MY1aAH5ZnYv/7uinDDDc8z5k6hJBV8gQ54w=',0,1,0,'2013-11-01 13:03:54','2013-11-01 13:03:54'),(233,'na11b034','Y Abhiram Sai','','abhiramyeluri@gmail.com','pbkdf2_sha256$10000$s6YSdAOuMZc8$HyqS20dumLxhwxJeN95yP/QTzhm+YPk8ipkBXZlC7v8=',0,1,0,'2013-11-01 13:03:54','2013-11-01 13:03:54'),(234,'na11b035','Avssr Akhil Ram','','akhilram9@gmail.com','pbkdf2_sha256$10000$HX797Hyfe1O7$m385x8aTStx/ArwKMgouajQ8EKrWs4cJTBc/4kFMCEo=',0,1,0,'2013-11-01 13:03:54','2013-11-01 13:03:54'),(235,'na11b044','M.Srikanth','','srikanthmogiligundla77@gmail.com','pbkdf2_sha256$10000$ZYu4zV22QR1A$EP9U0TyouKP4QSqVVVNpQDIF201RYgwye+OwexQqt2g=',0,1,0,'2013-11-01 13:03:55','2013-11-01 13:03:55'),(236,'ce12b005','Anish Rathi','','anishrathi94@gmail.com','pbkdf2_sha256$10000$kJLqv88vM9AT$fKXCXWcCjqFEV3SLWZ3Gcgu4GC2jIQo7vDLaj1URHT0=',0,1,0,'2013-11-01 13:03:55','2013-11-01 13:03:55'),(237,'ce12b006','Ashish','','funkyash99@gmail.com','pbkdf2_sha256$10000$FyzUcIMIujKM$0liL8m6pvNDpgR3swba3kqMbKnFb36LUnPc7drYTVV4=',0,1,0,'2013-11-01 13:03:55','2013-11-01 13:03:55'),(238,'ch12b024','Aswin Jayan','','aswinjayan94@gmail.com','pbkdf2_sha256$10000$QUFiyhqHEHbv$t4nLJ6axRYobRY+lBaG1rwMqHQ5kllaDd0EbRqiBx6k=',0,1,0,'2013-11-01 13:03:56','2013-11-01 13:03:56'),(239,'ch12b059','Sanket Wani','','wiki.sanket@gmail.com','pbkdf2_sha256$10000$HGbZEzmongYV$rmrwm1PLOT7m8Za/wlABA8RPg8aWlGHt3Vop5C0sWU0=',0,1,0,'2013-11-01 13:03:56','2013-11-01 13:03:56'),(240,'ed12b009','Ashay Makim','','ashay.makim@gmail.com','pbkdf2_sha256$10000$eysUlRZtWyYk$2mdvqRFUFHJmc2oc3etDOZhHauQrixTOKz3jVicU/TI=',0,1,0,'2013-11-01 13:03:56','2013-11-01 13:03:56'),(241,'ed12b029','Sai Akhil Matha','','akhilhussey@gmail.com','pbkdf2_sha256$10000$1hU8B6QsW3zi$FSHIOeawUmbqR2xeV1RKAZPWO7+0BZT5WCSLP0o/+54=',0,1,0,'2013-11-01 13:03:56','2013-11-01 13:03:56'),(242,'ee12b050','Shashanka S Rao','','shashankasrao@gmail.com','pbkdf2_sha256$10000$dHHwe0moU9dU$TMCP48v7H7VuGpUS0UsJ97RTi2s2C5IhhZNKKcEiQKI=',0,1,0,'2013-11-01 13:03:57','2013-11-01 13:03:57'),(243,'ee12b077','Aroon K','','aroon.iitm@gmail.com','pbkdf2_sha256$10000$oct7kvzGSGRP$1Sm/0mWeKGYSJlydLI2bp7cOZxVWIU7o/uhNsFOrix4=',0,1,0,'2013-11-01 13:03:57','2013-11-01 13:03:57'),(244,'ee12b106','Shainam Kharumnuid','','shainam.iit@gmail.com','pbkdf2_sha256$10000$96TGMR5QO9CB$S9ArJKi3NplU0z5rTctoGcAHOq1MKEiG0fNhAYaqcl8=',0,1,0,'2013-11-01 13:03:57','2013-11-01 13:03:57'),(245,'hs12h026','Liza','','elizarosep@gmail.com','pbkdf2_sha256$10000$xwozsdd3DOOg$w9IuC7vw/LPAICuTSqmDDIc1TNPkXIPRMZqi9noewAQ=',0,1,0,'2013-11-01 13:03:58','2013-11-01 13:03:58'),(246,'hs12h051','Vishali Sairam','','vishalisairam@gmail.com','pbkdf2_sha256$10000$xmdkWnKNWnFl$LtyPXzTq4M2Vb4C9hgsCQw9jMAEO5GnBzNSSXXcAhXw=',0,1,0,'2013-11-01 13:03:58','2013-11-01 13:03:58'),(247,'me12b002','Aditya Vamsikrishna','','aditya.man369@gmail.com','pbkdf2_sha256$10000$dynpTMMDfgIA$dixZr/bPbzLiZTHA5mi+wF83i0MWIsonlUfZPf1z3oc=',0,1,0,'2013-11-01 13:03:58','2013-11-01 13:03:58'),(248,'me12b141','Mayank Yadav','','mayankyadav6010@gmail.com','pbkdf2_sha256$10000$uFs1pQcJKsq2$Q1wr6eVwVk7yO0Qm6Gs/HyX6O4gz2hkfhuOqs0lP4XA=',0,1,0,'2013-11-01 13:03:59','2013-11-01 13:03:59'),(249,'me12b145','Vedant Trivedi','','vhtrivedi95@gmail.com','pbkdf2_sha256$10000$BFK6nf8JJp5R$5V7XACBUW2t3aBN3r7OdSg5r/cIDG7qRzqPoaC3wAp4=',0,1,0,'2013-11-01 13:03:59','2013-11-01 13:03:59'),(250,'me12b159','Vishruit Kulshreshtha','','princepaulite@gmail.com','pbkdf2_sha256$10000$9NKowm5iPnE0$XmKGiiq8Sja3FsyRaKUsW1QPBv1yK/bcGkHZKdMMhhI=',0,1,0,'2013-11-01 13:03:59','2013-11-01 13:03:59'),(251,'mm12b040','Sriram Ganesh','','sriram.ganesh7@gmail.com','pbkdf2_sha256$10000$1oPv0PjE0B9Y$cmmPLsb/fvITGmOqB2ArjmPkM9Nf+lubGAfAn48cxXo=',0,1,0,'2013-11-01 13:04:00','2013-11-01 13:04:00'),(252,'na12b047','Anirvan Bordoloi','','anirvan.bordoloi@gmail.com','pbkdf2_sha256$10000$ZvHnnQc8aLmR$AWhBCH1pYm1unz8HX3SURfRQmimnpw8NRTA+5jP0eGQ=',0,1,0,'2013-11-01 13:04:00','2013-11-01 13:04:00'),(253,'bt11b065','Supreeth Hegde','','supreeth.hegde5@gmail.com','pbkdf2_sha256$10000$nJWyvf2WIjad$Qlgcg0Ae1q8bUjVF7fxXzZsoJT6/j/o3Dti3oT4mJy4=',0,1,0,'2013-11-01 13:04:00','2013-11-01 13:04:00'),(254,'ce11b016','Sowmya Goondla','','soumyagemini13@gmail.com','pbkdf2_sha256$10000$2X4SH1cQsmu4$cmrJ5fexwcvoJw0PQcc8AdVt8swDM7MH+q3152X8wZY=',0,1,0,'2013-11-05 12:18:25','2013-11-01 13:04:01'),(255,'ce11b054','Siddharth S','','sidcoolloyolite@gmail.com','pbkdf2_sha256$10000$HwzkclnZV6Z1$R9OqiYANz4adoyv2UxHDr0Ku2zVXbTzZOFyGSRve81c=',0,1,0,'2013-11-01 13:04:01','2013-11-01 13:04:01'),(256,'ae11b003','Ratnakar Alkanti','','ratnakar.alkanti@gmail.com','pbkdf2_sha256$10000$eSZV3WJSR9xD$4lbRdzejnE051MYuVR7xO3uqi5/hAJD/+VDqOEHpQrI=',0,1,0,'2013-11-01 13:04:01','2013-11-01 13:04:01'),(257,'bt11b001','Akshit Salecha','','akshit.iitm@gmail.com','pbkdf2_sha256$10000$j9mP3cWLllsh$zqY9sL8W8RU0YRxSXxX4BOW2SijDhCk3D6ytig5YskQ=',0,1,0,'2013-11-01 13:04:02','2013-11-01 13:04:02'),(258,'bt11b064','Shalin Doshi','','shalindoshi13@gmail.com','pbkdf2_sha256$10000$qCfLCubToQZB$F2iXvP0YSNRQDF/zGly8ll1D3gJJKUgggeSJDjYdUfE=',0,1,0,'2013-11-01 13:04:02','2013-11-01 13:04:02'),(259,'ce11b030','Ramya Sravani','','lramyasravani@gmail.com','pbkdf2_sha256$10000$cpAhezEWPupW$ijdop0m3selbk5v6xzJVUy9awhmSfPA6S9v25tgxl8U=',0,1,0,'2013-11-01 13:04:02','2013-11-01 13:04:02'),(260,'ce11b091','Richi Jesudas','','richiz.on.fire@gmail.com','pbkdf2_sha256$10000$KDw3POzNjadF$+SI9vUL4Mgct91cgXMXWdRkTYjUSVy70Cz5uQSNv4xM=',0,1,0,'2013-11-01 13:04:03','2013-11-01 13:04:03'),(261,'ch11b006','Ajay Vaghul','','ajaysvaghul@gmail.com','pbkdf2_sha256$10000$WpD1Uz6UhiOP$7shW3ddfTakUF9o/2mHSNmeUlhy0Ra3jFmo2tw1ZamA=',0,1,0,'2013-11-01 13:04:03','2013-11-01 13:04:03'),(262,'ch11b036','Nishanth','','nisantmanepalli@gmail.com','pbkdf2_sha256$10000$yi4ssj3jDc6l$kFg1yeEt9ZtTqzxL4DbKceNEGxWf2rjivJSY+yJINhg=',0,1,0,'2013-11-01 13:04:03','2013-11-01 13:04:03'),(263,'ch11b059','Shreyas Nair','','shreyasnair2493@gmail.com','pbkdf2_sha256$10000$dz9Dpb92OLpD$+bCwlR/RBDMVzwcnHBd7DCLCxy95I/c1tVv6fQA4rCA=',0,1,0,'2013-11-01 13:04:04','2013-11-01 13:04:04'),(264,'ee11b093','Jeyasiva Parthibhan','','pjsiva@gmail.com','pbkdf2_sha256$10000$nIWSP9u8jAX2$XyJe6JhckuJTst29pSctGzXJkJ1GIpw+b+cpCMXcs7U=',0,1,0,'2013-11-01 13:04:04','2013-11-01 13:04:04'),(265,'bt11b016','Junaid Babu','','junaidvayoli@gmail.com','pbkdf2_sha256$10000$fF7j5kZltMBk$mhUQNRZwj0yEGxGBkd6lDYt8NIPa3usdiEuYTUYX1UU=',0,1,0,'2013-11-09 12:55:00','2013-11-01 13:04:04'),(266,'ed10b040','Subramanya ','','subramanyath@gmail.com','pbkdf2_sha256$10000$4fEdiOjCgonP$hBmvwVNOx7RuYxNVVKOApe2MzJqX95bjjkhyfmAUzeo=',0,1,0,'2013-11-01 13:04:05','2013-11-01 13:04:05'),(267,'ed12b031','Shahidh','K Muhammed','muhammedshahid.k@gmail.com','pbkdf2_sha256$10000$bVUc7esEre74$FnEqCf7NO5DBcZSuLrgkFcX5gDC6Jj9pkIRMHGZ/T7A=',0,1,0,'2013-11-10 11:09:10','2013-11-01 13:04:05'),(268,'ee11b065','Harsha','','harshaampar@gmail.com','pbkdf2_sha256$10000$oHLx3IwH2OsI$ybY/UVWLX9gbDRYRY7LNjBBwDNJlb/8ejzTvr9914SY=',0,1,0,'2013-11-02 13:50:03','2013-11-01 13:04:05'),(269,'me11b063','Srinath','','srinath.tank@gmail.com','pbkdf2_sha256$10000$AjTbcm1xzytS$NCn20Ft/+cK1e1HHldiYKPVN2XuSQUiS58upKJ3woRY=',0,1,0,'2013-11-01 13:04:05','2013-11-01 13:04:05'),(270,'ee10b027','Praveen Kumar','','mpki2t@gmail.com','pbkdf2_sha256$10000$4UcTMB7RQ1DR$VPlkDKWdHVikMZ/bXKOtWeux1mtRKZ8TjAWGIvMpYX4=',0,1,0,'2013-11-01 13:04:06','2013-11-01 13:04:06'),(271,'ce12b027','Pradeep','','jinkapradeep.2020@gmail.com','pbkdf2_sha256$10000$2Tfe82F1rQXS$Kc7A25qXUFNWE6KzDPFH9QUUX1hccNmqaunEUElxFYw=',0,1,0,'2013-11-01 13:04:06','2013-11-01 13:04:06'),(272,'cs12b034','Akshay','','tmrakshay@gmail.com','pbkdf2_sha256$10000$L2NabIuFRo2Z$3O1tDzeloBK9ww9zwj0acvpRYq80gpnyTj7yN+oiZ+A=',0,1,0,'2013-11-01 13:04:06','2013-11-01 13:04:06'),(273,'ee12b120','Rishiraj','','rishirajsurti.iitm@gmail.com','pbkdf2_sha256$10000$gRNuDFzjWLpG$5bs8Db+qHV1moGSojZ88zYvuK3pdtxf1Iu8CdMtu8uk=',0,1,0,'2013-11-01 13:04:07','2013-11-01 13:04:07'),(274,'me11b044','Shiva Kumar','','pvmshiva596@gmail.com','pbkdf2_sha256$10000$ZgDDM0oC0wEk$QRkZx1SujvGN8H49+SdQ3hT6HoNkO3eTPY28/LxYjaA=',0,1,0,'2013-11-01 13:04:07','2013-11-01 13:04:07'),(275,'me11b124','Arvind N','','arvind2221994@gmail.com','pbkdf2_sha256$10000$DrTeGPusZuZ0$5gp9CFXaPbVCDwfo4o+Mn+o8TtXhx5rgd6S3tcll9ss=',0,1,0,'2013-11-01 13:04:07','2013-11-01 13:04:07'),(276,'ch12b026','G Suhas','','gsuhas94@gmail.com','pbkdf2_sha256$10000$MbdMgME6Cwep$tGhvx5Lttf/WC6Hth5Cr4KWZnk267EcN0y5Bw2gO7wI=',0,1,0,'2013-11-01 13:04:08','2013-11-01 13:04:08'),(277,'cs11b030','Abhinav Garlapati','','abhinav2710@gmail.com','pbkdf2_sha256$10000$05W3W5OiWfQY$/BDQrmLKuz2Ib/rc7R9vqYApTxyLd/p0dV9OGovnQmI=',0,1,0,'2013-11-01 13:04:08','2013-11-01 13:04:08'),(278,'ee12b070','Aditya Deshmukh ','','aditya.polymath@gmail.com','pbkdf2_sha256$10000$qEaCtkSHe88r$rmF4E1OYdXuIVjy15u2zNvwthIG20pAHxJn+ywJ7qeI=',0,1,0,'2013-11-01 13:04:08','2013-11-01 13:04:08'),(279,'ae10b024','Sachin Hy','','sachinsachu2010@gmail.com','pbkdf2_sha256$10000$Wi1ocdgkUP3N$aCYgGq8gwA9l/Ht5EwPTUBLmcq2g8OFaxS2gJ9s3JoI=',0,1,0,'2013-11-04 10:11:53','2013-11-01 13:04:09'),(280,'bt09b045','Vishal P','','vishalpagidipally@gmail.com','pbkdf2_sha256$10000$hUaTxdWjWtWS$MK1uJAtDE4usLuOcs4fFligparW8/BsoiLKK5j/nZ+A=',0,1,0,'2013-11-01 13:04:09','2013-11-01 13:04:09'),(281,'ae12b045','Kumar Omkar','','omkarbd01@gmail.com','pbkdf2_sha256$10000$xWQd4wbhM3k7$9jguYalxPy42MsQABT2W2Mu/1TEX5dvTUQHXtmeq/AQ=',0,1,0,'2013-11-06 09:26:49','2013-11-01 13:04:09'),(282,'ae12b047','Prateek Kishore','','prateekpk24@gmail.com','pbkdf2_sha256$10000$ectimFZ1Gumn$Vm1k8mZQjnxJN1hQZ3MfQ/DhBaBbuvPOdXk90Y6u1H0=',0,1,0,'2013-11-01 13:04:10','2013-11-01 13:04:10'),(283,'me12b160','Saurabh Deshpande','','saurabhdeshpande93@gmail.com','pbkdf2_sha256$10000$gA3hTJuG0TZB$dSkgEuNBm+lga6dAZreL06CtpilVhJuisIJwS5IxfhA=',0,1,0,'2013-11-01 13:04:10','2013-11-01 13:04:10'),(284,'mm12b007','Bhupinder Singh','','9bhupinders@gmail.com','pbkdf2_sha256$10000$ArRO2RCeErqQ$orVNXTDWc+bCpwkMx6Ih0vBaWUpKdYHDvOliyEjF3X8=',0,1,0,'2013-11-07 13:29:37','2013-11-01 13:04:10'),(285,'ee12b049','Siddharth Shrikant','','siddharthsrikanthan@gmail.com','pbkdf2_sha256$10000$8SVjvisFdgfB$lhiP1RqJYvVGX9R0xm73Znmfb36IJBuTBvy5m05xH0I=',0,1,0,'2013-11-01 13:04:11','2013-11-01 13:04:11'),(286,'hs12h034','Rushabh Menon','','rushabhmenon@gmail.com','pbkdf2_sha256$10000$PtWnH6UGnUM8$znaivY3JFhQ6c32shiF2auKzRAUcEcY6GZICoO4XOPE=',0,1,0,'2013-11-03 17:02:48','2013-11-01 13:04:11'),(287,'ch12b014','Atul S Nambiar','','atulsnambiar94@gmail.com','pbkdf2_sha256$10000$dSPLFAGwuqPW$4kj76J/Xf3RN19XQmSsHbanNHdd1e6kplZmmLXEgv0k=',0,1,0,'2013-11-02 04:09:01','2013-11-01 13:04:11'),(288,'ch12b056','Dheeraj Sharavan','','dheeraj.sharavan@gmail.com','pbkdf2_sha256$10000$dZGEx0hJJaJv$V5XN6VCrmcjl6GEakyfE3RU9SRRIyXjL60ca7ObNncg=',0,1,0,'2013-11-01 13:04:12','2013-11-01 13:04:12'),(289,'ch12b057','Gokulakannan Selvam','','kannan.star111@gmail.com','pbkdf2_sha256$10000$6PSrZ93vfnGi$uV/ZY7XALKozlkk5oIK5NxcpFy1nP4RYcX3LDPReZWY=',0,1,0,'2013-11-01 13:04:12','2013-11-01 13:04:12'),(290,'ch12b058','R Ashwin','','ashwin2007ray@gmail.com','pbkdf2_sha256$10000$6J78wuoerG30$kJhGabUHN1/jF8K8NykJ9puexJg4jEc5TNvGQy2XEBc=',0,1,0,'2013-11-01 13:04:12','2013-11-01 13:04:12'),(291,'ch12b091','Srijith R','','srijith95@gmail.com','pbkdf2_sha256$10000$uiSVYxiA1CUF$lbSskhrQrjdXRi4wfU7ErLdNO0kgP+6L+3P6J7LWF1U=',0,1,0,'2013-11-04 16:13:59','2013-11-01 13:04:13'),(292,'hs12h019','Jueeli More','','jueelimore40@gmail.com','pbkdf2_sha256$10000$VhkTpjmXmtz5$UjYsbg5S80ITwswEjonEuL46kcb0HNUtmI0olBEsTn8=',0,1,0,'2013-11-03 16:25:54','2013-11-01 13:04:13'),(293,'ed11b011','Radhakrishna','','krishnabansal.krishna@gmail.com','pbkdf2_sha256$10000$IQtzHc5R46dF$0WoABPke/8olEq7ZSIi/MUSMo8nXPsJS/4k2RMPKmLg=',0,1,0,'2013-11-01 13:04:13','2013-11-01 13:04:13'),(294,'ee10b031','Sreecharan R','','sreecharan.r@outlook.com','pbkdf2_sha256$10000$vkwcM6uKGvbi$KnTUrns6rPEGguBs7ecRiKm14+xvkc1IPewNmiSkTt8=',0,1,0,'2013-11-01 13:04:14','2013-11-01 13:04:14'),(295,'hs11h011','Aryapadmam','','capadmam@gmail.com','pbkdf2_sha256$10000$5b5UB2wQlLI4$RBa7kQOgK+U9DWrqaDztvpn5bfNcvu7pSR0dVLozkvs=',0,1,0,'2013-11-01 13:04:14','2013-11-01 13:04:14'),(296,'hs11h043','Urmila Reghunath','','urmilar93@gmail.com','pbkdf2_sha256$10000$wbczQi39QCpq$JeU3hPmeBkNRJVIitxIqIPkWGwbJwHbEbE/bArkEc2I=',0,1,0,'2013-11-05 01:18:01','2013-11-01 13:04:14'),(297,'bs12b069','Varsha Venkat','','iamvivek7411@gmail.com','pbkdf2_sha256$10000$LcsvsfbkeOcH$aIytnoPB5tnkrgwAQaFMGGIA35419WLu2gnWGu3AZe0=',0,1,0,'2013-11-01 13:04:15','2013-11-01 13:04:15'),(298,'cs12b059','Aditi R','','aditir1994@gmail.com','pbkdf2_sha256$10000$oPTpRMze1MFY$m6I4B+gsW6iD9hcjgVcn7VwlLjFHvEhxV9EYA6kTVog=',0,1,0,'2013-11-01 13:04:15','2013-11-01 13:04:15'),(299,'me12b096','Amulya R','','amulyar44@gmail.com','pbkdf2_sha256$10000$p3rQjH2kfLbD$nWTePhOyJBHf8kLt8ZnAPb4rjFvsPsehpiJ2tD70eNM=',0,1,0,'2013-11-06 09:06:45','2013-11-01 13:04:15'),(300,'ch12b032','Kartik Sharma','','kartiksharma2049@gmail.com','pbkdf2_sha256$10000$8XLeh1BPRZUn$kc6zZdQju3MhUVJp+a5g4DG0jt+iZh2K9pSIUjXnhaU=',0,1,0,'2013-11-06 09:54:10','2013-11-01 13:04:16'),(301,'na12b010','Revanth Reddy','','revanthreddy.1409@gmail.com','pbkdf2_sha256$10000$p4OrbtAUl3NQ$FqevPWsG7ZejHCi1IznqjRAFbmQfx7/qfiJhKbW+xWA=',0,1,0,'2013-11-02 17:34:44','2013-11-01 13:04:16'),(302,'ch11b043','Narasimhan','','narasimhan1993@gmail.com','pbkdf2_sha256$10000$wRD1AF4c8uLj$tHWhyvkf5kU5HgdrU5+XuUJ6wmcqYnlpAWIz5ZG537A=',0,1,0,'2013-11-01 13:04:16','2013-11-01 13:04:16'),(303,'ee11b124','Shashank Sachin','','sashank.sachinrt@gmail.com,','pbkdf2_sha256$10000$YoGiU68G77RC$hC70X3V2nuVd70CFjBMYu8M6fgKW4u5HBVlbHsKHKg4=',0,1,0,'2013-11-01 13:04:17','2013-11-01 13:04:17'),(304,'hs12h023','Pranjal Korane','','pranjpk@gmail.com','pbkdf2_sha256$10000$eIhLmALvp8cd$4Ws0Dw63s5lJptkS4rNh3t/JswSoj8z/r4HKx5I2l4Y=',0,1,0,'2013-11-01 13:04:17','2013-11-01 13:04:17'),(305,'ae12b004','Dheepak N Khatri','','dheepaknkhatri@gmail.com','pbkdf2_sha256$10000$1xXDSmigcPVG$DPxRBGTKHE/aaxBg5TgHDOFAlQQr4zt5dlpp9ADrnO8=',0,1,0,'2013-11-03 10:55:49','2013-11-01 13:04:17'),(306,'ed12b035','Nivea','','nivi4ever@gmail.com','pbkdf2_sha256$10000$Sg0CawPJjS2J$VVeKzQL8NnStJq5938f4lBNkbtHUoJx4ReIJEKWYjLo=',0,1,0,'2013-11-04 13:23:35','2013-11-01 13:04:18'),(307,'na12b004','Apeksha Minz','','coool.apex13is@gmail.com','pbkdf2_sha256$10000$I6M5pFuoqSoz$QZ/xhAMBd7fhO4KDRmVDX9RtfS/vSJsqvfTfxDj2dRg=',0,1,0,'2013-11-01 13:04:18','2013-11-01 13:04:18'),(308,'me12b061','Siddharth S Bhat','','sid.1994@gmail.com','pbkdf2_sha256$10000$JCUN91PU0aOi$rO5MDMeOK8DRw+5dO5tS1e4AioehQIvNgKpKMplfhXw=',0,1,0,'2013-11-06 10:02:10','2013-11-01 13:04:18'),(309,'cs12s015','Anand Aiyer','','anand.r.aiyer@gmail.com','pbkdf2_sha256$10000$TWi33hLtwHSH$DesSRu+LjkItl5WHpF8+cjAFSZsS96gZsBisPiSq2yk=',0,1,0,'2013-11-04 05:24:41','2013-11-01 13:04:19'),(310,'me12b155','Vikram Venkat','','email','pbkdf2_sha256$10000$Y8GwTtvAztun$DIN1uBiFXsB3YRyFYgYJ/p0UzfO8zdckG1cdhe1xOzc=',0,1,0,'2013-11-01 13:04:19','2013-11-01 13:04:19'),(311,'cs11b058','Sriram','V','sriram.vasudevan.93@gmail.com','pbkdf2_sha256$10000$QkTJauroK1sd$oreE5locFlRHuxQmPqsUQl8dQDjzp2EJ4EfImfIAHEo=',0,1,0,'2013-11-04 19:41:17','2013-11-01 13:04:19'),(312,'hs11h041','Sreenidhi Krishnan','','sreenidhi.krishnan@gmail.com','pbkdf2_sha256$10000$JOIQy62GvJg2$vX2r8QK7gQivMgqQSXMD2mR6fiB9+y1ezZeMH10GOvA=',0,1,0,'2013-11-05 12:36:16','2013-11-01 13:04:20'),(313,'ch11b058','Shivamshu Prabhakar','','shivamshu.prabhakar@gmail.com','pbkdf2_sha256$10000$Y2DwH32DWb1q$5DSDkfTDorS5SXmsivxZ6bxtzUQq+LlFLgnpMyUiIwc=',0,1,0,'2013-11-01 13:04:20','2013-11-01 13:04:20'),(314,'hs10h015','Jessica Bernard','','jessicabernardp@gmail.com','pbkdf2_sha256$10000$PPtK14jFEMHp$i5QwVTb3cTWfJzUAIhdbooaw2nppz50/+TYcMENPqBI=',0,1,0,'2013-11-01 13:04:20','2013-11-01 13:04:20'),(315,'hs12h003','Amrithavarshini Venkatesh','','avarshiniv@gmail.com','pbkdf2_sha256$10000$MKpcNsTnIjzL$fpcf3N607e3uGQWd9OKjHy4TV99OZv1Kdgzk9eXxJis=',0,1,0,'2013-11-01 13:04:21','2013-11-01 13:04:21'),(316,'me10b091','Noel Jose','','noeljose.iitm@gmail.com','pbkdf2_sha256$10000$DPjTr4UKJTp1$hZAlQ80o2z4uaxqLKhFuYV5DbGTSJnKqIBqH0tRqLMY=',0,1,0,'2013-11-01 13:04:21','2013-11-01 13:04:21'),(317,'me12b020','G Ravi Teja','','graviteja1994@gmail.com','pbkdf2_sha256$10000$fdpv1wh0ecyx$3nbfGd3LSoafo7q2+gh9lHsfR6fsIRW8gYlbp+bvPzA=',0,1,0,'2013-11-01 13:04:21','2013-11-01 13:04:21'),(318,'bs12b047','Harisankar Hs','','harishankar93@gmail.com','pbkdf2_sha256$10000$8pKdSVGo8iLq$5YiA/wsdKY/RJbQLxHpKiMRSsxcG3dDoJhlU4Wyk1og=',0,1,0,'2013-11-01 13:04:22','2013-11-01 13:04:22'),(319,'ee12b110','Suswaram Anirudh','','anirudhsuswaram1994@gmail.com','pbkdf2_sha256$10000$JbVPmMvOC9gQ$uFALvIkzohRK+GuorPmDKKEdXl044HH7Eo3/uHarWGM=',0,1,0,'2013-11-01 13:04:22','2013-11-01 13:04:22'),(320,'me12b099','Kiran Vaddi','','kiranvaddi@live.com','pbkdf2_sha256$10000$Dw47NxHxCgS9$sdhLqrGsmRo+u+aVcGXhGJgbOkacrzVYutWAGkmZW2o=',0,1,0,'2013-11-02 04:37:52','2013-11-01 13:04:22'),(321,'me12b151','Ashwin S Pothen','','ashwinpothen93@gmail.com','pbkdf2_sha256$10000$wbvRrKvdMf1j$fwgXSyBdvtYy+20utdEy3gicQU0fczBeLZLRT08IhOY=',0,1,0,'2013-11-01 13:13:24','2013-11-01 13:04:23'),(322,'ch10b068','Swaroop I Ramaswamy','','ramaswamy.swaroop@gmail.com','pbkdf2_sha256$10000$1Z800r0N3Mmb$yvt+K4NvuuHedsa0n1NouGLYTnFTQAx4w/t1fb2QgR4=',0,1,0,'2013-11-01 13:04:23','2013-11-01 13:04:23'),(323,'ee10b123','Jayadev Bhaskaran','','jayadevbhaskaran@gmail.com','pbkdf2_sha256$10000$sKlQBYjJNmnn$7rm/mpYH0crKh4GVqTRr1HreJhAiXEb4UaWBoYNjAIg=',0,1,0,'2013-11-01 13:04:23','2013-11-01 13:04:23'),(324,'hs10h017','Kavin Aadithiyan C','','kavinaaadithiyan@gmail.com','pbkdf2_sha256$10000$s1eZ5tGLcmp4$CFexy6EMIVLlJooKv85Zlgi+Z98J61+h5aJ3NVMLaYo=',0,1,0,'2013-11-01 13:04:24','2013-11-01 13:04:24'),(325,'hs10h025','Prateek Vijayavargia','','svijayavargia@gmail.com','pbkdf2_sha256$10000$gvcCdSFvhNKk$Ti5zH2p1rPzlKxHrxaahm3oD+y/4OagHSe4ApZJNZcs=',0,1,0,'2013-11-03 17:00:32','2013-11-01 13:04:24'),(326,'ce12b102','Yash Patel','','yash.patel926@gmail.com','pbkdf2_sha256$10000$ewPZlsypClXA$TpAeILW9kMoDrKV79AX0XWmgLzJQYdHG21pTbPGP1ok=',0,1,0,'2013-11-02 08:27:18','2013-11-01 13:04:24'),(327,'ch11b084','Rahul Kiran','','rahulkiran1905@gmail.com','pbkdf2_sha256$10000$a2pNynYLUWXM$+2w5/K+oTKKXM8874RU/UBvfAto/vEcvFFz8ksT+Owg=',0,1,0,'2013-11-04 16:31:45','2013-11-01 13:04:25'),(328,'me12b079','Ashok Kumar Yadav','','ashokkumariitm@gmail.com','pbkdf2_sha256$10000$sYYYKhivjXjt$g1Lzcxd6Xt0Tg0X0iQUxeqx8x6DZR0ucSpi1dZc8atY=',0,1,0,'2013-11-04 16:39:55','2013-11-01 13:04:25'),(329,'ed10b055','Raunaq Banga','','spykid21@gmail.com','pbkdf2_sha256$10000$T9Y3Z1CzG2bt$939RScabJThNDnvXYDTlg3sq2dy1b9PEDu75X/n15kA=',0,1,0,'2013-11-06 10:06:41','2013-11-01 13:04:25'),(330,'ph10b004','Gautam Venugopalan','','krakedbones235@gmail.com,gautam.venugopalan@gmail.com','pbkdf2_sha256$10000$cUr9NmKVztF0$S1C0AHWB2ZR+PhjRD3XFI7tej4VVLotPHfwd+LqAMWk=',0,1,0,'2013-11-01 13:04:26','2013-11-01 13:04:26'),(331,'hs10h028','Rituja Saha','','srituja@gmail.com','pbkdf2_sha256$10000$yxU9PitO1X0R$lNC9vChcnk0+bDeeWTUF+Y2sR3p2oj+05T9WRsiI358=',0,1,0,'2013-11-01 13:04:26','2013-11-01 13:04:26'),(332,'hs10h034','Smita Mujumdar','','atims245@gmail.com','pbkdf2_sha256$10000$AkVmR8072WKB$zZS6rutwa3F/8sIbGOaM03HptS6HUOrQZS2qgtI2HfE=',0,1,0,'2013-11-02 03:40:07','2013-11-01 13:04:26'),(333,'me12b158','Ankit Jain','','bhaiji.ankitjain1993@gmail.com','pbkdf2_sha256$10000$AdjrMR9KlhWc$nMsUzBmXs9YgwJoZyvKijXepcePUgcUaOyghCpTnuKY=',0,1,0,'2013-11-01 13:04:27','2013-11-01 13:04:27'),(334,'bt11b017','Dhruva Katrekar','','dhruvakatrekar@gmail.com','pbkdf2_sha256$10000$dGH6BUGrDjy5$6Jjyw+NKcgnu26SaR9flXmv1Xx3RqWzggJSoKdP88UA=',0,1,0,'2013-11-03 16:14:40','2013-11-01 13:04:27'),(335,'cs11b028','Viswajith Venugopal','','viswajithiii@gmail.com','pbkdf2_sha256$10000$UQNSFC00SHBq$eZ6ScLU6xj5QPew/BGMcdIIfvyh02xI8j5QYOZjyxGU=',0,1,0,'2013-11-10 11:00:26','2013-11-01 13:04:27'),(336,'ee11b018','Gouthaman Vb','','gtmnvb@gmail.com','pbkdf2_sha256$10000$G4FtsnnRPsgo$1B8ngJ2vks9EDUvnrHVrYaGO4skDeTzmfVVjilt0KIQ=',0,1,0,'2013-11-01 13:04:28','2013-11-01 13:04:28'),(337,'hs11h012','Asmita Ghosh','','asmitaghosh18@gmail.com','pbkdf2_sha256$10000$bUjxSP1j8gaQ$0YqKYaCe4WxXc4sfWf9lsVzosAMnuz6vn5SDKRckJOg=',0,1,0,'2013-11-06 09:33:08','2013-11-01 13:04:28'),(338,'me11b102','Arjun Ajay','','arjunajay100@gmail.com','pbkdf2_sha256$10000$jtzGe1WEznaJ$u2966obBLKHqmMSWNgYD35GG04VfZJThXohwYmqFMJg=',0,1,0,'2013-11-01 13:04:28','2013-11-01 13:04:28'),(339,'ae10b005','Chandru D','','chandrudiitm@gmail.com','pbkdf2_sha256$10000$RafwWrPbi5Tq$WpmUzX4M5yFGsTWlv06OsvrJVaXcUGH75GV3jjk7E7o=',0,1,0,'2013-11-01 13:04:29','2013-11-01 13:04:29'),(340,'ae10b012','Harish Km','','harish.km91@gmail.com','pbkdf2_sha256$10000$qdzOe3DSIMdx$aITj+BK+3jeATKNY7VzKVNO9yz9jmyJfG4o+G1oSDvg=',0,1,0,'2013-11-01 13:04:29','2013-11-01 13:04:29'),(341,'ae10b031','J Vegnesh','','vegnesh@gmail.com','pbkdf2_sha256$10000$xDeWlZzQtyPR$6aO5sw8u4rc/nfyhjUddrKZAyNxsl1XIZVvnFZSz05w=',0,1,0,'2013-11-08 18:54:36','2013-11-01 13:04:29'),(342,'bs12b036','Abheek Dasgupta','','abheektheemperor@gmail.com','pbkdf2_sha256$10000$9mMn9PC6OHtL$q92m3hqKwg1v+e4v8lsOW7IezxPktpXXSKKjo78JhqQ=',0,1,0,'2013-11-01 13:04:30','2013-11-01 13:04:30'),(343,'me12b153','Amarnath','','shankvee@gmail.com','pbkdf2_sha256$10000$tjJB6AF0mYBW$hBQVKtrx708Ww2XiUMpMaRK+VTmyfoDIo/VzkBDg0Ro=',0,1,0,'2013-11-07 13:28:45','2013-11-01 13:04:30'),(344,'me12b154','Vedant Agrawal','','vedant.agrawal13@gmail.com','pbkdf2_sha256$10000$9FEC1PeMbiX5$xZST6/HeVTdzg6MxdobwMu1N9hZjmCDu8q0jHyXXiIE=',0,1,0,'2013-11-03 13:49:48','2013-11-01 13:04:30'),(345,'na12b024','Prasanna Venkatesh','','rpvenkatesh.938@gmail.com','pbkdf2_sha256$10000$YIMPZGVcTZuT$PrG4zTJV5tXAO0inflXMDvRwud/ZQdk0VjyNejAD6o8=',0,1,0,'2013-11-01 13:04:31','2013-11-01 13:04:31'),(346,'hs12h012','Bhargavi Suryanarayanan','','bhargavi.suryanarayanan@gmail.com','pbkdf2_sha256$10000$TyKCmSxmea58$puAFjW2tMDSgJZjLBAWvlsfO3myu/XPkwjKQUUhWRHw=',0,1,0,'2013-11-01 13:04:31','2013-11-01 13:04:31'),(347,'hs12h018','Isha Bhallamudi','','b.isha.ravi@gmail.com','pbkdf2_sha256$10000$wTtboLZrLsPw$LyaF1RGxIkkCuKN3j7UiCdoMDhBXKeaGrPVF1UebXjs=',0,1,0,'2013-11-01 13:04:31','2013-11-01 13:04:31'),(348,'bt11b003','Aravindabharati R','','aravindabharathi@gmail.com','pbkdf2_sha256$10000$u79hAAYcKURi$Mo53ckxwjw+V/XN5hJCQuIImWU7Vejx52y2kaknmCyY=',0,1,0,'2013-11-03 17:36:30','2013-11-01 13:04:32'),(349,'ch11b058e','Shivamshu Prabhakar','','shivamshu.prabhakar@gmail.com','pbkdf2_sha256$10000$Q6efNWLcTRNr$2fCpITLIGtm6aQXbzX3u6F+AdlzHpyXQocwesaBR4eE=',0,1,0,'2013-11-01 13:04:32','2013-11-01 13:04:32'),(350,'hs10h029','Sahil Mathur','','sahilmathur92@gmail.com','pbkdf2_sha256$10000$PhqA3Dao10yA$vW7PAwztI9CFMrWKO050S8LK2MG6whDaGCuBfLU6/Og=',0,1,0,'2013-11-05 13:38:27','2013-11-01 13:04:32'),(351,'ce11b051','Sharmad Navelker','','sharmadmf@gmail.com','pbkdf2_sha256$10000$XNdMljBoPGo0$3HZ4sn5Dc8+VRzix0UAR8M45HR5TN3hVlyGEmNs/hwk=',0,1,0,'2013-11-06 09:55:53','2013-11-01 13:04:33'),(352,'na11b024','Nikhil Alphonse','','nikhilalphonse@gmail.com','pbkdf2_sha256$10000$N8xFj73LoR5V$fXKo1dMI/FkZ6suQ1urM0sxOvBdywK2NO/uu4J76ufI=',0,1,0,'2013-11-08 19:02:43','2013-11-01 13:04:33'),(353,'ch12b040','Nehal','','nehalthegenius01@gmail.com','pbkdf2_sha256$10000$ehs1Kwj7dYOn$9RDbvQgy87xfDH6HWudznv2b0M3uNzFPLYCMDfb9I+0=',0,1,0,'2013-11-07 17:12:12','2013-11-01 13:04:33'),(354,'me12b125','Aayush Gupta','','aayushgupta7295@gmail.com','pbkdf2_sha256$10000$lxlr67ls5Fc9$FfOG+eOLt4+zrzvOWWtE2Xw9CTpRgHGWBQMcxBZ2bzM=',0,1,0,'2013-11-09 16:07:04','2013-11-01 13:04:34'),(355,'ch09b075','Umashankar','','tdrickshaw@gmail.com','pbkdf2_sha256$10000$UMZkaCy61crG$i5pt1Sc/CSwySrNFKuTzgRpH3TTlIm4Ccrro27Vk3FI=',0,1,0,'2013-11-01 13:04:34','2013-11-01 13:04:34'),(356,'ee10b009','Elangkumaran Jayabharathi','','elangkumaranj@gmail.com','pbkdf2_sha256$10000$6r0m2lcAeEud$k81RShrcKP+ek9kbf1wPZR3G0oWtDFkQ50Wm1urbcMM=',0,1,0,'2013-11-01 13:04:34','2013-11-01 13:04:34'),(357,'ae11b033','Vedanth Nair','','vedanth.nair44@gmail.com','pbkdf2_sha256$10000$upRAOULSSRdx$iDKD79RM1WvZX+Gjg9mysPUvJEKdgHLP9R+VtuhVYiA=',0,1,0,'2013-11-01 13:04:35','2013-11-01 13:04:35'),(358,'ch11b022','Digvijay Mahra','','digvj92@gmail.com','pbkdf2_sha256$10000$uObg3csL82bR$CRpVHqzRGLFhFMJABR1ZYFq+7IfbLaoiShFNRdJnlOg=',0,1,0,'2013-11-01 17:30:42','2013-11-01 13:04:35'),(359,'hs10h023','Pradyot Bharadwaj','','pradyot2801@gmail.com','pbkdf2_sha256$10000$gvayJxM5nteO$GxC9Nf383BvWLRxNq5EsC76h7GNVDcpPYrGyJlkwnB8=',0,1,0,'2013-11-01 13:04:35','2013-11-01 13:04:35'),(360,'ae11b015','Karthik Chandrasekar','','karthik.chandrasekar1992@gmail.com','pbkdf2_sha256$10000$G5AoSVRJQ6pm$U7Dbfe94d41Kc4To2Nl3Q2vj9uUGI1duBpbffGAai/Y=',0,1,0,'2013-11-01 13:34:46','2013-11-01 13:04:36'),(361,'ee12b085','Harshith Guntha','','hgunta@gmail.com','pbkdf2_sha256$10000$TrWd88gL8QJK$B5kFJpPX5wVEXcRS1SW+hXjPh+lTdljYHF7PyzQxyfI=',0,1,0,'2013-11-01 13:04:36','2013-11-01 13:04:36'),(362,'hs12h024','Krupa Maria Varghese','','k4krupa.94@gmail.com','pbkdf2_sha256$10000$VZByUwYLkKqW$MENYMfs/LzZJ6eSm/1D8mOqDuTW2dJQLOfsr9z00Uww=',0,1,0,'2013-11-09 02:38:57','2013-11-01 13:04:36'),(363,'hs12h050','Namita Krishnamurty','','namita.krishnamurthy@gmail.com','pbkdf2_sha256$10000$lTMPjfqIiHl5$3Q6fLIbYCHTbV+VEsYh+S4ZnNhghL3nSiu+9sBXHJTQ=',0,1,0,'2013-11-01 13:04:37','2013-11-01 13:04:37'),(364,'mm12b021','Pvss Raju','','tedsuperio@gmail.com','pbkdf2_sha256$10000$LUSpsRBzY2ae$4tnYSAjTks8TZLnGFRGhviwCJ+9IlFut0vS371SgzYA=',0,1,0,'2013-11-04 07:27:48','2013-11-01 13:04:37'),(365,'ae12b011','Mythreya L','','lmythreya@gmail.com','pbkdf2_sha256$10000$UktiDrPgfTzH$9MkWYf4NRacI6TRUKBMPbckQHmqEHzzzF/b/1bP1cKU=',0,1,0,'2013-11-01 13:04:37','2013-11-01 13:04:37'),(366,'ce11b026','Kaviya Piriyah','','kaviya.cornetto@gmail.com','pbkdf2_sha256$10000$2h017fcTaU6f$CJj1gu5hgQmvlS4gg+xzpP8BhOxlo2egiOEuVn8WsYw=',0,1,0,'2013-11-01 13:04:38','2013-11-01 13:04:38'),(367,'ch12b080','Daniel Viju','','danijoel4536@gmail.com','pbkdf2_sha256$10000$tr2xYgjSJctb$F8f3R1e2aIYkm5m1D5yiMpKEnLNmuSqQ4ElTHrjqW9M=',0,1,0,'2013-11-06 09:37:25','2013-11-01 13:04:38'),(368,'hs12h021','Kavya Rb','','rbkavya@gmail.com','pbkdf2_sha256$10000$k29AibCFLS5D$+o6HCFgvIMD5OYNUujVPBFcX4tk8BjrNvnbcrF+BXlo=',0,1,0,'2013-11-04 12:17:58','2013-11-01 13:04:38'),(369,'hs11h034','Rukma Prince','','rukmaprince@gmail.com','pbkdf2_sha256$10000$Sb3yzwNiCNR4$cnu/zELCrkSBc2SrJNPNdicYA3CrXG/la9s3KHVkp9E=',0,1,0,'2013-11-02 05:21:03','2013-11-01 13:04:39'),(370,'hs12h002','Akshyah Kumar','','akshy.krish94@gmail.com','pbkdf2_sha256$10000$OxKHeGM6EmHJ$VLAcQLB2vxe+XjQg+FSCGe9W9CbJjciWkCdF4njNUVA=',0,1,0,'2013-11-03 12:28:18','2013-11-01 13:04:39'),(371,'ch11b093','Nirmal','','hbk.nirmal@gmail.com','pbkdf2_sha256$10000$bBq8gq83mNw0$g6nmRNaFD8O+0/Zd+0thWYAMFKU0FsGg93E2Sw2fjVY=',0,1,0,'2013-11-09 05:58:32','2013-11-01 13:04:39'),(372,'ep11b002','Akshay','','akshaykri@gmail.com','pbkdf2_sha256$10000$FpTT1vXFFdRV$Kcr/3Hvqc1eKMOzac+coKhXfSXy+NP25xTQ0ORLNQgs=',0,1,0,'2013-11-05 01:12:53','2013-11-01 13:04:40'),(373,'hs11h035','Kanishka','','kanishk.sv@gmail.com','pbkdf2_sha256$10000$BYdAOj7g6vZH$gZg9ZQTtprfAc4+oASmjUPXsx8Wbx51L/T8S2rHKU/g=',0,1,0,'2013-11-06 09:20:27','2013-11-01 13:04:40'),(374,'hs12h014','Chandrashekar N','','attnchand@gmail.com','pbkdf2_sha256$10000$3xldIvI6vV06$DHuVnmI8YrkO76FNcBIbFcb7hwWcwYQ0UDM5sbL5H/4=',0,1,0,'2013-11-03 15:49:41','2013-11-01 13:04:40'),(375,'hs12h040','Shubhajit Das','','shubhajitdas_25@hotmail.com','pbkdf2_sha256$10000$cKzUdfZpzTwE$0wbX8OkiA3+8nU00IJrjkV5zkH75jvFbmM+WZkx4zbU=',0,1,0,'2013-11-01 13:04:41','2013-11-01 13:04:41'),(376,'saarango','','','webadmin@saarang.org','pbkdf2_sha256$10000$o0h5eQCXZdkc$Jh3D69IsKcJn+AgpIbs/frBOC7oS6S83Wd3ShcbZR48=',0,1,0,'2013-11-03 14:53:21','2013-11-03 14:53:21'),(377,'admin','','','webadmin@saarang.org','pbkdf2_sha256$10000$qQnOwqdneOyh$gL7wxrl1eV7E1sK/vkllNGvYcTwzkfAV+N4pbIiOY1g=',1,1,1,'2013-11-10 10:27:24','2013-11-03 14:55:53'),(378,'content_manager','Content Manager','','surajrn@gmail.com','pbkdf2_sha256$10000$GpzkcJu4NhWW$ZznvmGU/f2ERHgqnVV+dJcxWdTtcxZgbnpYocTy9xG8=',0,1,0,'2013-11-08 18:52:22','2013-11-03 14:57:49');
/*!40000 ALTER TABLE `auth_user` ENABLE KEYS */;
UNLOCK TABLES;

--
-- Table structure for table `auth_user_groups`
--

DROP TABLE IF EXISTS `auth_user_groups`;
/*!40101 SET @saved_cs_client     = @@character_set_client */;
/*!40101 SET character_set_client = utf8 */;
CREATE TABLE `auth_user_groups` (
  `id` int(11) NOT NULL AUTO_INCREMENT,
  `user_id` int(11) NOT NULL,
  `group_id` int(11) NOT NULL,
  PRIMARY KEY (`id`),
  UNIQUE KEY `user_id` (`user_id`,`group_id`),
  KEY `auth_user_groups_403f60f` (`user_id`),
  KEY `auth_user_groups_425ae3c4` (`group_id`)
) ENGINE=MyISAM AUTO_INCREMENT=377 DEFAULT CHARSET=latin1;
/*!40101 SET character_set_client = @saved_cs_client */;

--
-- Dumping data for table `auth_user_groups`
--

LOCK TABLES `auth_user_groups` WRITE;
/*!40000 ALTER TABLE `auth_user_groups` DISABLE KEYS */;
INSERT INTO `auth_user_groups` VALUES (1,3,1),(2,4,1),(3,5,1),(4,6,1),(5,7,1),(6,8,1),(7,9,1),(8,10,1),(9,11,1),(10,12,1),(11,13,1),(12,14,1),(13,15,1),(14,16,1),(15,17,1),(16,18,1),(17,19,1),(18,20,1),(19,21,1),(20,22,1),(21,23,1),(22,24,1),(376,25,1),(24,26,1),(25,27,1),(26,28,2),(27,29,2),(28,30,2),(29,31,2),(30,32,2),(31,33,2),(32,34,2),(33,35,2),(34,36,2),(35,37,2),(36,38,2),(37,39,2),(38,40,2),(39,41,2),(40,42,2),(41,43,2),(42,44,2),(43,45,2),(44,46,2),(45,47,2),(46,48,2),(47,49,2),(48,50,2),(49,51,2),(50,52,2),(51,53,2),(52,54,2),(53,55,2),(54,56,2),(55,57,2),(56,58,2),(57,59,2),(58,60,2),(59,61,2),(60,62,2),(61,63,2),(62,64,2),(63,65,2),(64,66,2),(65,67,2),(66,68,2),(67,69,2),(68,70,2),(69,71,2),(70,72,2),(71,73,2),(72,74,2),(73,75,2),(74,76,2),(75,77,2),(76,78,2),(77,79,2),(78,80,2),(79,81,2),(80,82,2),(81,83,2),(82,84,2),(83,85,2),(84,86,2),(85,87,2),(86,88,2),(87,89,2),(88,90,2),(89,91,2),(90,92,2),(91,93,2),(92,94,2),(93,95,2),(94,96,2),(95,97,2),(96,98,2),(97,99,2),(98,100,2),(99,101,2),(100,102,2),(101,103,2),(102,104,2),(103,105,2),(104,106,2),(105,107,2),(106,108,2),(107,109,2),(108,110,2),(109,111,2),(110,112,2),(111,113,2),(112,114,2),(113,115,2),(114,116,2),(115,117,2),(116,118,2),(117,119,2),(118,120,2),(119,121,2),(120,122,2),(121,123,2),(122,124,2),(123,125,2),(124,126,2),(125,127,2),(126,128,2),(127,129,2),(128,130,2),(129,131,2),(130,132,2),(131,133,2),(132,134,2),(133,135,2),(134,136,2),(135,137,2),(136,138,2),(137,139,2),(138,140,2),(139,141,2),(140,142,2),(141,143,2),(142,144,2),(143,145,2),(144,146,2),(145,147,2),(146,148,2),(147,149,2),(148,150,2),(149,151,2),(150,152,2),(151,153,2),(152,154,2),(153,155,2),(154,156,2),(155,157,2),(156,158,2),(157,159,2),(158,160,2),(159,161,2),(160,162,2),(161,163,2),(162,164,2),(163,165,2),(164,166,2),(165,167,2),(166,168,2),(167,169,2),(168,170,2),(169,171,2),(170,172,2),(171,173,2),(172,174,2),(173,175,2),(174,176,2),(175,177,2),(176,178,2),(177,179,2),(178,180,2),(179,181,2),(180,182,2),(181,183,2),(182,184,2),(183,185,2),(184,186,2),(185,187,2),(186,188,2),(187,189,2),(188,190,2),(189,191,2),(190,192,2),(191,193,2),(192,194,2),(193,195,2),(194,196,2),(195,197,2),(196,198,2),(197,199,2),(198,200,2),(199,201,2),(200,202,2),(201,203,2),(202,204,2),(203,205,2),(204,206,2),(205,207,2),(206,208,2),(207,209,2),(208,210,2),(209,211,2),(210,212,2),(211,213,2),(212,214,2),(213,215,2),(214,216,2),(215,217,2),(216,218,2),(217,219,2),(218,220,2),(219,221,2),(220,222,2),(221,223,2),(222,224,2),(223,225,2),(224,226,2),(225,227,2),(226,228,2),(227,229,2),(228,230,2),(229,231,2),(230,232,2),(231,233,2),(232,234,2),(233,235,2),(234,236,2),(235,237,2),(236,238,2),(237,239,2),(238,240,2),(239,241,2),(240,242,2),(241,243,2),(242,244,2),(243,245,2),(244,246,2),(245,247,2),(246,248,2),(247,249,2),(248,250,2),(249,251,2),(250,252,2),(251,253,2),(252,254,2),(253,255,2),(254,256,2),(255,257,2),(256,258,2),(257,259,2),(258,260,2),(259,261,2),(260,262,2),(261,263,2),(262,264,2),(263,265,2),(264,266,2),(265,267,2),(266,268,2),(267,269,2),(268,270,2),(269,271,2),(270,272,2),(271,273,2),(272,274,2),(273,275,2),(274,276,2),(275,277,2),(276,278,2),(277,279,2),(278,280,2),(279,281,2),(280,282,2),(281,283,2),(282,284,2),(283,285,2),(284,286,2),(285,287,2),(286,288,2),(287,289,2),(288,290,2),(289,291,2),(290,292,2),(291,293,2),(292,294,2),(293,295,2),(294,296,2),(295,297,2),(296,298,2),(297,299,2),(298,300,2),(299,301,2),(300,302,2),(301,303,2),(302,304,2),(303,305,2),(304,306,2),(305,307,2),(306,308,2),(307,309,2),(308,310,2),(309,311,2),(310,312,2),(311,313,2),(312,314,2),(313,315,2),(314,316,2),(315,317,2),(316,318,2),(317,319,2),(318,320,2),(319,321,2),(320,322,2),(321,323,2),(322,324,2),(323,325,2),(324,326,2),(325,327,2),(326,328,2),(327,329,2),(328,330,2),(329,331,2),(330,332,2),(331,333,2),(332,334,2),(333,335,2),(334,336,2),(335,337,2),(336,338,2),(337,339,2),(338,340,2),(339,341,2),(340,342,2),(341,343,2),(342,344,2),(343,345,2),(344,346,2),(345,347,2),(346,348,2),(347,349,2),(348,350,2),(349,351,2),(350,352,2),(351,353,2),(352,354,2),(353,355,2),(354,356,2),(355,357,2),(356,358,2),(357,359,2),(358,360,2),(359,361,2),(360,362,2),(361,363,2),(362,364,2),(363,365,2),(364,366,2),(365,367,2),(366,368,2),(367,369,2),(368,370,2),(369,371,2),(370,372,2),(371,373,2),(372,374,2),(373,375,2),(375,378,1);
/*!40000 ALTER TABLE `auth_user_groups` ENABLE KEYS */;
UNLOCK TABLES;

--
-- Table structure for table `auth_user_user_permissions`
--

DROP TABLE IF EXISTS `auth_user_user_permissions`;
/*!40101 SET @saved_cs_client     = @@character_set_client */;
/*!40101 SET character_set_client = utf8 */;
CREATE TABLE `auth_user_user_permissions` (
  `id` int(11) NOT NULL AUTO_INCREMENT,
  `user_id` int(11) NOT NULL,
  `permission_id` int(11) NOT NULL,
  PRIMARY KEY (`id`),
  UNIQUE KEY `user_id` (`user_id`,`permission_id`),
  KEY `auth_user_user_permissions_403f60f` (`user_id`),
  KEY `auth_user_user_permissions_1e014c8f` (`permission_id`)
) ENGINE=MyISAM DEFAULT CHARSET=latin1;
/*!40101 SET character_set_client = @saved_cs_client */;

--
-- Dumping data for table `auth_user_user_permissions`
--

LOCK TABLES `auth_user_user_permissions` WRITE;
/*!40000 ALTER TABLE `auth_user_user_permissions` DISABLE KEYS */;
/*!40000 ALTER TABLE `auth_user_user_permissions` ENABLE KEYS */;
UNLOCK TABLES;

--
-- Table structure for table `django_admin_log`
--

DROP TABLE IF EXISTS `django_admin_log`;
/*!40101 SET @saved_cs_client     = @@character_set_client */;
/*!40101 SET character_set_client = utf8 */;
CREATE TABLE `django_admin_log` (
  `id` int(11) NOT NULL AUTO_INCREMENT,
  `action_time` datetime NOT NULL,
  `user_id` int(11) NOT NULL,
  `content_type_id` int(11) DEFAULT NULL,
  `object_id` longtext,
  `object_repr` varchar(200) NOT NULL,
  `action_flag` smallint(5) unsigned NOT NULL,
  `change_message` longtext NOT NULL,
  PRIMARY KEY (`id`),
  KEY `django_admin_log_403f60f` (`user_id`),
  KEY `django_admin_log_1bb8f392` (`content_type_id`)
) ENGINE=MyISAM AUTO_INCREMENT=4 DEFAULT CHARSET=latin1;
/*!40101 SET character_set_client = @saved_cs_client */;

--
-- Dumping data for table `django_admin_log`
--

LOCK TABLES `django_admin_log` WRITE;
/*!40000 ALTER TABLE `django_admin_log` DISABLE KEYS */;
INSERT INTO `django_admin_log` VALUES (1,'2013-11-03 14:58:51',377,3,'378','content_manager',2,'Changed password, first_name, email and groups. Changed status for UserProfile \"content_manager\".'),(2,'2013-11-03 14:59:34',377,3,'378','content_manager',2,'Changed password. Changed nick, saarang_email and dept for UserProfile \"content_manager\".'),(3,'2013-11-03 18:09:49',377,3,'25','karthik',2,'Changed password and is_superuser. Changed hostel and room for UserProfile \"karthik\".');
/*!40000 ALTER TABLE `django_admin_log` ENABLE KEYS */;
UNLOCK TABLES;

--
-- Table structure for table `django_content_type`
--

DROP TABLE IF EXISTS `django_content_type`;
/*!40101 SET @saved_cs_client     = @@character_set_client */;
/*!40101 SET character_set_client = utf8 */;
CREATE TABLE `django_content_type` (
  `id` int(11) NOT NULL AUTO_INCREMENT,
  `name` varchar(100) NOT NULL,
  `app_label` varchar(100) NOT NULL,
  `model` varchar(100) NOT NULL,
  PRIMARY KEY (`id`),
  UNIQUE KEY `app_label` (`app_label`,`model`)
) ENGINE=MyISAM AUTO_INCREMENT=26 DEFAULT CHARSET=latin1;
/*!40101 SET character_set_client = @saved_cs_client */;

--
-- Dumping data for table `django_content_type`
--

LOCK TABLES `django_content_type` WRITE;
/*!40000 ALTER TABLE `django_content_type` DISABLE KEYS */;
INSERT INTO `django_content_type` VALUES (1,'permission','auth','permission'),(2,'group','auth','group'),(3,'user','auth','user'),(4,'content type','contenttypes','contenttype'),(5,'session','sessions','session'),(6,'site','sites','site'),(7,'log entry','admin','logentry'),(8,'migration history','south','migrationhistory'),(9,'Department Forum','forum','forum'),(10,'Topic','forum','topic'),(11,'Post','forum','post'),(12,'UserProfile','userprofile','userprofile'),(13,'department','erp','department'),(14,'sub department','erp','subdepartment'),(15,'task','task','task'),(16,'comment','task','comment'),(17,'event','events','event'),(18,'faq','events','faq'),(19,'saarang user','registration','saaranguser'),(20,'ticket','ticket','ticket'),(21,'transaction','ticket','transaction'),(22,'transaction_final','ticket','transaction_final'),(23,'team','events','team'),(24,'event registration','events','eventregistration'),(25,'notification','notifications','notification');
/*!40000 ALTER TABLE `django_content_type` ENABLE KEYS */;
UNLOCK TABLES;

--
-- Table structure for table `django_session`
--

DROP TABLE IF EXISTS `django_session`;
/*!40101 SET @saved_cs_client     = @@character_set_client */;
/*!40101 SET character_set_client = utf8 */;
CREATE TABLE `django_session` (
  `session_key` varchar(40) NOT NULL,
  `session_data` longtext NOT NULL,
  `expire_date` datetime NOT NULL,
  PRIMARY KEY (`session_key`),
  KEY `django_session_3da3d3d8` (`expire_date`)
) ENGINE=MyISAM DEFAULT CHARSET=latin1;
/*!40101 SET character_set_client = @saved_cs_client */;

--
-- Dumping data for table `django_session`
--

LOCK TABLES `django_session` WRITE;
/*!40000 ALTER TABLE `django_session` DISABLE KEYS */;
INSERT INTO `django_session` VALUES ('d70aa42beb5440484ece49627943cd12','M2I4ZTdkNjVjZTAyZTEyZjhiYzAxMjZmNDJmMmQyZGVlZWUzMzcyNjqAAn1xAShVEl9hdXRoX3Vz\nZXJfYmFja2VuZHECVSlkamFuZ28uY29udHJpYi5hdXRoLmJhY2tlbmRzLk1vZGVsQmFja2VuZHED\nVQ1fYXV0aF91c2VyX2lkcQSKAiMBdS4=\n','2013-11-15 15:09:17'),('2ea8062fca47793c6978f062bc74d003','YWZjNGJhZTQ0NWE1N2RmZDIxNzA3ZGI4OTQ5YjkxMGMyOWU2Mjk0MDqAAn1xAS4=\n','2013-11-15 13:52:47'),('6e28b5e797a25845d9dda2a09de056ff','M2E4ZjkzNmQ1ZDJlOTQzOGIwOTlhNDYzZTkwYjQ1MmMyNmI1OWM4NDqAAn1xAShVEl9hdXRoX3Vz\nZXJfYmFja2VuZHECVSlkamFuZ28uY29udHJpYi5hdXRoLmJhY2tlbmRzLk1vZGVsQmFja2VuZHED\nVQ1fYXV0aF91c2VyX2lkcQSKAmgBdS4=\n','2013-11-15 13:34:46'),('7f7bd1734dc108705bd4e7e4372ca563','MjdiZTI0NTdiMzQwODhlOWU2MWI2MmNlNTU4M2JhMzNkMmUxOTIzZTqAAn1xAShVEl9hdXRoX3Vz\nZXJfYmFja2VuZHECVSlkamFuZ28uY29udHJpYi5hdXRoLmJhY2tlbmRzLk1vZGVsQmFja2VuZHED\nVQ1fYXV0aF91c2VyX2lkcQSKAjEBdS4=\n','2013-11-15 16:02:55'),('418fcf33c82e02f776ae05c271275e4b','ZTM2ZjY3MzRjOTY4ZGNmNjc1Y2FlMDJlZWE1ZmI0ZGExYzc4MWY3NTqAAn1xAShVEl9hdXRoX3Vz\nZXJfYmFja2VuZHECVSlkamFuZ28uY29udHJpYi5hdXRoLmJhY2tlbmRzLk1vZGVsQmFja2VuZHED\nVQ1fYXV0aF91c2VyX2lkcQSKARl1Lg==\n','2013-11-18 00:46:37'),('10b3f21c2d628f062a116ecd35266e1f','YzZkYzk1YmRmNGIwNTkwZmMzOTc2NDE3YjVhNTQxNzdkZmYyMWM4YTqAAn1xAShVEl9hdXRoX3Vz\nZXJfYmFja2VuZHECVSlkamFuZ28uY29udHJpYi5hdXRoLmJhY2tlbmRzLk1vZGVsQmFja2VuZHED\nVQ1fYXV0aF91c2VyX2lkcQSKAmYBdS4=\n','2013-11-15 17:30:42'),('a4e0d8c3e151504e94db46e2df16b098','MzJiZGZjOTZlY2Y4NjRkZmQ4ZmExZjAyZDU4NDBiMmM4NzJkZjQ1YTqAAn1xAShVEl9hdXRoX3Vz\nZXJfYmFja2VuZHECVSlkamFuZ28uY29udHJpYi5hdXRoLmJhY2tlbmRzLk1vZGVsQmFja2VuZHED\nVQ1fYXV0aF91c2VyX2lkcQSKAmEBdS4=\n','2013-11-15 17:20:50'),('b3051a8d26d0fe99c200bfde96aa5763','NzZiMWIyNjhlODA2MTY3MjAyNDYxYmRlZmUxODJkN2IxMWFmZTcxNDqAAn1xAShVEl9hdXRoX3Vz\nZXJfYmFja2VuZHECVSlkamFuZ28uY29udHJpYi5hdXRoLmJhY2tlbmRzLk1vZGVsQmFja2VuZHED\nVQ1fYXV0aF91c2VyX2lkcQSKAlgBdS4=\n','2013-11-15 17:46:48'),('a37638fac2f3721aa61fc5d3dca5f8f3','YTVmYTFmNDc4ZDA5NzQ0M2YyZjdkOGRhMTZkM2VlYTAxYmMwNjMzMjqAAn1xAShVEl9hdXRoX3Vz\nZXJfYmFja2VuZHECVSlkamFuZ28uY29udHJpYi5hdXRoLmJhY2tlbmRzLk1vZGVsQmFja2VuZHED\nVQ1fYXV0aF91c2VyX2lkcQSKAk8BdS4=\n','2013-11-20 13:57:46'),('39ba5fde12f59793e16b8529b3ba4243','NWVlZWI0MTRiNDM5NWIzMjUzNDVhNjY0YjBhMWE5NWRjNDJhNDRhNzqAAn1xAShVEl9hdXRoX3Vz\nZXJfYmFja2VuZHECVSlkamFuZ28uY29udHJpYi5hdXRoLmJhY2tlbmRzLk1vZGVsQmFja2VuZHED\nVQ1fYXV0aF91c2VyX2lkcQSKAgsBdS4=\n','2013-11-15 19:54:54'),('188e497d10531be9b83dbc40f236e1e0','MWMzNGZiZDFjYTg0OTM5NzllYzM2YzkyNmI3YTFhODk4N2NmMzU5YTqAAn1xAShVEl9hdXRoX3Vz\nZXJfYmFja2VuZHECVSlkamFuZ28uY29udHJpYi5hdXRoLmJhY2tlbmRzLk1vZGVsQmFja2VuZHED\nVQ1fYXV0aF91c2VyX2lkcQSKAsYAdS4=\n','2013-11-15 19:17:41'),('0286bee372932ba659e9bcf4a152f9d5','MmJhZDU3NThkYjUxNDRkNjZkMzcyYmY0M2Y3MWU2ODJhOGMyMzY0MjqAAn1xAShVEl9hdXRoX3Vz\nZXJfYmFja2VuZHECVSlkamFuZ28uY29udHJpYi5hdXRoLmJhY2tlbmRzLk1vZGVsQmFja2VuZHED\nVQ1fYXV0aF91c2VyX2lkcQSKAr4AdS4=\n','2013-11-15 19:13:31'),('9824d216d24619bf2b2e1b93cb7cfac1','YWZjNGJhZTQ0NWE1N2RmZDIxNzA3ZGI4OTQ5YjkxMGMyOWU2Mjk0MDqAAn1xAS4=\n','2013-11-15 19:29:39'),('95b5a058ed0003e1de8e464cba098f89','NDlmZTgzYTQ4NmU0Y2IxZmI0ZDhhZjhmZDhkYTBhNjY3ODg5NDdlMTqAAn1xAShVEl9hdXRoX3Vz\nZXJfYmFja2VuZHECVSlkamFuZ28uY29udHJpYi5hdXRoLmJhY2tlbmRzLk1vZGVsQmFja2VuZHED\nVQ1fYXV0aF91c2VyX2lkcQSKAkwBdS4=\n','2013-11-16 03:40:07'),('a3ead21172deeeec31a15b67c3eb3029','YTI1ODYyNTdhMjI1NWMyOGMzOGJmYWNlMDU5MmNhMGFlZDJjZWJhODqAAn1xAShVEl9hdXRoX3Vz\nZXJfYmFja2VuZHECVSlkamFuZ28uY29udHJpYi5hdXRoLmJhY2tlbmRzLk1vZGVsQmFja2VuZHED\nVQ1fYXV0aF91c2VyX2lkcQSKARh1Lg==\n','2013-11-18 15:41:47'),('c5acff4761784e7a47b41328732e0f93','ZTdlY2E1M2YyMjkzYmRmNzY0NDNiYmM5MjU0OWNkYmU3OGRjNTNlZjqAAn1xAShVEl9hdXRoX3Vz\nZXJfYmFja2VuZHECVSlkamFuZ28uY29udHJpYi5hdXRoLmJhY2tlbmRzLk1vZGVsQmFja2VuZHED\nVQ1fYXV0aF91c2VyX2lkcQSKAhwBdS4=\n','2013-11-15 20:20:24'),('e3fb0326f1b10096e3e24955d2281d70','YWZjNGJhZTQ0NWE1N2RmZDIxNzA3ZGI4OTQ5YjkxMGMyOWU2Mjk0MDqAAn1xAS4=\n','2013-11-16 01:01:51'),('686665445f07fe70e522b80e10b3612f','MTg3MjA4NGU1OWE0ODgzM2JkNmUwMTU4MTZiMmM4Y2I0M2Q2ZmY5OTqAAn1xAShVEl9hdXRoX3Vz\nZXJfYmFja2VuZHECVSlkamFuZ28uY29udHJpYi5hdXRoLmJhY2tlbmRzLk1vZGVsQmFja2VuZHED\nVQ1fYXV0aF91c2VyX2lkcQSKAh8BdS4=\n','2013-11-16 04:09:01'),('c2c47160f8ab8da4a80d15244da131fd','NDk1OTg5N2UxOWNiYWI3N2E2ZDBjN2M5MTA0YjFhNDRhMmRmNjNiYzqAAn1xAShVEl9hdXRoX3Vz\nZXJfYmFja2VuZHECVSlkamFuZ28uY29udHJpYi5hdXRoLmJhY2tlbmRzLk1vZGVsQmFja2VuZHED\nVQ1fYXV0aF91c2VyX2lkcQSKAkABdS4=\n','2013-11-16 04:37:52'),('60570836cb3fd1d0aab4a687e044534d','NDk1OTg5N2UxOWNiYWI3N2E2ZDBjN2M5MTA0YjFhNDRhMmRmNjNiYzqAAn1xAShVEl9hdXRoX3Vz\nZXJfYmFja2VuZHECVSlkamFuZ28uY29udHJpYi5hdXRoLmJhY2tlbmRzLk1vZGVsQmFja2VuZHED\nVQ1fYXV0aF91c2VyX2lkcQSKAkABdS4=\n','2013-11-16 04:36:53'),('0c5c4432ef48c333ac434d775715cf4a','M2NmYTRjNzU0N2VlY2MzODBmNzQ0MjUyNDM3ZDYxNzc2YWIxOWE4NDqAAn1xAShVEl9hdXRoX3Vz\nZXJfYmFja2VuZHECVSlkamFuZ28uY29udHJpYi5hdXRoLmJhY2tlbmRzLk1vZGVsQmFja2VuZHED\nVQ1fYXV0aF91c2VyX2lkcQSKAnYBdS4=\n','2013-11-17 15:49:42'),('a93eb14ecd2c7027087e9d933937a973','NGI2ZjdiMWY4NDJmOTM2YWZjMjhhMWFmYzhlYTU3YTcwMjk1YjEwNjqAAn1xAShVEl9hdXRoX3Vz\nZXJfYmFja2VuZHECVSlkamFuZ28uY29udHJpYi5hdXRoLmJhY2tlbmRzLk1vZGVsQmFja2VuZHED\nVQ1fYXV0aF91c2VyX2lkcQSKAnEBdS4=\n','2013-11-16 05:21:03'),('bf922d17448b5c1156e9db2aac43cb65','MTVjNjY5ZDg4MDJiYmI2NWI3MjIzYWU4ZmMwM2M1YWI0MmQyNjZkMjqAAn1xAShVEl9hdXRoX3Vz\nZXJfYmFja2VuZHECVSlkamFuZ28uY29udHJpYi5hdXRoLmJhY2tlbmRzLk1vZGVsQmFja2VuZHED\nVQ1fYXV0aF91c2VyX2lkcQSKAR91Lg==\n','2013-11-17 03:42:45'),('26507d47ae0f7d966bd7488854bfd3f9','NGEwMWI0NTc1ZWIzNGZiMDNkNWU1MGYwNGE5MTA1NTczMmNlYjc0YjqAAn1xAShVEl9hdXRoX3Vz\nZXJfYmFja2VuZHECVSlkamFuZ28uY29udHJpYi5hdXRoLmJhY2tlbmRzLk1vZGVsQmFja2VuZHED\nVQ1fYXV0aF91c2VyX2lkcQSKAQV1Lg==\n','2013-11-16 15:08:42'),('b63238b0d4acc4c8f1060bf9498d5db1','NDBkZjNlN2E1NDEyMDY2Y2FlMzc4YWE5NTI0ODljN2Y0YmUxNTRiNTqAAn1xAShVEl9hdXRoX3Vz\nZXJfYmFja2VuZHECVSlkamFuZ28uY29udHJpYi5hdXRoLmJhY2tlbmRzLk1vZGVsQmFja2VuZHED\nVQ1fYXV0aF91c2VyX2lkcQSKAkcBdS4=\n','2013-11-18 16:31:45'),('ca7b661fc83aeb858519f62eaad4e1b8','NDU5YzRkZmUwMWI0ZDY1Y2I4MTM2ZTY2YThmOTU2Nzg2OGQ1OTkxOTqAAn1xAShVEl9hdXRoX3Vz\nZXJfYmFja2VuZHECVSlkamFuZ28uY29udHJpYi5hdXRoLmJhY2tlbmRzLk1vZGVsQmFja2VuZHED\nVQ1fYXV0aF91c2VyX2lkcQSKAisBdS4=\n','2013-11-16 07:10:48'),('49c6935711bcf8538287813aeb262926','NDU5YzRkZmUwMWI0ZDY1Y2I4MTM2ZTY2YThmOTU2Nzg2OGQ1OTkxOTqAAn1xAShVEl9hdXRoX3Vz\nZXJfYmFja2VuZHECVSlkamFuZ28uY29udHJpYi5hdXRoLmJhY2tlbmRzLk1vZGVsQmFja2VuZHED\nVQ1fYXV0aF91c2VyX2lkcQSKAisBdS4=\n','2013-11-16 07:08:20'),('04f101615e1d95f29723573b730af219','M2Y0MTZhYjdhYjk3ZjU4Y2QxMjRmMGIzZDA3MzE2MTA2YWZiN2Y3YjqAAn1xAShVEl9hdXRoX3Vz\nZXJfYmFja2VuZHECVSlkamFuZ28uY29udHJpYi5hdXRoLmJhY2tlbmRzLk1vZGVsQmFja2VuZHED\nVQ1fYXV0aF91c2VyX2lkcQSKAUR1Lg==\n','2013-11-21 16:30:30'),('187d68273de2b4d009de02da9aca060b','NTUxNmQ0OGNkZGY4ZWEzM2E4OGY2ZjRlN2Q3NWU4YjM2MWY5OThiZDqAAn1xAShVEl9hdXRoX3Vz\nZXJfYmFja2VuZHECVSlkamFuZ28uY29udHJpYi5hdXRoLmJhY2tlbmRzLk1vZGVsQmFja2VuZHED\nVQ1fYXV0aF91c2VyX2lkcQSKAjIBdS4=\n','2013-11-18 13:23:36'),('0ce947cf47b873379982e5e35fa90c03','YzhhZWYzMDFmZTgwOTk3NDAyZjIxNDg5Y2E5ZGRjOWJkNWYxNTE0MTqAAn1xAShVEl9hdXRoX3Vz\nZXJfYmFja2VuZHECVSlkamFuZ28uY29udHJpYi5hdXRoLmJhY2tlbmRzLk1vZGVsQmFja2VuZHED\nVQ1fYXV0aF91c2VyX2lkcQSKAQ51Lg==\n','2013-11-16 13:33:42'),('49e94e802b1775ccd6345a0b485dcd44','YTcxMDYyMGNlMTJhMGY1YjgwODA4ZDgwZDY4ZjczOWE2Y2EyZDNlODqAAn1xAShVEl9hdXRoX3Vz\nZXJfYmFja2VuZHECVSlkamFuZ28uY29udHJpYi5hdXRoLmJhY2tlbmRzLk1vZGVsQmFja2VuZHED\nVQ1fYXV0aF91c2VyX2lkcQSKAtAAdS4=\n','2013-11-17 03:17:15'),('de079b187b02205af1f692bd4ea9291a','NGEwMWI0NTc1ZWIzNGZiMDNkNWU1MGYwNGE5MTA1NTczMmNlYjc0YjqAAn1xAShVEl9hdXRoX3Vz\nZXJfYmFja2VuZHECVSlkamFuZ28uY29udHJpYi5hdXRoLmJhY2tlbmRzLk1vZGVsQmFja2VuZHED\nVQ1fYXV0aF91c2VyX2lkcQSKAQV1Lg==\n','2013-11-16 15:08:45'),('8e04e0e0e4a00791a2634b5c0409b611','NGEwMWI0NTc1ZWIzNGZiMDNkNWU1MGYwNGE5MTA1NTczMmNlYjc0YjqAAn1xAShVEl9hdXRoX3Vz\nZXJfYmFja2VuZHECVSlkamFuZ28uY29udHJpYi5hdXRoLmJhY2tlbmRzLk1vZGVsQmFja2VuZHED\nVQ1fYXV0aF91c2VyX2lkcQSKAQV1Lg==\n','2013-11-16 15:09:27'),('edf9356fa9564051f9c83b4d5d93f35f','ZGQyNmUyOGRmYjhmZDQ4N2RlNGJhZDIzNTEyYWU0ZTdiNmY5NTdhMDqAAn1xAShVEl9hdXRoX3Vz\nZXJfYmFja2VuZHECVSlkamFuZ28uY29udHJpYi5hdXRoLmJhY2tlbmRzLk1vZGVsQmFja2VuZHED\nVQ1fYXV0aF91c2VyX2lkcQSKAi0BdS4=\n','2013-11-16 17:34:44'),('5b44edde627082c5812eea7ec882732e','ZTIyN2YwZmMwZjFlZTBjZjhkZWQ4MmUyZDZlMGRkMzdjOTE5YmZlZjqAAn1xAShVEl9hdXRoX3Vz\nZXJfYmFja2VuZHECVSlkamFuZ28uY29udHJpYi5hdXRoLmJhY2tlbmRzLk1vZGVsQmFja2VuZHED\nVQ1fYXV0aF91c2VyX2lkcQSKAiwBdS4=\n','2013-11-16 18:54:21'),('672ee5057006dc853cbb24135c346710','Yjc1MTA2YzI2OTE4Y2IyNjNjNjU3NjE2Zjk3YTM5OTZlZDk3MWRlYzqAAn1xAShVEl9hdXRoX3Vz\nZXJfYmFja2VuZHECVSlkamFuZ28uY29udHJpYi5hdXRoLmJhY2tlbmRzLk1vZGVsQmFja2VuZHED\nVQ1fYXV0aF91c2VyX2lkcQSKAswAdS4=\n','2013-11-17 03:37:49'),('79ec8374cb539922ee91f110a3778d61','NWVlZWI0MTRiNDM5NWIzMjUzNDVhNjY0YjBhMWE5NWRjNDJhNDRhNzqAAn1xAShVEl9hdXRoX3Vz\nZXJfYmFja2VuZHECVSlkamFuZ28uY29udHJpYi5hdXRoLmJhY2tlbmRzLk1vZGVsQmFja2VuZHED\nVQ1fYXV0aF91c2VyX2lkcQSKAgsBdS4=\n','2013-11-17 03:42:20'),('79202211d9334a9c9a7b3d05c3e7c620','YWZjNGJhZTQ0NWE1N2RmZDIxNzA3ZGI4OTQ5YjkxMGMyOWU2Mjk0MDqAAn1xAS4=\n','2013-11-17 04:00:44'),('ce301ad08c728e8581679abec995c21b','ZTM0OTYxNDU0Yzk1OGZmZjEyZTdiZjdhNmFiZmFmZGFiYTI3ZTY4MDqAAn1xAShVEl9hdXRoX3Vz\nZXJfYmFja2VuZHECVSlkamFuZ28uY29udHJpYi5hdXRoLmJhY2tlbmRzLk1vZGVsQmFja2VuZHED\nVQ1fYXV0aF91c2VyX2lkcQSKAscAdS4=\n','2013-11-17 04:02:35'),('69bec95b1bc71e515a0b181cbfc275a4','NWFjMzY4ODRjNzI4Y2QwM2M3MGMwMGZhNjE3MDk5ZGUxM2EzOTg0YzqAAn1xAShVEl9hdXRoX3Vz\nZXJfYmFja2VuZHECVSlkamFuZ28uY29udHJpYi5hdXRoLmJhY2tlbmRzLk1vZGVsQmFja2VuZHED\nVQ1fYXV0aF91c2VyX2lkcQSKAnoBdS4=\n','2013-11-20 05:33:09'),('dd155a05cefcdc3c591083cd3a514319','ZDgxZWMwMThjYmQ1OWYzZGVhNmYxN2YxMDA0YzkzZGMzMmExZjVhZDqAAn1xAShVEl9hdXRoX3Vz\nZXJfYmFja2VuZHECVSlkamFuZ28uY29udHJpYi5hdXRoLmJhY2tlbmRzLk1vZGVsQmFja2VuZHED\nVQ1fYXV0aF91c2VyX2lkcQSKAsgAdS4=\n','2013-11-17 05:12:07'),('9aa1647aa20be3b5fb44ae0e241ddbae','M2JiZDNlZmQyM2E3MWNmMzQyNDc5MTYzZmY5N2NkOTA5OWE3ZWQ1MzqAAn1xAShVEl9hdXRoX3Vz\nZXJfYmFja2VuZHECVSlkamFuZ28uY29udHJpYi5hdXRoLmJhY2tlbmRzLk1vZGVsQmFja2VuZHED\nVQ1fYXV0aF91c2VyX2lkcQSKAtMAdS4=\n','2013-11-17 05:26:29'),('1b0f6a463b346363f279ad142a7e8ebd','N2MyNDkxZWI3ZmIxZGU0OTQyNDU1MzI5ZWYzYTcyN2Q4ZGQxNmE4OTqAAn1xAShVEl9hdXRoX3Vz\nZXJfYmFja2VuZHECVSlkamFuZ28uY29udHJpYi5hdXRoLmJhY2tlbmRzLk1vZGVsQmFja2VuZHED\nVQ1fYXV0aF91c2VyX2lkcQSKAsoAdS4=\n','2013-11-17 06:25:12'),('520fbcc13a6bd3b97c60c3be97ac469d','MWI0NmM1MjA2MWUwMDRkNDMyZDU2MGQxYjkwYTdkMGEwN2ZlNzU1MzqAAn1xAShVEl9hdXRoX3Vz\nZXJfYmFja2VuZHECVSlkamFuZ28uY29udHJpYi5hdXRoLmJhY2tlbmRzLk1vZGVsQmFja2VuZHED\nVQ1fYXV0aF91c2VyX2lkcQSKAnMBdS4=\n','2013-11-23 05:58:32'),('369188b1277c255dad2e97d284c8d8ad','NDE2YmZlYTJiOTViMzUyYjNlZjkzNDI0YmJhOWYyMjJhYTNjZGM3OTqAAn1xAShVEl9hdXRoX3Vz\nZXJfYmFja2VuZHECVSlkamFuZ28uY29udHJpYi5hdXRoLmJhY2tlbmRzLk1vZGVsQmFja2VuZHED\nVQ1fYXV0aF91c2VyX2lkcQSKAssAdS4=\n','2013-11-17 08:04:47'),('9b9fc048d0111fa0d695e2a551e37d60','YWZjNGJhZTQ0NWE1N2RmZDIxNzA3ZGI4OTQ5YjkxMGMyOWU2Mjk0MDqAAn1xAS4=\n','2013-11-17 07:39:54'),('9475c687288b188cdb37e1e0963d53e2','YWZjNGJhZTQ0NWE1N2RmZDIxNzA3ZGI4OTQ5YjkxMGMyOWU2Mjk0MDqAAn1xAS4=\n','2013-11-17 07:27:15'),('ddef30b379b36ac761cd79e4d35dda5c','YWZjNGJhZTQ0NWE1N2RmZDIxNzA3ZGI4OTQ5YjkxMGMyOWU2Mjk0MDqAAn1xAS4=\n','2013-11-17 08:05:04'),('aa074880acb991a177e65258f5654e62','NWFjMzY4ODRjNzI4Y2QwM2M3MGMwMGZhNjE3MDk5ZGUxM2EzOTg0YzqAAn1xAShVEl9hdXRoX3Vz\nZXJfYmFja2VuZHECVSlkamFuZ28uY29udHJpYi5hdXRoLmJhY2tlbmRzLk1vZGVsQmFja2VuZHED\nVQ1fYXV0aF91c2VyX2lkcQSKAnoBdS4=\n','2013-11-20 12:39:59'),('94f85b152e9bfc2817ff5b67e52cd546','Zjg0MTBmYzIyMThjMDNkNWI4NDVkNmRjMzAzNmVlNGZmNWUyZGZhZDqAAn1xAShVEl9hdXRoX3Vz\nZXJfYmFja2VuZHECVSlkamFuZ28uY29udHJpYi5hdXRoLmJhY2tlbmRzLk1vZGVsQmFja2VuZHED\nVQ1fYXV0aF91c2VyX2lkcQSKAsIAdS4=\n','2013-11-20 11:42:53'),('702089fc638f57a09e4fb0d8155f1fad','NTQ1NDY5ZGMzNzgxOTI4M2QwODMwZGI1NzhiODZjYzU0N2M4MjA2MjqAAn1xAShVEl9hdXRoX3Vz\nZXJfYmFja2VuZHECVSlkamFuZ28uY29udHJpYi5hdXRoLmJhY2tlbmRzLk1vZGVsQmFja2VuZHED\nVQ1fYXV0aF91c2VyX2lkcQSKAsQAdS4=\n','2013-11-17 08:17:54'),('3af8350236eea23065553088d6098b7b','YWZjNGJhZTQ0NWE1N2RmZDIxNzA3ZGI4OTQ5YjkxMGMyOWU2Mjk0MDqAAn1xAS4=\n','2013-11-17 09:09:19'),('f934eb1553773a6b1cc56f7f484c6f88','YWZjNGJhZTQ0NWE1N2RmZDIxNzA3ZGI4OTQ5YjkxMGMyOWU2Mjk0MDqAAn1xAS4=\n','2013-11-17 10:58:01'),('afc371dbfdd23bd92a89b4389295e7d7','YWZjNGJhZTQ0NWE1N2RmZDIxNzA3ZGI4OTQ5YjkxMGMyOWU2Mjk0MDqAAn1xAS4=\n','2013-11-17 13:50:52'),('6276db3c8d4d841adcd540b23b3ff510','YmY3NjI4ZTNlNjdkYmI3MjlkYmJhMDBhNGUxOGI1MTI4MDYwZDA2ZjqAAn1xAShVEl9hdXRoX3Vz\nZXJfYmFja2VuZHECVSlkamFuZ28uY29udHJpYi5hdXRoLmJhY2tlbmRzLk1vZGVsQmFja2VuZHED\nVQ1fYXV0aF91c2VyX2lkcQSKAtIAdS4=\n','2013-11-17 12:01:45'),('df24093f4ae6483cc8cae86d6cae9842','ZDM3YmE5NDczZThhY2VhMjRjYTNiYWE3YTRkZTVmMDJhMjk4MDRiMDqAAn1xAShVEl9hdXRoX3Vz\nZXJfYmFja2VuZHECVSlkamFuZ28uY29udHJpYi5hdXRoLmJhY2tlbmRzLk1vZGVsQmFja2VuZHED\nVQ1fYXV0aF91c2VyX2lkcQSKAsMAdS4=\n','2013-11-17 12:42:13'),('8ad0cde6639e5bf6073b3c45c1bc6b54','YWZjNGJhZTQ0NWE1N2RmZDIxNzA3ZGI4OTQ5YjkxMGMyOWU2Mjk0MDqAAn1xAS4=\n','2013-11-17 13:23:55'),('04946b714c6a15ced6a3a2cd47179460','YWZjNGJhZTQ0NWE1N2RmZDIxNzA3ZGI4OTQ5YjkxMGMyOWU2Mjk0MDqAAn1xAS4=\n','2013-11-17 13:58:30'),('059d2e752f66a1354f3f57d6538b4266','ZTM2ZjY3MzRjOTY4ZGNmNjc1Y2FlMDJlZWE1ZmI0ZGExYzc4MWY3NTqAAn1xAShVEl9hdXRoX3Vz\nZXJfYmFja2VuZHECVSlkamFuZ28uY29udHJpYi5hdXRoLmJhY2tlbmRzLk1vZGVsQmFja2VuZHED\nVQ1fYXV0aF91c2VyX2lkcQSKARl1Lg==\n','2013-11-17 15:49:58'),('a6f8fa2807b6ff7532f280f8b342155b','YTVmYTFmNDc4ZDA5NzQ0M2YyZjdkOGRhMTZkM2VlYTAxYmMwNjMzMjqAAn1xAShVEl9hdXRoX3Vz\nZXJfYmFja2VuZHECVSlkamFuZ28uY29udHJpYi5hdXRoLmJhY2tlbmRzLk1vZGVsQmFja2VuZHED\nVQ1fYXV0aF91c2VyX2lkcQSKAk8BdS4=\n','2013-11-24 11:00:27'),('d890ae7dc16f1e1661c9a63eee772557','YTFhYWNhOTlmYTgyYjNiMWYwMzk5OWRmZjNhY2FiYzQ0NTQ5OWIzZDqAAn1xAShVEl9hdXRoX3Vz\nZXJfYmFja2VuZHECVSlkamFuZ28uY29udHJpYi5hdXRoLmJhY2tlbmRzLk1vZGVsQmFja2VuZHED\nVQ1fYXV0aF91c2VyX2lkcQSKAhkBdS4=\n','2013-11-17 14:55:16'),('34aa7ca7eae04d644f862671a909333c','YzEyMWZkYTI4ZmUyZTgxNTNjMzQ1MTIxOWNjNGFjYTUwM2FhMTc4ZDqAAn1xAShVEl9hdXRoX3Vz\nZXJfYmFja2VuZHECVSlkamFuZ28uY29udHJpYi5hdXRoLmJhY2tlbmRzLk1vZGVsQmFja2VuZHED\nVQ1fYXV0aF91c2VyX2lkcQSKAk4BdS4=\n','2013-11-17 16:14:40'),('4200b0c08965012dea57141b160dec7e','OTQyOWNjZDJkYmVmYTk3MGZhZTg3YWM5ZTNmMzRmNzY5OGMxNWE5NTqAAn1xAShVEl9hdXRoX3Vz\nZXJfYmFja2VuZHECVSlkamFuZ28uY29udHJpYi5hdXRoLmJhY2tlbmRzLk1vZGVsQmFja2VuZHED\nVQ1fYXV0aF91c2VyX2lkcQSKAiQBdS4=\n','2013-11-17 16:25:55'),('3a30c7cebeb154e0b7ad9f88e9aac127','M2I4ZTdkNjVjZTAyZTEyZjhiYzAxMjZmNDJmMmQyZGVlZWUzMzcyNjqAAn1xAShVEl9hdXRoX3Vz\nZXJfYmFja2VuZHECVSlkamFuZ28uY29udHJpYi5hdXRoLmJhY2tlbmRzLk1vZGVsQmFja2VuZHED\nVQ1fYXV0aF91c2VyX2lkcQSKAiMBdS4=\n','2013-11-17 16:27:37'),('782d7a0a56ba59a4caae504758df318e','YWZjNGJhZTQ0NWE1N2RmZDIxNzA3ZGI4OTQ5YjkxMGMyOWU2Mjk0MDqAAn1xAS4=\n','2013-11-17 17:03:03'),('137cf2b163521cc6e78d0b57833ba80e','ZjdlMjVjNjZiNmJhYjVjODdiN2I3M2MyOWJiMjE0NzFhNWZjNzk1NzqAAn1xAShVEl9hdXRoX3Vz\nZXJfYmFja2VuZHECVSlkamFuZ28uY29udHJpYi5hdXRoLmJhY2tlbmRzLk1vZGVsQmFja2VuZHED\nVQ1fYXV0aF91c2VyX2lkcQSKAlwBdS4=\n','2013-11-17 17:36:30'),('545b8c3d40620e21e99171d593dc439a','YWZjNGJhZTQ0NWE1N2RmZDIxNzA3ZGI4OTQ5YjkxMGMyOWU2Mjk0MDqAAn1xAS4=\n','2013-11-17 17:24:02'),('84d530f602342e1b3546f99bcf1450ee','ZTM2ZjY3MzRjOTY4ZGNmNjc1Y2FlMDJlZWE1ZmI0ZGExYzc4MWY3NTqAAn1xAShVEl9hdXRoX3Vz\nZXJfYmFja2VuZHECVSlkamFuZ28uY29udHJpYi5hdXRoLmJhY2tlbmRzLk1vZGVsQmFja2VuZHED\nVQ1fYXV0aF91c2VyX2lkcQSKARl1Lg==\n','2013-11-17 17:52:12'),('0dfea4eef077144b9a447c7bd32bbc89','YWZjNGJhZTQ0NWE1N2RmZDIxNzA3ZGI4OTQ5YjkxMGMyOWU2Mjk0MDqAAn1xAS4=\n','2013-11-18 02:41:16'),('0478989b2911fe78105a5fad507def84','YWZjNGJhZTQ0NWE1N2RmZDIxNzA3ZGI4OTQ5YjkxMGMyOWU2Mjk0MDqAAn1xAS4=\n','2013-11-18 13:59:36'),('23e4bd94805ac51508dc0c6b82b506e4','YWZjNGJhZTQ0NWE1N2RmZDIxNzA3ZGI4OTQ5YjkxMGMyOWU2Mjk0MDqAAn1xAS4=\n','2013-11-21 12:35:51'),('18ae4056731283861aa55aebcade3b02','NGEwMWI0NTc1ZWIzNGZiMDNkNWU1MGYwNGE5MTA1NTczMmNlYjc0YjqAAn1xAShVEl9hdXRoX3Vz\nZXJfYmFja2VuZHECVSlkamFuZ28uY29udHJpYi5hdXRoLmJhY2tlbmRzLk1vZGVsQmFja2VuZHED\nVQ1fYXV0aF91c2VyX2lkcQSKAQV1Lg==\n','2013-11-18 05:50:36'),('e15183ef82be17ce03e1ea9b8989f335','MjE2ZDgzZTVlZjJjY2IzNmUyMTk5ZTRiYmMyYzJhZmVmMzQzZDQzZjqAAn1xAShVEl9hdXRoX3Vz\nZXJfYmFja2VuZHECVSlkamFuZ28uY29udHJpYi5hdXRoLmJhY2tlbmRzLk1vZGVsQmFja2VuZHED\nVQ1fYXV0aF91c2VyX2lkcQSKAmwBdS4=\n','2013-11-18 07:27:49'),('6eb76d227a479d2cf3d66a9b932b189e','YWZjNGJhZTQ0NWE1N2RmZDIxNzA3ZGI4OTQ5YjkxMGMyOWU2Mjk0MDqAAn1xAS4=\n','2013-11-18 08:15:42'),('12204bd1c89c6b548ac142f7c57d25c1','ZWRlMTAyMjdjYTZiZWIwMWYyN2NhMDQ2NGEzODZjOWUwNTMxZjYzNTqAAn1xAShVEl9hdXRoX3Vz\nZXJfYmFja2VuZHECVSlkamFuZ28uY29udHJpYi5hdXRoLmJhY2tlbmRzLk1vZGVsQmFja2VuZHED\nVQ1fYXV0aF91c2VyX2lkcQSKAhcBdS4=\n','2013-11-18 10:11:54'),('ee0bdd0d9cb66a08d7c4cf895c59a5f1','YWZjNGJhZTQ0NWE1N2RmZDIxNzA3ZGI4OTQ5YjkxMGMyOWU2Mjk0MDqAAn1xAS4=\n','2013-11-18 10:19:22'),('4302c985e33eb0361f535ad5a9febb44','YWZjNGJhZTQ0NWE1N2RmZDIxNzA3ZGI4OTQ5YjkxMGMyOWU2Mjk0MDqAAn1xAS4=\n','2013-11-18 11:22:42'),('5c1c6e093a810fe9a33381752b3cc1fe','YjBlNzVmMmE0ZTFiNjU4MWFkODE5MzNlNGJmZDk2NmEzZTViZThmOTqAAn1xAShVEl9hdXRoX3Vz\nZXJfYmFja2VuZHECVSlkamFuZ28uY29udHJpYi5hdXRoLmJhY2tlbmRzLk1vZGVsQmFja2VuZHED\nVQ1fYXV0aF91c2VyX2lkcQSKARZ1Lg==\n','2013-11-18 11:45:52'),('a75ae5a0745f5e08fd2dadea6cef3f10','YWZjNGJhZTQ0NWE1N2RmZDIxNzA3ZGI4OTQ5YjkxMGMyOWU2Mjk0MDqAAn1xAS4=\n','2013-11-18 12:23:32'),('706aac696c6a07fd7a3dc99eb2e5b385','ZTU3N2ZmNjVmOTNmMWM4YzA1NzIwOTMwMDA0NmU3NWExZDI2ZWZkYjqAAn1xAShVEl9hdXRoX3Vz\nZXJfYmFja2VuZHECVSlkamFuZ28uY29udHJpYi5hdXRoLmJhY2tlbmRzLk1vZGVsQmFja2VuZHED\nVQ1fYXV0aF91c2VyX2lkcQSKAm8BdS4=\n','2013-11-18 15:44:44'),('fdf220fbfaa8b0f47682a4046558315a','ZjQyYmY3NTk2ZTEwZWU2NjMwMGNhM2Q1ZGE4YmE2YTAyMzI2MjI0MzqAAn1xAShVCnRlc3Rjb29r\naWVxAlUGd29ya2VkcQNVEl9hdXRoX3VzZXJfYmFja2VuZHEEVSlkamFuZ28uY29udHJpYi5hdXRo\nLmJhY2tlbmRzLk1vZGVsQmFja2VuZHEFVQ1fYXV0aF91c2VyX2lkcQaKAjcBdS4=\n','2013-11-18 23:48:34'),('b140d26081e8f7601e62f14d3de61362','ZTU3N2ZmNjVmOTNmMWM4YzA1NzIwOTMwMDA0NmU3NWExZDI2ZWZkYjqAAn1xAShVEl9hdXRoX3Vz\nZXJfYmFja2VuZHECVSlkamFuZ28uY29udHJpYi5hdXRoLmJhY2tlbmRzLk1vZGVsQmFja2VuZHED\nVQ1fYXV0aF91c2VyX2lkcQSKAm8BdS4=\n','2013-11-18 16:10:27'),('1ad9b04d43cd9d46fcc8edaed8f3f39c','M2I4ZTdkNjVjZTAyZTEyZjhiYzAxMjZmNDJmMmQyZGVlZWUzMzcyNjqAAn1xAShVEl9hdXRoX3Vz\nZXJfYmFja2VuZHECVSlkamFuZ28uY29udHJpYi5hdXRoLmJhY2tlbmRzLk1vZGVsQmFja2VuZHED\nVQ1fYXV0aF91c2VyX2lkcQSKAiMBdS4=\n','2013-11-18 16:13:59'),('547a2094d2ef6b5767770aba965839de','ZDRlNmZhN2QzYWZiZGUxMTExMmFkZjcyZWMwNDYxOTUwMmQ3NWNlNDqAAn1xAShVEl9hdXRoX3Vz\nZXJfYmFja2VuZHECVSlkamFuZ28uY29udHJpYi5hdXRoLmJhY2tlbmRzLk1vZGVsQmFja2VuZHED\nVQ1fYXV0aF91c2VyX2lkcQSKAUp1Lg==\n','2013-11-18 16:33:24'),('cab8e58e983a42badd01d68b5e86e1e6','YWZjNGJhZTQ0NWE1N2RmZDIxNzA3ZGI4OTQ5YjkxMGMyOWU2Mjk0MDqAAn1xAS4=\n','2013-11-18 16:45:09'),('b73d8249ca71c4215728377e39e2e80a','ODRlMTE2ZGMyNTFjNWU3ODU0OTE1YjQyYjZlNDA2OWYxMDhmMzM4MTqAAn1xAShVEl9hdXRoX3Vz\nZXJfYmFja2VuZHECVSlkamFuZ28uY29udHJpYi5hdXRoLmJhY2tlbmRzLk1vZGVsQmFja2VuZHED\nVQ1fYXV0aF91c2VyX2lkcQSKAUt1Lg==\n','2013-11-19 00:14:31'),('634f67de8b021f270eee6724256246ea','YWZjNGJhZTQ0NWE1N2RmZDIxNzA3ZGI4OTQ5YjkxMGMyOWU2Mjk0MDqAAn1xAS4=\n','2013-11-19 01:24:22'),('f8a4ead1ad1b23b92558c61f5bea1f50','NWVlZWI0MTRiNDM5NWIzMjUzNDVhNjY0YjBhMWE5NWRjNDJhNDRhNzqAAn1xAShVEl9hdXRoX3Vz\nZXJfYmFja2VuZHECVSlkamFuZ28uY29udHJpYi5hdXRoLmJhY2tlbmRzLk1vZGVsQmFja2VuZHED\nVQ1fYXV0aF91c2VyX2lkcQSKAgsBdS4=\n','2013-11-19 04:47:38'),('6fb72227b39d63018486d538e537d2f3','YWZjNGJhZTQ0NWE1N2RmZDIxNzA3ZGI4OTQ5YjkxMGMyOWU2Mjk0MDqAAn1xAS4=\n','2013-11-19 01:24:07'),('3d6f83149395ff3d618af18dcf01f6eb','NmJiMjdkMWJiMDEyMGZhNWMzZGE5YzliNGUxNGFlMDA2ZmRhY2RjNjqAAn1xAShVEl9hdXRoX3Vz\nZXJfYmFja2VuZHECVSlkamFuZ28uY29udHJpYi5hdXRoLmJhY2tlbmRzLk1vZGVsQmFja2VuZHED\nVQ1fYXV0aF91c2VyX2lkcQSKAl4BdS4=\n','2013-11-19 07:26:15'),('fb5533f6b33c9ed4ba106e093c805eb6','NmJiMjdkMWJiMDEyMGZhNWMzZGE5YzliNGUxNGFlMDA2ZmRhY2RjNjqAAn1xAShVEl9hdXRoX3Vz\nZXJfYmFja2VuZHECVSlkamFuZ28uY29udHJpYi5hdXRoLmJhY2tlbmRzLk1vZGVsQmFja2VuZHED\nVQ1fYXV0aF91c2VyX2lkcQSKAl4BdS4=\n','2013-11-19 07:26:16'),('2d5ac34a53afa6f177c7b084aedc72c5','NmJiMjdkMWJiMDEyMGZhNWMzZGE5YzliNGUxNGFlMDA2ZmRhY2RjNjqAAn1xAShVEl9hdXRoX3Vz\nZXJfYmFja2VuZHECVSlkamFuZ28uY29udHJpYi5hdXRoLmJhY2tlbmRzLk1vZGVsQmFja2VuZHED\nVQ1fYXV0aF91c2VyX2lkcQSKAl4BdS4=\n','2013-11-19 07:26:16'),('af4dc83da4763f1857084732f203f6a4','MDcwMTViNDU3ZTdlZGExNzYyM2M0OWRjNTA2OTA0YTUyMzU5ZTk3YjqAAn1xAShVEl9hdXRoX3Vz\nZXJfYmFja2VuZHECVSlkamFuZ28uY29udHJpYi5hdXRoLmJhY2tlbmRzLk1vZGVsQmFja2VuZHED\nVQ1fYXV0aF91c2VyX2lkcQSKAooAdS4=\n','2013-11-19 15:25:01'),('35725075c21715fad1cf5b80882d0dff','NDE2YmZlYTJiOTViMzUyYjNlZjkzNDI0YmJhOWYyMjJhYTNjZGM3OTqAAn1xAShVEl9hdXRoX3Vz\nZXJfYmFja2VuZHECVSlkamFuZ28uY29udHJpYi5hdXRoLmJhY2tlbmRzLk1vZGVsQmFja2VuZHED\nVQ1fYXV0aF91c2VyX2lkcQSKAssAdS4=\n','2013-11-19 11:56:01'),('19fe6ad88b1a4110c8a741f871e20088','YWZjNGJhZTQ0NWE1N2RmZDIxNzA3ZGI4OTQ5YjkxMGMyOWU2Mjk0MDqAAn1xAS4=\n','2013-11-19 12:38:41'),('68a08f2049dc85d7b6abe9c7855576de','NmJiMjdkMWJiMDEyMGZhNWMzZGE5YzliNGUxNGFlMDA2ZmRhY2RjNjqAAn1xAShVEl9hdXRoX3Vz\nZXJfYmFja2VuZHECVSlkamFuZ28uY29udHJpYi5hdXRoLmJhY2tlbmRzLk1vZGVsQmFja2VuZHED\nVQ1fYXV0aF91c2VyX2lkcQSKAl4BdS4=\n','2013-11-19 13:38:27'),('127d5ddd252ce886026b20fcbf350ea9','YWZjNGJhZTQ0NWE1N2RmZDIxNzA3ZGI4OTQ5YjkxMGMyOWU2Mjk0MDqAAn1xAS4=\n','2013-11-19 14:29:34'),('0cf1f7c1aae701a906e76292daffb73f','YWZjNGJhZTQ0NWE1N2RmZDIxNzA3ZGI4OTQ5YjkxMGMyOWU2Mjk0MDqAAn1xAS4=\n','2013-11-19 15:03:39'),('3f8b6180d9aa4e0fee4c7c0654dc2ad6','NjIxMTA3ZTVhYTVlZDA5MTJkNDk0MDM3MmQ1ODdlYmIxOWQ1Y2I3MTqAAn1xAShVEl9hdXRoX3Vz\nZXJfYmFja2VuZHECVSlkamFuZ28uY29udHJpYi5hdXRoLmJhY2tlbmRzLk1vZGVsQmFja2VuZHED\nVQ1fYXV0aF91c2VyX2lkcQSKApkAdS4=\n','2013-11-19 14:52:05'),('37778a1462b5714324b1995717758064','YWZjNGJhZTQ0NWE1N2RmZDIxNzA3ZGI4OTQ5YjkxMGMyOWU2Mjk0MDqAAn1xAS4=\n','2013-11-19 15:08:04'),('ae81edaeb5d8200c5390be2e06495324','YWZjNGJhZTQ0NWE1N2RmZDIxNzA3ZGI4OTQ5YjkxMGMyOWU2Mjk0MDqAAn1xAS4=\n','2013-11-19 16:12:43'),('bc98f0ce9358730d923a4bfa60b24e58','ZTM0OTYxNDU0Yzk1OGZmZjEyZTdiZjdhNmFiZmFmZGFiYTI3ZTY4MDqAAn1xAShVEl9hdXRoX3Vz\nZXJfYmFja2VuZHECVSlkamFuZ28uY29udHJpYi5hdXRoLmJhY2tlbmRzLk1vZGVsQmFja2VuZHED\nVQ1fYXV0aF91c2VyX2lkcQSKAscAdS4=\n','2013-11-19 16:45:21'),('bcfcaa13882eb492cc2d50b4c33bd0a5','YWFlOTg4OWY3Y2RlMTgyMTlhZTJhMzVlOWYxZjU4MmE4NzA1YjE5NTqAAn1xAShVEl9hdXRoX3Vz\nZXJfYmFja2VuZHECVSlkamFuZ28uY29udHJpYi5hdXRoLmJhY2tlbmRzLk1vZGVsQmFja2VuZHED\nVQ1fYXV0aF91c2VyX2lkcQSKApoAdS4=\n','2013-11-19 15:46:04'),('bf100f909abd4d68c3f94545b9ff1df4','Yjc1MTA2YzI2OTE4Y2IyNjNjNjU3NjE2Zjk3YTM5OTZlZDk3MWRlYzqAAn1xAShVEl9hdXRoX3Vz\nZXJfYmFja2VuZHECVSlkamFuZ28uY29udHJpYi5hdXRoLmJhY2tlbmRzLk1vZGVsQmFja2VuZHED\nVQ1fYXV0aF91c2VyX2lkcQSKAswAdS4=\n','2013-11-19 17:11:00'),('8a332b2f9fb5acc922d368532109ef07','YWZjNGJhZTQ0NWE1N2RmZDIxNzA3ZGI4OTQ5YjkxMGMyOWU2Mjk0MDqAAn1xAS4=\n','2013-11-19 17:32:49'),('3333dc0e7260ed40cc3b7d19afcc7dba','NmZiZmNiNzRlMGE1NTZhZWZkYmQxOGQ0ZWZjMDY4NDFiOWIxODk1NDqAAn1xAShVEl9hdXRoX3Vz\nZXJfYmFja2VuZHECVSlkamFuZ28uY29udHJpYi5hdXRoLmJhY2tlbmRzLk1vZGVsQmFja2VuZHED\nVQ1fYXV0aF91c2VyX2lkcQSKAQp1Lg==\n','2013-11-19 18:58:17'),('5865bb5bf715e8610c141b352c396579','MDg5YjU0Zjc1MmI1MmE4MTMwNWJhZDUwZDkxM2ZiYTg2YjRhNjZiYzqAAn1xAShVEl9hdXRoX3Vz\nZXJfYmFja2VuZHECVSlkamFuZ28uY29udHJpYi5hdXRoLmJhY2tlbmRzLk1vZGVsQmFja2VuZHED\nVQ1fYXV0aF91c2VyX2lkcQSKAlcBdS4=\n','2013-11-21 13:28:45'),('7801480a013f49afac4cceb3afb38c2c','OWQxNGRlODY5YmM3YmJkNjQ2M2ZhYTQ4MjU2ZTEzODE3OTFkZjg2OTqAAn1xAShVEl9hdXRoX3Vz\nZXJfYmFja2VuZHECVSlkamFuZ28uY29udHJpYi5hdXRoLmJhY2tlbmRzLk1vZGVsQmFja2VuZHED\nVQ1fYXV0aF91c2VyX2lkcQSKAQt1Lg==\n','2013-11-20 05:56:28'),('fcf1f83ab465dc5b9e018f34ec0b5002','YWZjNGJhZTQ0NWE1N2RmZDIxNzA3ZGI4OTQ5YjkxMGMyOWU2Mjk0MDqAAn1xAS4=\n','2013-11-20 11:29:37'),('cd9b9e6fad2747dc7f13db3c3923cf8a','YWZjNGJhZTQ0NWE1N2RmZDIxNzA3ZGI4OTQ5YjkxMGMyOWU2Mjk0MDqAAn1xAS4=\n','2013-11-20 18:53:04'),('498bdd730d5a8cd89693de9724f0855d','ZjcyZmY0MmM5NWE2NzRmOGM4MjU3ZjI3M2IyZGViOWEwNzdjYjEwZjqAAn1xAShVEl9hdXRoX3Vz\nZXJfYmFja2VuZHECVSlkamFuZ28uY29udHJpYi5hdXRoLmJhY2tlbmRzLk1vZGVsQmFja2VuZHED\nVQ1fYXV0aF91c2VyX2lkcQSKAskAdS4=\n','2013-11-20 11:44:34'),('1fd103da397dd079d225edecc4f27c79','NWFjMzY4ODRjNzI4Y2QwM2M3MGMwMGZhNjE3MDk5ZGUxM2EzOTg0YzqAAn1xAShVEl9hdXRoX3Vz\nZXJfYmFja2VuZHECVSlkamFuZ28uY29udHJpYi5hdXRoLmJhY2tlbmRzLk1vZGVsQmFja2VuZHED\nVQ1fYXV0aF91c2VyX2lkcQSKAnoBdS4=\n','2013-11-22 18:52:23'),('c8c27a8367361901a12584394086aafd','YWZjNGJhZTQ0NWE1N2RmZDIxNzA3ZGI4OTQ5YjkxMGMyOWU2Mjk0MDqAAn1xAS4=\n','2013-11-20 13:49:03'),('117b2e78302fda61f9e2ebc38b3375b3','YWZjNGJhZTQ0NWE1N2RmZDIxNzA3ZGI4OTQ5YjkxMGMyOWU2Mjk0MDqAAn1xAS4=\n','2013-11-20 14:46:14'),('eaaeddecd4905b61aace38d01e6b7e10','YWZjNGJhZTQ0NWE1N2RmZDIxNzA3ZGI4OTQ5YjkxMGMyOWU2Mjk0MDqAAn1xAS4=\n','2013-11-20 17:15:41'),('5f8b6c4075b90852908ddb3ec1b8a013','MzYyNDRkMjY0NDgyMWZjM2Q0Nzc0OTUzZDQ5OTRhNDUyMGEyOWNjYjqAAn1xAShVEl9hdXRoX3Vz\nZXJfYmFja2VuZHECVSlkamFuZ28uY29udHJpYi5hdXRoLmJhY2tlbmRzLk1vZGVsQmFja2VuZHED\nVQ1fYXV0aF91c2VyX2lkcQSKAmABdS4=\n','2013-11-22 19:02:43'),('4b9355b6751be9d8c1736cbe56dd69c6','ZmExOWU0M2Y5NjdkNmU3OTkxODFjYWQxOTNkYWRkYzE0NWIzY2U2MjqAAn1xAShVEl9hdXRoX3Vz\nZXJfYmFja2VuZHECVSlkamFuZ28uY29udHJpYi5hdXRoLmJhY2tlbmRzLk1vZGVsQmFja2VuZHED\nVQ1fYXV0aF91c2VyX2lkcQSKAR51Lg==\n','2013-11-23 17:36:02'),('20199717fb9ab5c0d2e8d9835cbd43e2','MzJiZGZjOTZlY2Y4NjRkZmQ4ZmExZjAyZDU4NDBiMmM4NzJkZjQ1YTqAAn1xAShVEl9hdXRoX3Vz\nZXJfYmFja2VuZHECVSlkamFuZ28uY29udHJpYi5hdXRoLmJhY2tlbmRzLk1vZGVsQmFja2VuZHED\nVQ1fYXV0aF91c2VyX2lkcQSKAmEBdS4=\n','2013-11-21 17:12:12'),('1da358b4b5da4d6e09d3993f6bef5f9d','YTM2ZjEyMGNjNzA3OGZkNzYxZjYyNzUxZmNkOWQxYmIzMjhiYmQ5OTqAAn1xAShVEl9hdXRoX3Vz\nZXJfYmFja2VuZHECVSlkamFuZ28uY29udHJpYi5hdXRoLmJhY2tlbmRzLk1vZGVsQmFja2VuZHED\nVQ1fYXV0aF91c2VyX2lkcQSKAlUBdS4=\n','2013-11-22 18:54:36'),('657436ffd1445c6c66adbba7d768ef96','YWZjNGJhZTQ0NWE1N2RmZDIxNzA3ZGI4OTQ5YjkxMGMyOWU2Mjk0MDqAAn1xAS4=\n','2013-11-23 02:50:10'),('bee6e434ac523154c6c6c5d3003d03f9','YTI1ODYyNTdhMjI1NWMyOGMzOGJmYWNlMDU5MmNhMGFlZDJjZWJhODqAAn1xAShVEl9hdXRoX3Vz\nZXJfYmFja2VuZHECVSlkamFuZ28uY29udHJpYi5hdXRoLmJhY2tlbmRzLk1vZGVsQmFja2VuZHED\nVQ1fYXV0aF91c2VyX2lkcQSKARh1Lg==\n','2013-11-23 12:57:21'),('e67990db586573d42aa676d117b5b867','MDE0MGNjMmEwMTYzNWU5OTU0ODgwNWM0NjQ5OWZlNjg3YjMyY2VmNTqAAn1xAShVEl9hdXRoX3Vz\nZXJfYmFja2VuZHECVSlkamFuZ28uY29udHJpYi5hdXRoLmJhY2tlbmRzLk1vZGVsQmFja2VuZHED\nVQ1fYXV0aF91c2VyX2lkcQSKAmIBdS4=\n','2013-11-23 16:07:05'),('69b0386a61635ae1507a50d4b3982693','NWVlZWI0MTRiNDM5NWIzMjUzNDVhNjY0YjBhMWE5NWRjNDJhNDRhNzqAAn1xAShVEl9hdXRoX3Vz\nZXJfYmFja2VuZHECVSlkamFuZ28uY29udHJpYi5hdXRoLmJhY2tlbmRzLk1vZGVsQmFja2VuZHED\nVQ1fYXV0aF91c2VyX2lkcQSKAgsBdS4=\n','2013-11-24 10:39:43'),('aaac89b52631bd649d597bdc05af24e7','YWZjNGJhZTQ0NWE1N2RmZDIxNzA3ZGI4OTQ5YjkxMGMyOWU2Mjk0MDqAAn1xAS4=\n','2013-11-24 10:07:03'),('43f3be62c8675ab4045e735112e39cf4','NWVlZWI0MTRiNDM5NWIzMjUzNDVhNjY0YjBhMWE5NWRjNDJhNDRhNzqAAn1xAShVEl9hdXRoX3Vz\nZXJfYmFja2VuZHECVSlkamFuZ28uY29udHJpYi5hdXRoLmJhY2tlbmRzLk1vZGVsQmFja2VuZHED\nVQ1fYXV0aF91c2VyX2lkcQSKAgsBdS4=\n','2013-11-24 11:09:10');
/*!40000 ALTER TABLE `django_session` ENABLE KEYS */;
UNLOCK TABLES;

--
-- Table structure for table `django_site`
--

DROP TABLE IF EXISTS `django_site`;
/*!40101 SET @saved_cs_client     = @@character_set_client */;
/*!40101 SET character_set_client = utf8 */;
CREATE TABLE `django_site` (
  `id` int(11) NOT NULL AUTO_INCREMENT,
  `domain` varchar(100) NOT NULL,
  `name` varchar(50) NOT NULL,
  PRIMARY KEY (`id`)
) ENGINE=MyISAM AUTO_INCREMENT=2 DEFAULT CHARSET=latin1;
/*!40101 SET character_set_client = @saved_cs_client */;

--
-- Dumping data for table `django_site`
--

LOCK TABLES `django_site` WRITE;
/*!40000 ALTER TABLE `django_site` DISABLE KEYS */;
INSERT INTO `django_site` VALUES (1,'example.com','example.com');
/*!40000 ALTER TABLE `django_site` ENABLE KEYS */;
UNLOCK TABLES;

--
-- Table structure for table `erp_department`
--

DROP TABLE IF EXISTS `erp_department`;
/*!40101 SET @saved_cs_client     = @@character_set_client */;
/*!40101 SET character_set_client = utf8 */;
CREATE TABLE `erp_department` (
  `id` int(11) NOT NULL AUTO_INCREMENT,
  `name` varchar(50) NOT NULL,
  `long_name` varchar(100) NOT NULL,
  `description` longtext,
  PRIMARY KEY (`id`),
  UNIQUE KEY `name` (`name`)
) ENGINE=MyISAM AUTO_INCREMENT=14 DEFAULT CHARSET=latin1;
/*!40101 SET character_set_client = @saved_cs_client */;

--
-- Dumping data for table `erp_department`
--

LOCK TABLES `erp_department` WRITE;
/*!40000 ALTER TABLE `erp_department` DISABLE KEYS */;
INSERT INTO `erp_department` VALUES (1,'design','Design','Description for Design'),(2,'events','Events','Description for Events'),(3,'fr','Facilities and Requirements','Description for Facilities and Requirements'),(4,'finance','Finance','Description for Finance'),(5,'hospi','Hospitality','Description for Hospitality'),(6,'sales','Marketing and Ticket Sales','Description for Marketing and Ticket Sales'),(7,'proshows','Proshows','Description for Proshows'),(8,'publicity','Publicity','Description for Publicity'),(9,'qms','QMS','Description for QMS'),(10,'security','Security','Description for Security'),(11,'spons','Sponsorship and Public Relations','Description for Sponsorship and Public Relations'),(12,'webops','WebOps','Description for WebOps'),(13,'sec','Secretary','Description for Secretary');
/*!40000 ALTER TABLE `erp_department` ENABLE KEYS */;
UNLOCK TABLES;

--
-- Table structure for table `erp_subdepartment`
--

DROP TABLE IF EXISTS `erp_subdepartment`;
/*!40101 SET @saved_cs_client     = @@character_set_client */;
/*!40101 SET character_set_client = utf8 */;
CREATE TABLE `erp_subdepartment` (
  `id` int(11) NOT NULL AUTO_INCREMENT,
  `dept_id` int(11) NOT NULL,
  `name` varchar(50) NOT NULL,
  `long_name` varchar(100) NOT NULL,
  `description` longtext,
  PRIMARY KEY (`id`),
  UNIQUE KEY `name` (`name`),
  KEY `erp_subdepartment_4101f425` (`dept_id`)
) ENGINE=MyISAM AUTO_INCREMENT=57 DEFAULT CHARSET=latin1;
/*!40101 SET character_set_client = @saved_cs_client */;

--
-- Dumping data for table `erp_subdepartment`
--

LOCK TABLES `erp_subdepartment` WRITE;
/*!40000 ALTER TABLE `erp_subdepartment` DISABLE KEYS */;
INSERT INTO `erp_subdepartment` VALUES (1,1,'ambi','Ambience','Description for Ambience'),(2,1,'graphic','Graphic Design','Description for Graphic Design'),(3,1,'photo','Photography','Description for Photography'),(4,1,'video','Videography','Description for Videography'),(5,4,'catering','Catering','Description for Catering'),(6,4,'genfinance','General Finance','Description for General Finance'),(7,4,'ppm','PPM','Description for PPM'),(8,4,'salesndist','Sales and Distribution','Description for Sales and Distribution'),(9,3,'equip','Equip','Description for Equip'),(10,3,'fnr','FnR','Description for FnR'),(11,3,'production','Production','Description for Production'),(12,3,'transport','Transportation','Description for Transportation'),(13,5,'hospi','Hospitality','Description for Hospitality'),(14,7,'classical','Classical Night','Description for Classical Night'),(15,7,'edm','EDM','Description for EDM'),(16,7,'lm','LM','Description for LM'),(17,7,'proequip','Equipment','Description for Equipment'),(18,7,'profnr','F&R','Description for F&R'),(19,7,'rockshow','Rock Show','Description for Rock Show'),(20,7,'worldfest','World fest and Hospitality','Description for World fest and Hospitality'),(21,8,'bangalore','Bangalore Region','Description for Bangalore Region'),(22,8,'chennai','Chennai Region','Description for Chennai Region'),(23,8,'delhi','Delhi Region','Description for Delhi Region'),(24,8,'hyderabad','Hyderabad Region','Description for Hyderabad Region'),(25,8,'kerala','Kerala Region','Description for Kerala Region'),(26,8,'mp','Madhya Pradesh Region','Description for Madhya Pradesh Region'),(27,8,'rajasthan','Rajasthan Region','Description for Rajasthan Region'),(28,8,'strategist','Strategist','Description for Strategist'),(29,8,'vizag','Vizag Region','Description for Vizag Region'),(30,9,'qms','QMS','Description for QMS'),(31,6,'logistics','Marketing and Logistics','Description for Marketing and Logistics'),(32,6,'sales','Marketing and Sales','Description for Marketing and Sales'),(33,10,'security','Security','Description for Security'),(34,11,'creative','Creative','Description for Creative'),(35,11,'pr','PR','Description for PR'),(36,11,'spons','Sponsorship','Description for Sponsorship'),(37,12,'backend','Backend','Description for Backend'),(38,12,'frontend','Frontend','Description for Frontend'),(39,12,'mobops','MobOps','Description for MobOps'),(40,2,'finearts','Fine Arts','Description for Fine Arts'),(41,2,'lecdems','Lectures and Demonstrations','Description for Lectures and Demonstrations'),(42,2,'quizzes','Quizzes','Description for Quizzes'),(43,2,'workshops','Workshops','Description for Workshops'),(44,2,'wordgames','Word Games','Description for Word Games'),(45,2,'thespian','Thespian','Description for Thespian'),(46,2,'classicalarts','Classical Arts','Description for Classical Arts'),(47,2,'roadshows','Roadshows','Description for Roadshows'),(48,2,'oratory','Oratory','Description for Oratory'),(49,2,'informals','Informals','Description for Informals'),(50,2,'choreo','Choreo','Description for Choreo'),(51,2,'mediandesign','Media & Design','Description for Media & Design'),(52,2,'music','Music','Description for Music'),(53,2,'advzone','Adventure Zone','Description for Adventure Zone'),(54,2,'literary','Literary','Description for Literary'),(55,2,'misc','Miscellaneous','Description for Miscellaneous'),(56,2,'Creative writing offline event','Creative writing offline event','');
/*!40000 ALTER TABLE `erp_subdepartment` ENABLE KEYS */;
UNLOCK TABLES;

--
-- Table structure for table `events_event`
--

DROP TABLE IF EXISTS `events_event`;
/*!40101 SET @saved_cs_client     = @@character_set_client */;
/*!40101 SET character_set_client = utf8 */;
CREATE TABLE `events_event` (
  `id` int(11) NOT NULL AUTO_INCREMENT,
  `name` varchar(50) NOT NULL,
  `long_name` varchar(100) NOT NULL,
  `oneliner` varchar(250) NOT NULL,
  `sub_dept_id` int(11) NOT NULL,
  `google_group` varchar(200) DEFAULT NULL,
  `registration_info` longtext,
  `category` varchar(50) NOT NULL,
  `event_format` longtext,
  `about` longtext,
  `FAQs` longtext,
  `prizes` longtext,
  `email` varchar(75) NOT NULL,
  `is_team` tinyint(1) NOT NULL,
  `registration_open` tinyint(1) NOT NULL,
  `registration_close_date` date,
  PRIMARY KEY (`id`),
  KEY `events_event_5108b65c` (`sub_dept_id`)
) ENGINE=MyISAM AUTO_INCREMENT=84 DEFAULT CHARSET=latin1;
/*!40101 SET character_set_client = @saved_cs_client */;

--
-- Dumping data for table `events_event`
--

LOCK TABLES `events_event` WRITE;
/*!40000 ALTER TABLE `events_event` DISABLE KEYS */;
INSERT INTO `events_event` VALUES (1,'acapella','Acapella','',52,'thelooneytunessaarang@googlegroup.com','<p>Pre-registrations have closed.&nbsp;</p>','onsite','<p>1. No processors/effects pedals are permitted.<br /><br />2. Both Acoustyx and Acapella is open only to school and college bands. School/college IDs <br /><br />WLL be asked for to verify the same.<br /><br />3. Acoustyx participants will be given 10 minutes on stage (includes any set-up time).<br /><br />4. Acoustyx bands should have a minimum of two instrumentalists and a maximum of three <br /><br />vocalists.<br /><br />5. Acapella participants will be given 10 minutes on stage (includes any set-up time).<br /><br />6. Songs must be predominantly in English. More importantly, western musical instruments <br /><br />must be used. The extent to which these rules are imposed will be left up to the discretion <br /><br />of the judges.</p>','<p>Woo the crowds with the power of harmony in our acapella singing event.</p>','<p>1. Will transportation and accomodation be provided to participants?&nbsp;<br /> Participants requiring accomodation will have to mention this while registering online. You will be put up in hostels inside the campus. Transportation however will not be provided.&nbsp;</p>\r\n<p dir=\"ltr\">2. Will instruments be provided?&nbsp;<br /> While we will be providing all sound system requirements (amplifiers, mics, 5 piece drum kit, audio cables) participants will have to bring their own instruments.</p>\r\n<p dir=\"ltr\">3. When do we have to reach IITM?&nbsp;<br /> Participants have to ensure that they reach IITM by 9am. However for it is recommended that you come on Day 1 itself for a wholesome Saarang experience.&nbsp;</p>\r\n<p dir=\"ltr\">4. Do we need to get our college ids?&nbsp;<br /> Yes. Valid college ids are mandatory for all events except Decibels.</p>\r\n<p dir=\"ltr\">5.&nbsp; Can a participant be a part of more than one band in the same event?&nbsp;<br /> No. Participants are allowed to represent only one band per event</p>','','wm@saarang.org',0,1,NULL),(2,'acoustyx','Acoustyx','',52,'thelooneytunessaarang@googlegroup.com','<p>Pre-registrations have closed.&nbsp;</p>','onsite','<p>1. No processors/effects pedals are permitted.<br /><br />2. Both Acoustyx and Acapella is open only to school and college bands. School/college IDs <br /><br />WLL be asked for to verify the same.<br /><br />3. Acoustyx participants will be given 10 minutes on stage (includes any set-up time).<br /><br />4. Acoustyx bands should have a minimum of two instrumentalists and a maximum of three <br /><br />vocalists.<br /><br />5. Acapella participants will be given 10 minutes on stage (includes any set-up time).<br /><br />6. Songs must be predominantly in English. More importantly, western musical instruments <br /><br />must be used. The extent to which these rules are imposed will be left up to the discretion <br /><br />of the judges.</p>','<p>John Mayer to AC/DC? Get unplugged with our acoustic band competition.&nbsp;</p>','<p>1. Will transportation and accomodation be provided to participants?&nbsp;<br /> Participants requiring accomodation will have to mention this while registering online. You will be put up in hostels inside the campus. Transportation however will not be provided.&nbsp;</p>\r\n<p dir=\"ltr\">2. Will instruments be provided?&nbsp;<br /> While we will be providing all sound system requirements (amplifiers, mics, 5 piece drum kit, audio cables) participants will have to bring their own instruments.</p>\r\n<p dir=\"ltr\">3. When do we have to reach IITM?&nbsp;<br /> Participants have to ensure that they reach IITM by 9am. However for it is recommended that you come on Day 1 itself for a wholesome Saarang experience.&nbsp;</p>\r\n<p dir=\"ltr\">4. Do we need to get our college ids?&nbsp;<br /> Yes. Valid college ids are mandatory for all events except Decibels.</p>\r\n<p dir=\"ltr\">5.&nbsp; Can a participant be a part of more than one band in the same event?&nbsp;<br /> No. Participants are allowed to represent only one band per event</p>','','wm@saarang.org',0,1,NULL),(3,'advzone','Adventure Zone','Wanna jump 40ft high into the sky, roll inside a ball, ride a bull or play real world counter-strike. Adrenaline zone has it all and also much more for those who are looking for and have got nerves to stand it.',53,'adventure_zone_saarang_2014@googlegroups.com','<p>On spot except for Paintball-combat</p>','','<p><strong>PAINT BALL</strong>: Form your team, grab the guns, and go on a rampage shooting your counter-combatants</p>\r\n<p>with capsules of paint. It\'s going to be Legen....Wait for It....Dary!</p>\r\n<p><strong>PAINT BALL-COMBAT</strong>: Teams battle it out to be the ultimate survivors. Saarang goodies and cash prizes</p>\r\n<p>to be won.</p>\r\n<p><strong>ZORBING</strong>: Come alive and roll down the incline in a giant inflated Zorb ball, bouncing and somersaulting;</p>\r\n<p>pledged to rejuvenate your spirits. Need we say more?</p>\r\n<p><strong>MECHANICAL BULL</strong>: Ever dreamt of riding a rodeo bull. Experience the feeling of riding a bull and</p>\r\n<p>become a pro. Saarang goodies to be won.</p>\r\n<p><strong>BODY ZORBING</strong>: Have someone in your mind who you always wanted to beat up, but his bulging biceps</p>\r\n<p>held your nerves? Wear an inflatable Zorb Ball, and show\'em your invincible moves. Unleash the</p>\r\n<p>champ in you!</p>\r\n<p><strong>SURF EXPERT</strong>: Why the Cannes beach? Articulate the daredevil in you by keeping your balance on a</p>\r\n<p>surfboard against analogous, mystifying effects.</p>\r\n<p><strong>BUNGEE JUMP</strong>: Experience the spectacular feeling of flying, turning cartwheels and spinning in midair on</p>\r\n<p>a trampoline. A gravity-defying sport to get your adrenaline pumping!</p>','<p>When was the last time your heart skipped a beat, felt the adrenaline rush and bewitched the spectators</p>\r\n<p>with your mighty skills, all in one place? Never really got a chance?</p>\r\n<p>Does the mere thought of adventure sports make you desiderate?</p>\r\n<p>Your wait is over. Experience pure nirvana in the Adrenaline Zone. Team or an undaunted personage, we</p>\r\n<p>have got just the right event for you!</p>',NULL,'<p>Paintball-Combat- Saarang goodies and cash prizes to be won.</p>\r\n<p>Mechanical Bull: Saarang goodies and surprise gifts to be won.</p>','adzone@saarang.org',0,1,NULL),(4,'alankaar','Alankaar','',52,'lm-saarang-14@googlegroups.com','<p>Onsite Registration at Hospitality Desk, 1 hour prior to the event.</p>','onsite','<h1 style=\"text-align: center; color: #ff0000;\"><span style=\"color: #000000;\">Event Format and Rules</span></h1>\r\n<p><span style=\"color: #000000;\">Participants with B-high or higher grades in their respective fields in the AIR are not allowed to participate as the competition is aimed at amateurs and semi-professionals.&nbsp;</span></p>\r\n<p><strong><span style=\"color: #000000;\">Prelims:-</span></strong></p>\r\n<ul>\r\n<li>Light music solo vocals event.</li>\r\n<li>This is an open event for all college students.</li>\r\n<li>Performances should be in Indian languages only. Presence of considerable foreign language might lead to disqualification, based on the judge&rsquo;s discretion.</li>\r\n<li>Contestants will be registered on the spot. A Saarang ID is a MUST for anyone to participate in this event. Only registered participants will be allowed to perform. Registrations will start at the hospitality desk ONE HOUR prior to the beginning of the event. A valid college ID card is necessary for registration.</li>\r\n<li>Event would be organized in a three level fashion, i.e. prelims , semi- finals and finals.</li>\r\n<li>Time given per contestant- 3:30 mins + 30 secs.</li>\r\n<li>One accompaniment (instrument)/MIDI backing track, is allowed.</li>\r\n<li>In case of the accompaniment being an MIDI track, it has to be submitted to the event coordinators before the event starts. Allowance of the MIDI track is up to the event coordinator&rsquo;s discretion.</li>\r\n<li>Strictly no extra time would be given on stage; all the tuning and bending of instruments should be done before handed.</li>\r\n<li>Instruments will not be provided by us.</li>\r\n<li>Metronome is not allowed.</li>\r\n<li>Shruti box is permitted. You are expected to bring your own.</li>\r\n<li>In case of any discrepancy the event organiser&rsquo;s OR judge&rsquo;s decision would be final and binding</li>\r\n</ul>\r\n<p>&nbsp;</p>\r\n<p>.</p>\r\n<p><strong>Semi-Finals:-</strong></p>\r\n<p><strong>&nbsp;</strong></p>\r\n<ul>\r\n<li>ONLY 16-20 participants will be selected from the prelims for the semifinals.</li>\r\n<li>Participants are allowed to sing the same song that they performed for the prelims.</li>\r\n<li>Rest of the rules remain the same as that of prelims.</li>\r\n</ul>\r\n<p>&nbsp;</p>\r\n<p><strong>Finals:-</strong></p>\r\n<p><strong>&nbsp;</strong></p>\r\n<ul>\r\n<li>ONLY 8-10 participants will be selected.</li>\r\n<li>The participant will be asked to prepare 3 types of Indian language songs, which will be intimated right after semi-finals.</li>\r\n</ul>','<p>Longing for a platform to showcase your vocal skills, all solo? More than a hundred participants to compete with, being judged by the best out there and an awesome stage to perform on, Saarang LM Alankaar is the best place to be!</p>\r\n<p>The spotlight will be on you and you only. . .</p>',NULL,'','lm@saarang.org',0,1,NULL),(5,'buzzerquiz','Buzzer Quiz','Buzz to Infinity and beyond.',42,'','<p>Just walk in to the venue, with preferrably a team and a pen.</p>','onsite','<p>A written prelims followed by a finals of 8 best teams, all on the buzzer!</p>','<div>\"SWEATY PALMS. ECSTATIC FACES. A SYNCHRONOUS MOTION OF BODY AND MIND ALMOST SEAMLESSLY FOLLOWED BY AN EXPLOSION OF SOUND. YES, BUZZER QUIZ IS BACK, AND THIS TIME WITH BUZZERS. THIS IS WHERE TOOTING YOUR OWN HORN GETS YOU FAME, GIRLS AND MONEY. OKAY, MAYBE JUST THE LATTER. PREPARE TO BE ASSAULTED BY QUESTIONS ABOUT ANYTHING AND EVERYTHING, AND CHANCE YOUR LUCK AT SAARANG 2014\'S OPENING QUIZ.\"</div>\r\n<div class=\"yj6qo ajU\">\r\n<div id=\":23h\" class=\"ajR\" tabindex=\"0\" data-tooltip=\"Show trimmed content\"><img class=\"ajT\" src=\"https://mail.google.com/mail/u/0/images/cleardot.gif\" alt=\"\" /></div>\r\n</div>','<p>How many members per team?</p>\r\n<p>3 or less.</p>\r\n<p>What kind of topics will the quiz encompass?</p>\r\n<p>Come and find out.</p>\r\n<p>What happens if there are no buzzers?</p>\r\n<p>Wait for Plan B.&nbsp;</p>\r\n<p>There is always a Plan B.</p>','<p>3k, 2k and 1k for the top 3 teams, as is tentatively planned.</p>','quizzes@saarang.org',0,1,NULL),(6,'carnival','Carnival','',49,'carnival-2014@googlegroups.com','<p>No registration required.</p>','','<p>Coming soon...</p>','<p>Grant them eternal joy,<br />Embrace them into your plethora of events,<br />Burst, with colour, let thine mind run free,<br />Stalls, lounge and stage, may this trinity bring thou happiness,<br />Glory to <strong>Carnival</strong>, the exuberant visage of Informals....<br /><br />Well, wasn\'t that devotional? That was our official Carnival prayer,<br />in case you are wondering. Well, in any case, you get the gist. <strong>Game stalls,</strong><br /><strong>Stage, and Lounge</strong>. Three parts, Four days,<strong> unlimited goodies</strong> to be won! Too <br />good to be true? Well, check in and find out for yourself :D<br /><br /><strong>Heaven can wait</strong>, be here first.</p>','<p>Coming soon...</p>','<p>T shirts, deodorants, vouchers, and more! You name it, lots of sponsored goodies to be won!</p>','informals@saarang.org',0,1,NULL),(7,'choreonight','Choreo Night','The much awaited event of Saarang, where teams from colleges across India battle it out for the coveted title. The ultimate dance competition that promises to take your breath away right on day 1.',50,'choreo-2013@googlegroups.com','<p>2 rounds of registration:</p>\r\n<p>For Pre-Registration:</p>\r\n<ul>\r\n<li>Teams are required to send&nbsp;the following.</li>\r\n<li>YouTube link of a video of the team&rsquo;s performance sent in by 30th November.</li>\r\n<li>Details about the team including previous performances/any achievements should&nbsp;be mailed to choreo@saarang.org. before the deadline.</li>\r\n<li>The shortlisted teams will be sent a confirmation mail and they should confirm their participation by 30th of December by sending in an e-mail to &nbsp;<a href=\"mailto:choreo@saarang.org\">choreo@saarang.org</a>.</li>\r\n<li>The finalists&rsquo; list will be declared 15 days before Saarang. All finalists must register onsite at the venue between 9 am and noon on Jan 9th.</li>\r\n</ul>','pre_reg','<p>? The competition is divided into two categories - Theme and Non-Theme. Each category will be judged separately.<br />? Each team will be given a time slot of 8 minutes to perform which includes the time taken for stage set up. Music will be stopped exactly after 8 minutes.<br />? Minimum number of participants per team is 8. Maximum number of participants per team is 30 plus backstage helpers.<br />? Each team must submit a bonafide certificate (with a photograph) of all its participants duly signed by the Head of their institute.<br />? All team members must carry their college ID cards and saarang registration ID with them till the completion of the event.<br />? Each team should consist of only present students (no alumni students allowed) of a particular college. Any team found to be violating this rule will be disqualified and will not be allowed to participate for the next 2 years.<br />? Inflammable objects, water and heavy&nbsp;objects are NOT allowed on stage. No indecent behavior will be tolerated during the performance.<br />? UV lights will be provided. The performing team will be liable to pay any damages if the UV lights are damaged during their performance.<br />? The time for the usage of UV lights in a performance should not exceed 90 sec.<br />? Any team which fails to perform during their allotted slot will be disqualified and no other alternate slots will be given.<br />? No changing rooms will be provided for the teams at the venue. Please come fully prepared to the venue (with all costumes and props).<br />? During the event, teams are requested to take care of their belongings.<br />? Judges and coordinators\' decisions shall be final and binding. There shall be no arguments in this regard.</p>','<p>Dance is the hidden language of the soul. Watch as every team lets their story unfold on stage to the beats. The biggest cultural fest of south India brings to you the ultimate war of dance on the very first day itself. Every team puts in all for the title as they perform on stage. So join the night, feel the waves of energy and ecstasy as dance comes alive like never before, at Saarang Choreo Night.</p>','<p>For any clarifications contact:</p>\r\n<p>CHOREO COORDINATORS<br />SAARANG 2014<br />Mail : choreo@saarang.org<br />RadhaKrishna-9884682370<br />Aryapadmam C - 9444885673<br />Urmila Reghunath - 9498073720<br />Sreecharan Rachakonda-9884988638</p>',NULL,'choreo@saarang.org',0,1,NULL),(8,'classicalarts','Classical Arts','',46,NULL,'<p><span style=\"color: #ff0000;\">classical dance solo:</span></p>\r\n<ul>\r\n<li>The participants are required to pre-register online for the event. The participants who wish to register for the solo event, please give the following registration details and mail it to <a href=\"mailto:classarts@saarang.org\">classarts@saarang.org</a>&nbsp;the mail as \"Solo event registration\".</li>\r\n<li>It is necessary to answer all the required fields in the registration form.</li>\r\n<li>Registration details :</li>\r\n</ul>\r\n<p>Name : College/Institution and Department :</p>\r\n<p>Date of birth :</p>\r\n<p>Degree pursuing and year :</p>\r\n<p>&nbsp; Email ID :</p>\r\n<p>Phone number :</p>\r\n<p>Classical dance forms known :</p>\r\n<p>Have you undergone training in any of these forms : (Y or N)</p>\r\n<p>Name of the guru(s)/dance school(s) learnt from :</p>\r\n<p>Number of years undergone training :</p>\r\n<p>Have you given your arangetram (Stage debut), and if so, in which year :</p>\r\n<p>Stage performance experiences :</p>\r\n<p>As a solo artiste :</p>\r\n<p>As part of a group :</p>\r\n<p>Other credentials :</p>\r\n<p><span style=\"color: #ff0000;\">classical dance group</span>:</p>\r\n<ul>\r\n<li>Participants from different colleges can form a group to participate. The group has to pre-register online for participation in the event. The group as a whole, has to send one mail having all the necessary details given below in the registration form with the subject \"Group event registration\" to&nbsp;<a href=\"mailto:classarts@saarang.org\">classarts@saarang.org</a></li>\r\n<li>It is necessary to answer all the required fields in the registration form.</li>\r\n<li>Registration details :</li>\r\n</ul>\r\n<p>Each individual participant of the group must fill in the following details : Name :</p>\r\n<p>College/Institution and Department :</p>\r\n<p>Date of birth :</p>\r\n<p>Degree pursuing and year :</p>\r\n<p>Email ID :</p>\r\n<p>Phone number :</p>\r\n<p>Classical dance forms known :</p>\r\n<p>Have you undergone training in any of these forms : (Y or N)</p>\r\n<p>Name of the guru(s)/dance school(s) learnt from :</p>\r\n<p>Number of years undergone training :</p>\r\n<p>Have you given your arangetram (Stage debut), and if so, in which year :</p>\r\n<p>Stage performance experiences :</p>\r\n<p>As a solo artiste :</p>\r\n<p>As part of a group :</p>\r\n<p>Other credentials :</p>\r\n<p>College/Dance school you are representing :</p>\r\n<p>Number of members in the team :</p>\r\n<p>Have you performed earlier together? If so, provide necessary details.</p>\r\n<p>Other credentials</p>\r\n<p><span style=\"color: #ff0000;\">classical music vocal:</span></p>\r\n<ul>\r\n<li>Hindustani participants will have to register by e-mail, latest by the first week of December at <a href=\"mailto:classarts@saarang.org\">classarts@saarang.org</a>. Registration for Carnatic participants will be conducted on the spot, on the date of the competition. Pre-registration is not necessary. Late registration by more than half an hour after commencement might be rejected.</li>\r\n</ul>\r\n<p><span style=\"color: #ff0000;\">classical music instrumental:(percussion and non percussion)</span></p>\r\n<ul>\r\n<li>Registration will be conducted at the venue on the date of the competition. Pre-registration is not necessary. Late registration by more than half an hour after commencement might be rejected.</li>\r\n</ul>','pre_reg','<p><strong>Classical Dance Solo:</strong><strong><br /></strong></p>\r\n<ul>\r\n<li>You can perform in any Indian classical dance form [we\'d love to see bharatnatyam, kuchipudi, odissi, mohiniyattam and others]. However there are no separate judging categories for the different forms.</li>\r\n</ul>\r\n<ul>\r\n<li><strong>Preliminary Round:</strong></li>\r\n</ul>\r\n<p>The participant has to perform a prepared piece (varnam or thillana) in any dance form. (Time limit : 5+2 mins) Participant need not wear the formal dance costumes but can wear any traditional classical dance wear (dance sari or kurta with dupatta for girls and panchakacham for guys). There will be a small weightage for costumes.</p>\r\n<ul>\r\n<li><strong>Final Round:</strong> The finals will comprise of the following two rounds :</li>\r\n</ul>\r\n<p>Round 1 : &nbsp;The participants who are short-listed for the finals, will be given two themes once the preliminary round is over. They can choose anyone of the given themes, prepare their own choreography for the same and dance for the chosen theme to only semi classical instrumental music. (Time limit : 3+1) Round 2 : In this round, the participant will be interacting with the judges. The participant may be asked to do abhinaya or anything similar, given by the judges and judged accordingly. (Time limit : 4+2 mins) The participants have to perform with proper classical dance costume in the finals. There will be weightage for the costumes in the final round. The songs should be strictly classical [except for the finals, where you will have to perform for a semi classical instrumental piece]. We do not appreciate film music. Please bring your cassettes or CDs and a pendrive with the dance music in MP3 format (in case the CDs or cassettes don&rsquo;t work). [Only the player will be provided by us]</p>\r\n<p><strong>Classical Dance Group</strong>&nbsp;<strong>:</strong></p>\r\n<ul>\r\n<li>A group can perform any prepared piece of dance. The performance should strictly be in classical dance forms only.</li>\r\n<li>Time limit for each group is 6+2 minutes. Performance of different dance forms within the same group is permitted.</li>\r\n<li>Minimum number of participants per group is 2 and maximum number of participants per group is 8 along with a maximum of 2 backstage helpers. Atleast 2 people should be on stage at any given time.</li>\r\n<li>Participants from different colleges can form a group to participate.</li>\r\n</ul>\r\n<ul>\r\n<li>The songs should be strictly classical. We do not appreciate film music. Please bring your cassettes or CDs and a pendrive with the dance music in MP3 format (in case the CDs or cassettes do not work). [Only the player will be provided by us]\r\n<p><strong>Classical Music Vocals</strong></p>\r\n<ul>\r\n<li>Artistes with B-high or higher grades in their respective fields in the AIR are not allowed to participate as this competition is meant for amateurs and semi-professionals.</li>\r\n<li>Eligibility : Class 9 and above.</li>\r\n</ul>\r\n<p>&nbsp;</p>\r\n<p>&nbsp;</p>\r\n<ul>\r\n<li>Hindustani and Carnatic will be judged together.</li>\r\n<li>We will make available an electronic sruthi box. No other instruments will be made available.</li>\r\n<li>Judges&rsquo; decision shall be final in all respects and should be accepted without question.</li>\r\n</ul>\r\n<p><strong>Prelims</strong></p>\r\n<ul>\r\n<li>Time limit : 6 mins (this might be reduced if there are too many participants) The judges may also opt to make it shorter if they feel that they have heard as much as is required for judging.</li>\r\n<li>Carnatic Participants have to be prepared with 3 &lsquo;kritis&rsquo; out of which you may be asked to sing any one. In general, varnams, swarajathis and geethams are not accepted as kritis, but there are a few exceptions (e.g. Shyama Shatri\\\'s swarajathis). &nbsp;All participants are strongly encouraged to sing one or more of the following: ragam, neraval, kalpana swarams. You need not sing all the three to qualify for the finals.</li>\r\n<li>We also advise you against singing lighter raagams like Revathi, Bhaagyashree and Shivaranjini. You are encouraged to sing gana/rakti raagams.</li>\r\n<li>Hindustani Participants have to sing one raga, and it may contain one or two songs. Dhrupads, Khayals and Taranas are allowed. Thumris, Tappas, Bhajans and Ghazals will not be allowed. If in doubt, send a mail to one of the coordinators to confirm that the song you are preparing will be accepted. The performance must ordinarily contain at least two of the following: Anibaddh Alaap, Bol Alaap, Sargam and Taans. In other words, you will have to demonstrate the ability to improvise on the spot. You will be allowed to use an electronic Tabla but you will be required to switch off the electronic display of the taal cycle. In other words, you will have to demonstrate the ability to read the bol of the Tabla. Alternatively, you may be accompanied by one person on the Tabla. No non-percussion accompaniment is allowed.</li>\r\n</ul>\r\n<p><strong>Finals </strong></p>\r\n<br />\r\n<ul>\r\n<li>If you qualify for the finals, you will have to give a list of 5 kritis in different ragas. You may not sing the same raga that you sang in the prelims. No changes to the list would be encouraged once you submit it. All finalists are assumed to be competent enough to sing raagam and kalpana swarams in each of the 5 kritis, and neraval in most of the kritis. The finalists may be asked by the judges to move ahead and sing neraval/kalpana swarams. The judges may impose different types of creative restrictions to evaluate your talent. All of this is left to the judges\' discretion. Since the aim of this round is to decide a winner and most of the rules are dictated by the judges, there is no strict limit on the time allotted, though we expect that a participant will not take more than 20 min.</li>\r\n<li>Hindustani A list of 3 ragas must be submitted before the start of the finals. Please note that the list should not have the raga you rendered in the prelims. No changes to the list would be encouraged once you submit it. The participant will be assumed competent enough to render a full performance in all the ragas. There are no limitations on the number of songs you sing, but your performance will have to encompass at least two layas. The judges may ask you to move ahead and sing sargam/tans. They might impose all sorts of creative restrictions; prescribe the bol to use for the tans etc. All of this is left to the judges\' discretion. Since the aim of this round is to decide a winner and as most of the rules are dictated by the judges, there is no strict limit on the time allotted, though we expect that a participant will not take more than 20 min.\r\n<p><strong>Classical Music Instrumental( Non- Percussion)</strong></p>\r\n<ul>\r\n<li>Artistes with B-high or higher grades in their respective fields in the AIR are not allowed to participate as this competition is meant for amateurs and semi-professionals.</li>\r\n<li>Eligibility : Class 9 and above.</li>\r\n<li>Hindustani and Carnatic will be judged together.</li>\r\n</ul>\r\n<p>&nbsp;</p>\r\n<ul>\r\n<li>All instruments will be judged together.</li>\r\n<li>One person can participate only once.</li>\r\n<li>Regarding the pieces that can be played, the same rules as those for vocal prelims apply.</li>\r\n<li>Time limit: 6 minutes, though this might change depending on the number of participants.</li>\r\n</ul>\r\n<p>&nbsp;</p>\r\n<ul>\r\n<li>We will make available an electronic shruthi box. No other instruments will be made available.</li>\r\n<li>Judges\' decision shall be final in all respects and should be accepted without question.</li>\r\n</ul>\r\n<p><strong>Classical Music Instrumental (Percussion)</strong><strong><br /></strong></p>\r\n<ul>\r\n<li>Artistes with B-high or higher grades in their respective fields in the AIR are not allowed to participate as this competition is meant for amateurs and semi-professionals.</li>\r\n<li>Eligibility : Class 9 and above.</li>\r\n<li>Hindustani and Carnatic will be judged together.</li>\r\n</ul>\r\n<p>&nbsp;</p>\r\n<ul>\r\n<li>Electronic instruments are not allowed.</li>\r\n<li>The participants will be required to give a list of three talams in which they are prepared to play a thani avarthanam or a solo piece.</li>\r\n<li>The judges may ask them to play one more tala from the list provided. Participants may also be required to recite the korvais or other pieces played on judges\' demand.</li>\r\n<li>Participants may play in Carnatic/Hindustani style. However, they will not be judged separately.</li>\r\n<li>Time limit: 6 minutes, though this might change depending on the number of participants. Please stick to the time limit.</li>\r\n<li>Any sort of assistance to aid rhythm like music, rhythm clocks etc. are not allowed.</li>\r\n</ul>\r\n<p>&nbsp;</p>\r\n<ul>\r\n<li>We will make available an electronic shruthi box. No other instruments will be made available.</li>\r\n<li>Judges\' decision shall be final in all respects and should be accepted without question.</li>\r\n</ul>\r\n</li>\r\n</ul>\r\n</li>\r\n</ul>','<p>Saarang 2014 presents you with the thrilling opportunity to showcase your talent in the classical arts of India; be it with the rhythmic beats of Bharathanatyam or the melodious tunes of Carnatic music. &nbsp;Come! Participate in one or more of the 5 events Saarang Classical Arts has to offer and take home with you exciting gifts and prizes!</p>\r\n<p>&nbsp;</p>\r\n<p>Classical arts at Saarang this year witnesses a revival of sorts with a plethora of events to arouse your interest and appeal to the classical connoisseur in you. With better competition, judges and prizes, mesmerize everyone with your classical prowess and attend the lecture demonstrations.The classical music event is divided into two categories: vocals and instrumentals (percussion and non-percussion), whereas the dance event comprises of a solo event and a group event.If you can&rsquo;t resist dancing to the taalams or humming the raga, Classical arts at Saarang is the place for you.</p>','<ul>\r\n<li>How many members must be there in classical dance group?</li>\r\n</ul>\r\n<p>&nbsp; &nbsp; &nbsp; &nbsp; &nbsp; &nbsp;There must be a minimum of 2 and a maximum not exceeding 8 per group.</p>\r\n<ul>\r\n<li>&nbsp; Can participants from different colleges form a classical dance group to participate? &nbsp; &nbsp;</li>\r\n</ul>\r\n<p>&nbsp; &nbsp; &nbsp; &nbsp; &nbsp; &nbsp; Yes, but mention only one college name in the registration form.</p>\r\n<ul>\r\n<li>How to confirm if my selected piece is allowed or not?</li>\r\n</ul>\r\n<p>&nbsp; &nbsp; &nbsp; &nbsp; &nbsp; &nbsp; If you intend to sing/play pieces like tiruppugazh, tillana and pieces considered as tukkadas, you must e-mail the coordinators atleast 2 days in advance to clarify if that particular piece will be allowed.</p>',NULL,'classarts@saarang.org',0,1,NULL),(9,'cluedo','Cluedo','',49,'','','',NULL,'<p><br />Are you done with the mysterious cases of Agatha Christe and Arthur Conan Doyle? Do you</p>\r\n<p>think you possess the wit to solve the puzzling and mysterious cases? If yes, get ready to do a</p>\r\n<p>Hercule Poirot or a Miss Marple at Saarang\'s unique mystery solving event.</p>\r\n<p>If not this is your clue, <strong>&ldquo;When you have eliminated the impossible, whatever remains, however</strong></p>\r\n<p><strong>improbable, must be the truth.&rdquo;</strong> This famous peal of wisdom by Mr. Holmes himself</p>\r\n<p>is your clue to all the mysteries.</p>','<p>1. On spot registration.</p>\r\n<p>2. Teams of two. (Get a pen and a partner)</p>\r\n<p>3. Members of the team need not be from the same institute.</p>\r\n<p>4. A Saarang ID is mandatory for anyone to participate in this event.</p>\r\n<p>5. Any sort of malpractice leads to disqualification.</p>\r\n<p>6. The decision of coordinators is final and binding in all disputes.</p>','','informals@saarang.org',0,1,NULL),(10,'creativewriting','Creative Writing Event (Online)','Online writing competition to entice and provoke every kind of writer in you!',54,'','<p>No registration needed.</p>','online','<ul>\r\n<li dir=\"ltr\">\r\n<p dir=\"ltr\">Pre-Saarang online event.</p>\r\n</li>\r\n<li dir=\"ltr\">\r\n<p dir=\"ltr\">Each category will be judged by a different and distinguished writer.</p>\r\n</li>\r\n<li dir=\"ltr\">\r\n<p dir=\"ltr\">Entries are invited for any one or all of the three categories- poems (1000 words), humorous pieces (1500 words) and short stories (2500 words)</p>\r\n</li>\r\n<li dir=\"ltr\">\r\n<p dir=\"ltr\">Submission of the entries can be anytime between the 1st of December and the 20th of December</p>\r\n</li>\r\n<li dir=\"ltr\">\r\n<p dir=\"ltr\">Submissions are to be sent to the following e-mail id, <a href=\"mailto:cw@saarang.org\">cw@saarang.org</a>.</p>\r\n</li>\r\n<li dir=\"ltr\">Only writers within the age group of 16 to 25 are allowed to participate.</li>\r\n</ul>\r\n<p>&nbsp;</p>','<p dir=\"ltr\"><strong>Have you had an idea tucked away at the back of your mind, waiting for that free-moment-which-never-came to be recorded? Do you travel to lands afar in your head until you\'re forced to return to earth with a sigh? Do you have \'writer\' written all over your face? Give us a peek into those castles in your mind!</strong></p>\r\n<p dir=\"ltr\"><strong>Push a pencil (or set your keyboard rattling) this Saarang, as we bring you these exciting events: Online Flash fiction; Online short fiction, poetry and humour events and the onsite creative writing contest during Saarang.</strong></p>\r\n<p><strong id=\"docs-internal-guid-3e696300-1d25-62e1-b6d5-c2925bf7dd97\">The humour, short fiction, and poetry events are fairly straightforward. Choose any theme and write a 2500 word story or a 1500 humour piece or a 1000 word poem or all of them and send it in to us by December 20th, 2013 at swa@saarang.org.</strong></p>','<p dir=\"ltr\"><strong>-Can I send entries for more than one of the genres mentioned?</strong></p>\r\n<p dir=\"ltr\">Yes. As long as the genre is clearly stated.</p>\r\n<p dir=\"ltr\"><strong>-Can I send in more than one entry for a particular genre?</strong></p>\r\n<p dir=\"ltr\">No. One entry per person in each genre will be allowed and not more.</p>\r\n<p dir=\"ltr\"><strong>-When is the deadline for the submissions?</strong></p>\r\n<p dir=\"ltr\">11:59p.m.,20th December, 2013</p>\r\n<p>&nbsp;</p>','<p dir=\"ltr\"><strong>Winning entry in prose (Fiction)-</strong> Cash prize of 3000 rupees</p>\r\n<p dir=\"ltr\"><strong>Runner up-</strong> Cash Prize of 1500 rupees</p>\r\n<p dir=\"ltr\">&nbsp;</p>\r\n<p dir=\"ltr\"><strong>Winning entry in poetry-</strong> Cash prize of 3000 rupees</p>\r\n<p dir=\"ltr\"><strong>Runner up-</strong> Cash prize of 1500 rupees</p>\r\n<p dir=\"ltr\">&nbsp;</p>\r\n<p dir=\"ltr\"><strong>Winning entry in Humour-</strong> Cash prize of 2000 rupees</p>\r\n<p>&nbsp;</p>','cw@saarang.org',0,1,NULL),(11,'crossie','Crossie','',44,NULL,NULL,'','<ul>\r\n<li>On spot registration</li>\r\n<li>Written prelims</li>\r\n<li>Top 8 qualify for the finals</li>\r\n<li>Two or fewer members per team</li>\r\n<li>Get your own stationery</li>\r\n<li>No cheating allowed</li>\r\n</ul>','<p>It&rsquo;s only a mere 15 x 15 square grid. All you have to do is fill it up. Sounds like child&rsquo;s play? Well, you&rsquo;ll have to unravel those clues first. And they&rsquo;re not going to be all, <strong>say, English made simple (4)</strong>. It&rsquo;s cryptic, after all. This is the ultimate battle of the cruciverbalists. Your choice of weapons: a pen, pencil or both.</p>',NULL,NULL,'crossie@saarang.org',0,1,NULL),(12,'dailyevents','Daily Events','',49,NULL,NULL,'',NULL,NULL,NULL,NULL,'informals@saarang.org',0,1,NULL),(13,'danceworkshop','Dance Workshop','The chance for you to hone your dancing skills at Saarang: The Saarang Dance Workshops! Grab the chance as the best in Dance come to the floor to teach you!',50,'choreo-2013@googlegroups.com','','onsite',NULL,'<p>Latin American Dances! Saarang gives you an opportunity to learn dance from the masters! For free! So come along, register, and learn how to dance like you always wanted to.</p>','<p>For any clarifications contact:</p>\r\n<p>CHOREO COORDINATORS<br />SAARANG 2014<br />Mail : choreo@saarang.org<br />RadhaKrishna-9884682370<br />Aryapadmam C - 9444885673<br />Urmila Reghunath - 9498073720<br />Sreecharan Rachakonda-9884988638</p>','','choreo@saarang.org',0,1,NULL),(14,'debate','Debate','',48,NULL,NULL,'','<ul>\r\n<li>British Parlimanetary format will be followed</li>\r\n<li>Each team must comprise two speakers and at least one adjudicator</li>\r\n<li>Cross institute teams are allowed</li>\r\n<li>Individual adjudicators are welcome to apply</li>\r\n</ul>','<p>&nbsp;Love action? Cannot get enough of it? Then look no further! The all new Saarang (British Parliamentary) Debate is here! Where making a solid argument is more important than screaming your head off. Where what you speak matters more the number of chairs that you hurl. Come be a part of this oratory extravaganza this January.</p>\r\n<p>PS: New to the BP format? Do not worry. You can learn all you need to know about it in our BP orientation session.</p>',NULL,'','oratory@saarang.org',0,1,NULL),(15,'decibels','Decibels','',52,'thelooneytunessaarang@googlegroup.com','<p>Registrations will happen on the nh7 portal. Bands are required to visit the page and send in samples of their music, on the basis of which the top 25, and eventually the final 12 will be picked.</p>','online','<p>1. Online registrations from which 25 bands are selected.<br /> 2. These bands are then put to public voting&nbsp;<br /> 3. 12 of these bands are selected to play at saarang.<br /> 4. Each band gets 22 minutes.<br /> 5. The top 2 bands get the chance to perform at OAT and open the rock show.</p>','<p>Think it&rsquo;s time for your band to be launched into the limelight? Think you have what it takes to <br /><br />compete against some of the best bands in the country? Then waste no time and sign your band up <br /><br />for Saarang Decibels 2014, one of India&rsquo;s premier competitions for semi-professional bands to make <br /><br />your claim to fame.</p>','<p>1. Will transportation and accomodation be provided to participants?&nbsp;<br /> Participants requiring accomodation will have to mention this while registering online. You will be put up in hostels inside the campus. Transportation however will not be provided.&nbsp;</p>\r\n<p dir=\"ltr\">2. Will instruments be provided?&nbsp;<br /> While we will be providing all sound system requirements (amplifiers, mics, 5 piece drum kit, audio cables), participants will have to bring their own instruments.</p>\r\n<p dir=\"ltr\">3. When do we have to reach IITM?&nbsp;<br /> Participants have to ensure that they reach IITM by 9am. However for it is recommended that you come on Day 1 itself for a wholesome Saarang experience.&nbsp;</p>\r\n<p dir=\"ltr\">4. Do we need to get our college IDs?&nbsp;<br />&nbsp; For this event, no college IDs are required. Non-college participants are allowed to participate.</p>\r\n<p>&nbsp;5. Can a participant be a part of more than one band in the same event?&nbsp;<br /> No. Participants are allowed to represent only one band per event</p>','<p>Prize money:</p>\r\n<p>1st: 80,000</p>\r\n<p>2nd:50,000</p>\r\n<p>3rd:20,000</p>\r\n<p>&nbsp;</p>\r\n<p>The winners and the runners up play at OAT before the Rock Show, as an opening act.</p>\r\n<p>&nbsp;The winners are also covered as band of the month on Eight Octaves</p>','wm@saarang.org',0,1,NULL),(16,'designfest','Design Fest','',51,NULL,NULL,'',NULL,'<p>A fest within a fest!</p>\r\n<p>For the first time in its history, Saarang brings to you the amazing world of design. With lectures, workshops, competitions and a lot more to offer, the Saarang&nbsp; Design fest is a promising newcomer this year.</p>\r\n<p>Showcase your talent to the audience.Let your creativity come to life.Make a name for yourselves.</p>\r\n<p>Come, participate, bring out the designer in you!</p>',NULL,NULL,'designfest@saarang.org',0,1,NULL),(17,'djukebox','DJukebox','',52,'thelooneytunessaarang@googlegroup.com','<p>&nbsp;Participants must register online on the saarang website. The first 16 to register will be selected to play at Saarang 2014</p>','online','<p>1. 16 DJs are enlisted through online registrations.<br /> 2. A total of 15 heats will be conducted. The event follows a knockout format, with face-offs between DJ\'s.</p>','<p>Vocals, instruments, and some crazy energy. The only thing missing from Saarang was<br /><br />some music to get the crowd grooving and partying. Here\'s your chance to pump up the<br /><br />party with DJukebox - our all new and absolutely insane DJing event for school and<br /><br />college DJs!</p>','<p>1. Will transportation and accomodation be provided to participants?&nbsp;<br /> Participants requiring accomodation will have to mention this while registering online. You will be put up in hostels inside the campus. Transportation, however, will not be provided.&nbsp;</p>\r\n<p dir=\"ltr\">2. Will equipment be provided?&nbsp;<br />&nbsp;&nbsp; Basic DJing equipment will be provided, but participants who wish to bring in their own gear are welcome to do so.</p>\r\n<p dir=\"ltr\">3. When do we have to reach IITM?&nbsp;<br /> Participants have to ensure that they reach IITM by 9am. However, it is recommended that you come on Day 1 itself for a wholesome Saarang experience.&nbsp;</p>\r\n<p dir=\"ltr\">4. Do we need to get our college IDs?&nbsp;<br /> Yes. Valid college IDs are mandatory for all events except Decibels.</p>','','wm@saarang.org',0,1,NULL),(18,'dramatics','Dramatics','',45,'the-powerpuff-girls-2013-2014@googlegroups.com','','pre_reg','<ul>\r\n<li>Teams can be of any size.</li>\r\n<li>Participants will have to carry ID cards to register.</li>\r\n<li>There will be two rounds of shortlisting.</li>\r\n<li>The first round is done based on the script. &nbsp;Send us your script by the 15th of December.</li>\r\n<li>The second round involves putting up a 6 minute sketch of your play in front of a panel of judges at Saarang 2014.</li>\r\n<li>Teams in the final shortlist will showcase their play in CLT, IIT Madras at Saarang 2014. Please read on for the rules regarding the final round.</li>\r\n<li>Time Limit - Time of 45&lt;can be subject to change&gt; minutes will be counted from \'empty stage to empty stage\'.</li>\r\n<li>Use of basic props is encouraged. We will provide basic props like chairs and tables if informed in advance.</li>\r\n<li>Sticking on the backdrop will NOT be allowed.</li>\r\n<li>Use of fire/water/smoke machines on stage (or anywhere in its vicinity) is strictly prohibited. Smoking on stage is prohibited.</li>\r\n<li>Lights will be provided. No extra lights will be allowed.</li>\r\n<li>Sounds - Bring your own laptop with the sounds. Live music is allowed. In the event that the team is playing live, they must bring their own instruments.</li>\r\n<li>The play should primarily be in English. Excessive profanities are discouraged.</li>\r\n</ul>\r\n<p><strong>Disclaimer: Rules are subject to change without prior notice. Teams will be informed of the changes.</strong></p>','<p>&ldquo;Movies will make you famous; Television will make you rich; But theatre will make you good.&rdquo;</p>\r\n<p>-Terrence Mann</p>\r\n<p>Nuff said? We don&rsquo;t think so! This year prepare yourself to tear up, sniffle, and laugh out loud as Saarang Dramatics returns.&nbsp;</p>\r\n<p>The stage is set. We just have to turn the lights on.</p>',NULL,'<p>Coming soon!</p>','thespian@saarang.org',0,1,NULL),(19,'eloc','Eloc','',48,NULL,NULL,'','<ul>\r\n<li>Each participant is given 3 + 0.5 minutes.</li>\r\n<li>Limited entries on the basis of first come first serve.</li>\r\n</ul>','<p>\"A picture can tell a thousand words, but a few words can change its story.\"</p>\r\n<p>If you can move crowds like Mark Antony or amuse them like Russell Peters, all you need to do is grab the Saarang mic! Enthrall the audience, make them speechless and nothing can be an obstacle between you and glory. An individual event, thou shall be thine only company!</p>',NULL,NULL,'oratory@saarang.org',0,1,NULL),(20,'finearts','Arty-Stix','Art at its Best ...!',40,'finearts2014@googlegroups.com','<p>Based on First Come First Serve .</p>','onsite','<ul>\r\n<li>All the required material will be provided</li>\r\n<li>Participants are not allowed to use their own material.</li>\r\n<li>Time duration is 3 hours.</li>\r\n<li>Teams of two or individual participation</li>\r\n<li>Specific rules for the event will be given at the time of the event itself.</li>\r\n</ul>','<p>Leaving engineering out of Saarang 2014, just cannot happen. Create a masterpiece out of sticks, fancy papers, ribbons , glue and whatnot. Engineer your design artistically!</p>',NULL,'','finearts@saarang.org',0,1,NULL),(21,'flashfiction','Flash Fiction','For young writers of  few words but many riddles and meanings.',54,'','<p>No registration needed.</p>','online','<ul>\r\n<li dir=\"ltr\">\r\n<p dir=\"ltr\">Pre-Saarang Online event.</p>\r\n</li>\r\n<li dir=\"ltr\">\r\n<p dir=\"ltr\">Every week, in the month preceding Saarang, writing prompts and cues are announced in the SWA Facebook page.</p>\r\n</li>\r\n<li dir=\"ltr\">\r\n<p dir=\"ltr\">There is a word limit of 70 words, and the entries are to be sent in as comments in the same thread as the announcement of the prompt.</p>\r\n</li>\r\n<li dir=\"ltr\">\r\n<p dir=\"ltr\">The best 3 entries from each week will be selected by a notable judge.</p>\r\n</li>\r\n<li dir=\"ltr\">\r\n<p dir=\"ltr\">Age limit: 16-25.</p>\r\n</li>\r\n<li dir=\"ltr\">\r\n<p dir=\"ltr\">The winners will be announced at the end of each week.</p>\r\n</li>\r\n</ul>\r\n<p>&nbsp;</p>','<p><strong>&nbsp;</strong></p>\r\n<p dir=\"ltr\"><strong>Are you the ones that are bored of long tales and NEVER- ENDING sagas? </strong></p>\r\n<p dir=\"ltr\"><strong>Do you believe in the adage, \"Better one word too few than one too many\"? </strong></p>\r\n<p dir=\"ltr\"><strong>&nbsp; &nbsp; &nbsp; &nbsp; &nbsp; &nbsp; &nbsp; &nbsp; &nbsp; &nbsp; &nbsp; &nbsp; Well, tell us again why less is better in our Flash Fiction event held for passionate writers of few words. &nbsp;</strong><strong>To participate in the flash fiction, like our facebook page &lsquo;Saarang Writing Awards&rsquo;&rsquo; and&nbsp;</strong><strong>keep an eye out for updates all of December!</strong></p>\r\n<p><br class=\"Apple-interchange-newline\" /><br /></p>','<p dir=\"ltr\"><strong>Where will the prompts be put up?</strong></p>\r\n<p dir=\"ltr\">On the Saarang 2014 Facebook page. (The link to the facebook page should be given here.)</p>\r\n<p dir=\"ltr\"><strong>Can I send more than one short entry?</strong></p>\r\n<p dir=\"ltr\">No. One entry per person for a prompt.</p>\r\n<p dir=\"ltr\"><strong>Can I send entries for more than one prompt?</strong></p>\r\n<p dir=\"ltr\">Yes.</p>\r\n<p>&nbsp;</p>','<p dir=\"ltr\">Gift vouchers for the winning entry of each week. Rs 200*5 (weeks) worth.</p>\r\n<p><strong id=\"docs-internal-guid-509bd76e-1d2a-e39b-1faf-db1b06600014\">&nbsp;</strong></p>','cw@saarang.org',0,1,NULL),(22,'ganimatoonic','Ganimatoonic','',42,NULL,NULL,'',NULL,NULL,NULL,NULL,'quizzes@saarang.org',0,1,NULL),(23,'indiaquiz','India Quiz','Saarang is India, India is Saarang',42,'','<p>No pre-registration required. Simply turn up for the event and enjoy yourself!</p>\r\n<p>Unless you absolutely must register. In which case just email Anand.</p>','onsite','<p>Written prelims. 50 questions. Rock, Paper, Scissors to break ties.<br /><br />The top 8 teams from the prelims will qualify for the finals.&nbsp;</p>\r\n<p>&nbsp;<br /><br /></p>','<p>Saarang India is a&nbsp;comprehensive (really long + indepth) General Knowledge test on everything India from Aaryabhata to Zenana,&nbsp;we\'ve got Dhoom, Dhadaka, Cool Patakas, Rajinikanth, Rasgullas and everything in between!</p>\r\n<p>Put on your thinking turbans, and take part in this exhilarating journey across the warp and weft of this beautiful ancient, dynamic, definition defying, enigmatic&nbsp; land we call home. Entertainment Guaranteed. Prizes too!</p>\r\n<p>Laddu tinna aasai aa? No prior quizzing experience necessary. Jugaad out the answer with help from fundaes on screen.</p>\r\n<p>Experience quizzing, IITM style. Best kaluri quiz klub in Indi-yeah!</p>\r\n<p>Rules:<br />Teams of upto 3<br />Cross College Teams allowed<br />Eklavya/Akeyla/lone wolf teams allowed<br />Top 8 teams make it to finals after the prelims</p>\r\n<p>Do setting for Pen. Answer Sheets will be provided by us.</p>\r\n<p>Encourage friends to participate. Pliss to spread word. They Enjoy, You Enjoy, We enjaay.</p>','<p><strong>1. Do we have to pre-register?</strong></p>\r\n<p>Registrations on the spot! Pen is mandatory. Elephant optional.&nbsp;<br /><br /><strong>2. Are there any prerequisites?</strong></p>\r\n<p>An open mind and lots of enthu required. Basic general knowledge and ability to put n-pseud may come in handy.&nbsp;</p>\r\n<p><strong>3. What kind of questions can we expect?</strong></p>\r\n<p>All kinds of questions! There are fun visual connects, buzzer rounds, &nbsp;and a whole array of new theme rounds. Go through teaser Questions on the IIT Madras Quiz Club facebook page.</p>\r\n<p><strong>4. I don\'t know much about India. I\'m a General Quizzer. Should I take part?</strong></p>\r\n<p>Absolutely. There is a little bit of India in everything. We will try our best to nudge you gently to discover facts about India you probably didn\'t know before.</p>\r\n<p><strong>5. Forever Alone. May I take part?</strong></p>\r\n<p>D\'oh Totally! On the spot swayamwar for those needing partners or pens. Anti-social? Akeyla also okay!</p>\r\n<p><strong>6. Wait a minute. I was at Litsoc India. How long will the finals be?</strong></p>\r\n<p>It will be a very long quiz. Length ofcourse doesn\'t matter does it. It\'s what you do with it.&nbsp;Saarang India Quiz endeavours to be a comprehensive test of knowledge.</p>\r\n<p><strong>7. Will you ask Tam-max Questions?</strong></p>\r\n<p>Ans 1: (tamizhaaa?) Absolutely machi!</p>\r\n<p>Ans 2: (Chapatti? Rotti? Butter Nan? Parotta even) No No ofcourse naat. India Quiz believes in Unity in Diversity. It will be a well balanced quiz about everything India. A little bit for everybody. Bollywood or Bhojpuri. &nbsp; &nbsp;</p>\r\n<p><strong>8. What is the age difference between Vikram and Anand?</strong></p>\r\n<p>5 years</p>\r\n<p><strong>9. Is Vikram Venkat single?</strong></p>\r\n<p>The question on everyone\'s lips.</p>\r\n<p><strong>10. Does Anand Aiyer dye his hair black?</strong></p>\r\n<p>His hair is still black, believe it or not. Magic Brahmi oil is the secret we believe.</p>\r\n<p>&nbsp;</p>\r\n<p>&nbsp;</p>','<p><strong>Cash Prizes:</strong></p>\r\n<p><strong>1st prize:</strong> Rs 4500/-<br /><br /><strong>2nd prize:</strong> Rs 3000/-<br /><br /><strong>3rd prize:</strong> Rs 1500/-</p>\r\n<p><strong>Audience Prizes:</strong></p>\r\n<p>Exotic Chocolates or Cadbury DairyMilk (depending on budget) for</p>\r\n<p>Most Postmodern Desi Team name<br />Most Pseud Answer 1 2 3<br />Most Paavum quizzer<br />Most Outraged junta 1 2 3<br />\'Q Mukilan\' Prize for Most musical answer<br />Best Pun<br />Most desi dressed<br />Best Arnab Goswami impression<br />Best usage of \'Thirukural quote\' while putting funda.</p>\r\n<p>&nbsp;</p>','quizzes@saarang.org',0,1,NULL),(24,'informals','Informals','',49,'informals2014@googlegroups',NULL,'',NULL,NULL,NULL,NULL,'informals@saarang.org',0,1,NULL),(25,'jam','JAM','',48,NULL,'<p>First 80 to register will JAM.&nbsp;</p>','','<ol>\r\n<li>Eight legged freaks: There are 8-10 JAMmers on stage at a time. For each topic they are given, the clock will start when a chosen speaker starts speaking.</li>\r\n<li>Train of thought: Participants have to speak continuously, without repetition, without grammatical errors, without slurring, without stammering, (I\'d be buzzed right about now, for the repeated use of \"without\") without pausing, without digressing, without beating around the bush, and sustain all this for as long as possible.</li>\r\n<li>To stop train, pull chain: Any participant can take the mic from the current speaker and earn extra points, by buzzing, and raising a valid objection. Points are docked for wrong interruptions.</li>\r\n<li>Time is money: The longer you speak for, the more points you get. Each round lasts for one minute of cumulative time.</li>\r\n<li>Jest in the nick of time: Points are also awarded arbitrarily by the JAM moderator for humour. So, make him laugh and he will make you smile.</li>\r\n</ol>','<p>The longest one minute is the last of a lecture, the shortest, the last in an exam. But, the most exciting is the one in JAM.</p>\r\n<p>If pointing out flaws is your forte and if you consider plagiarism, grammatical errors, gesticulation, jump the gun, stammers, change of pace and filler words to be the Seven Deadly Sins, nothing can stop you from buzzing your opponent to punishment! Being an individual event, you are solely responsible for your actions.</p>',NULL,NULL,'oratory@saarang.org',0,1,NULL),(26,'justduet','Just Duet','Couple dance sets the stage on fire. So what if it is a competition? Dont miss it as this couple dance competition sends sparks sky high at Saarang.',50,'choreo-2013@googlegroups.com','<p>2 rounds of registration:</p>\r\n<p>For Pre-Registration:</p>\r\n<p>Teams are required to send the following.<br />YouTube link of a video of the team&rsquo;s performance sent in by 7th December.<br />Details about the team including previous performances/any achievements should be mailed to choreo@saarang.org. before the deadline.<br />The shortlisted teams will be sent a confirmation mail and they should confirm their participation by 30th of December by sending in an e-mail to choreo@saarang.org.<br />The finalists&rsquo; list will be declared 15 days before Saarang.&nbsp;</p>','pre_reg','<p>? Just Duet is an open event for all college students and professionals.<br />? All team members must carry their college ID cards(for college students) and saarang registration ID( for others)&nbsp; with them till the completion of the event.&nbsp;<br />? There is only one round for a duration of 2+1 minutes. The participants can perform in any of the latin style.<br />? No same gender couples will be allowed.<br />? Participant should submit their tracks on a Pen drive (name and details should be written on it) half an hour before the event starts.<br />? No fire, water and heavy objects should be used on stage.&nbsp;No props are allowed.<br />? No indecency will be tolerated on stage.&nbsp;<br />? Judges and coordinators decisions shall be final and binding. There shall be no arguments in this regard.</p>','<p>Make the floor burn as you wordlessly communicate every thought and move to your partner. Let the sparks fly with even the most subtle glance. At Just Duet, it is all about the chemistry and the sync as couples perform on the Saarang platform. Watch the couples battle it out, watch as the music comes alive. Watch dance rule the stage. </p>','<p>For any clarifications contact:</p>\r\n<p>CHOREO COORDINATORS<br />SAARANG 2014<br />Mail : choreo@saarang.org<br />RadhaKrishna-9884682370<br />Aryapadmam C - 9444885673<br />Urmila Reghunath - 9498073720<br />Sreecharan Rachakonda-9884988638</p>',NULL,'choreo@saarang.org',0,1,NULL),(27,'lecdems','Lectures and Demonstrations','',41,'lecdems2014@googlegroups.com',NULL,'',NULL,'<p>Saarang Lectures and Demonstrations is back with distinguished speakers from various walks of life. Adding to the hues of Saarang, we&nbsp; have a galaxy of celebrities who can inspire you with their intellectual and cultural acumen. Lend you ears to the riveting lectures by remarkable personalities from Cinema, Literature, Arts and Civil Society.</p>\r\n<p>Saarang Demonstrations bring you astonishing performances by highly acclaimed artists. Get ready to witness the entralling performances this Saarang 2014.</p>\r\n<p>&nbsp;</p>\r\n<p>&nbsp;</p>','<p>Do I need to register for the event?</p>\r\n<p>No. Entry to the lecture hall is based on first come first serve basis.&nbsp;</p>\r\n<p>&nbsp;</p>\r\n<p>What are the timings for the lectures?</p>\r\n<p>Timings will be released soon. Stay tuned to the Saarang website and the Saarang facebook page for exact timings.</p>\r\n<p>&nbsp;</p>\r\n<p>What is the venue for the lectures?</p>\r\n<p>The lectures will be held at IC&amp;SR main auditorium.</p>\r\n<p>&nbsp;</p>\r\n<p>Do I have to pay for attending the lecture?</p>\r\n<p>No. Saarang\'s vision is to provide a platform to listen to intellectuals and hence, is open to all.</p>\r\n<p>&nbsp;</p>',NULL,'lecdems@saarang.org',0,1,NULL),(28,'lonewolf','Lone Wolf','One of the most competitive college quizzes in the country, the Saarang lone wolf has a rich heritage',42,'','<p>On the spot registrations.</p>','onsite','<p class=\"p1\">Format: A single person quiz. Written prelims, followed by a pre-final round for the top 16 qualifiers, followed by finals for the top 8.</p>\r\n<p>&nbsp;</p>','<p>&nbsp;</p>\r\n<p class=\"p1\">One of the most competitive college quizzes in the country, the Saarang lone wolf has a rich heritage. Battle it out among a pack of hungry cubs and fight your way to the top, for only the best survives!&nbsp;</p>\r\n<p class=\"p1\">Do you have it in you to survive an entire night of quizzing? Under the starry skies in the Open Air Theatre of IIT Madras, be a part of the event that crowns the king of college quizzing.</p>\r\n<p class=\"p1\">&nbsp;</p>',NULL,NULL,'quizzes@saarang.org',0,1,NULL),(29,'madads','Mad-Ads','',45,'the-powerpuff-girls-2013-2014@googlegroups.com','<p>Just be there! :D</p>','onsite','<ul>\r\n<li>Teams consisting of a maximum of 7 members</li>\r\n<li>Time on stage: 6+1 minutes. After 6 minutes, a buzzer/bell will be rung</li>\r\n<li>Teams are allowed to use minimalistic props and costumes. But they will have to be brought by the team. Basic props will be provided. (3 chairs and 1 table)</li>\r\n<li>Participants have to be students of a college, and should carry a valid ID card.</li>\r\n<li>The pieces should primarily be in English.</li>\r\n</ul>','<p>Going all out and acting retarded has never been so rewarding! Here you score high points for whacky &amp; Out-of-the-Box ideas. They can be anything &ndash; Baba Ramdev doing a jingle to advertise body lotion or Manmohan Singh smiling even during corruption. (That&rsquo;s not exactly Out-of-the-Box, but you get the point!)&nbsp;So if you have wit or a taste for smart humor, make sure you\'re there!</p>','<p>1. How do you register for the event?</p>\r\n<p>It\'s an Onsite registration event. Make sure you\'re there!</p>\r\n<p>2. Is there any restriction on the number of entries/teams per college?</p>\r\n<p>No, there is no restriction on the number of teams per college.</p>\r\n<p>3. Can a team have students from different colleges?</p>\r\n<p>Yes, a team can comprise of students from different colleges. But they should all carry with themselves a valid ID card indicating that they belong to a particular college.</p>\r\n<p>4. Are the teams allowed to use props and costumes for Mad-Ads? Will basic props be provided by the organizers?</p>\r\n<p>Yes, the teams are allowed to use props and costumes for Mad-Ads. However it is recommended to go with minimalistic props, as per the concept of this event. Basic props (3 Chairs and 1 Table) will be provided by the coordinators.&nbsp;</p>\r\n<p>&nbsp;</p>\r\n<p>&nbsp;</p>','<p>Coming Soon!</p>','thespian@saarang.org',0,1,NULL),(30,'mobileinformals','Mobile Informals','',49,NULL,NULL,'',NULL,NULL,NULL,NULL,'informals@saarang.org',0,1,NULL),(31,'monoact','Monoacting','',45,NULL,NULL,'',NULL,NULL,NULL,NULL,'thespian@saarang.org',0,1,NULL),(32,'panache','Panache','',49,NULL,'<p dir=\"ltr\">Registration - Pre-registered</p>\r\n<p><strong>&nbsp;</strong></p>\r\n<p dir=\"ltr\">Last date for registration: 2nd December, 2013</p>\r\n<p><strong>&nbsp;</strong></p>\r\n<p dir=\"ltr\">Last date for submission for elimination round: 15th December, 2013</p>\r\n<p>&nbsp;</p>','pre_reg','<p dir=\"ltr\"><strong>Structure:</strong></p>\r\n<p dir=\"ltr\">The competition would comprise of an elimination round and two stage rounds. Both the stage rounds will be theme based wherein the teams have to design their costumes/outfits according to the common theme.</p>\r\n<p><strong>&nbsp;</strong></p>\r\n<p dir=\"ltr\"><strong>Elimination Procedure:</strong></p>\r\n<p dir=\"ltr\">The designers will have to mail a soft copy of their designs for the stage rounds along with the portfolios [with photo ID] of all the models walking the ramp to panache@saarang.org. The elimination round would be based on this. It is to be noted that the design submitted during this round would only be allowed for the stage rounds. Thus, the designs for both the rounds have to be sent.</p>\r\n<p>&nbsp;</p>','<p dir=\"ltr\">We invite you to Panache- The Fashion Fiesta at Saarang 2014!</p>\r\n<p><strong>&nbsp;</strong></p>\r\n<p dir=\"ltr\">Do you sometimes wish you could dress the world and make them look fashionable? Do you think you have an unmatched sense of style and panache? Then come this Saarang, and show everyone your very own to-die-for creations! Think out-of-the-box, get high on creativity and fascinate your audience with your oomph factor.</p>\r\n<p><strong>&nbsp;</strong></p>\r\n<p dir=\"ltr\">Prize money and lots of exciting vouchers to be won! &nbsp;</p>\r\n<p dir=\"ltr\">&nbsp;</p>\r\n<p dir=\"ltr\">Contact:</p>\r\n<p dir=\"ltr\">Smita Mujumdar (+91 8939 570 987)</p>\r\n<p dir=\"ltr\">Rituja Saha (+91 9840 083 395)</p>\r\n<p dir=\"ltr\">Ankit Jain (+91 9043 807 215)</p>\r\n<p dir=\"ltr\">&nbsp;</p>\r\n<p dir=\"ltr\">Email - <a href=\"mailto:panache@saarang.org\">panache@saarang.org</a></p>\r\n<p dir=\"ltr\">&nbsp;</p>\r\n<p>&nbsp;</p>','<p dir=\"ltr\">Rules and Regulations:</p>\r\n<p><strong>&nbsp;</strong></p>\r\n<p dir=\"ltr\">1. Panache is open to college students only.</p>\r\n<p><strong>&nbsp;</strong></p>\r\n<p dir=\"ltr\">2. There can be more than one team from a respective college or even crossover teams can be formed.</p>\r\n<p><strong>&nbsp;</strong></p>\r\n<p dir=\"ltr\">3. All the members of a team must have a valid college ID card.</p>\r\n<p><strong>&nbsp;</strong></p>\r\n<p dir=\"ltr\">4. Vulgarity of any kind would lead to disqualification of the team. It is strongly advised</p>\r\n<p dir=\"ltr\">that the team consult the organizers if the team feels that any stunt or costume design can be deemed as vulgar. The decision of the organizers would be final in any kind of resulting dispute.</p>\r\n<p><strong>&nbsp;</strong></p>\r\n<p dir=\"ltr\">5. Team Size: Maximum 15 members; models - 8-10, designers - 1-4.</p>\r\n<p><strong>&nbsp;</strong></p>\r\n<p dir=\"ltr\">6. Every team is required to represent all body types in their designs and presentation.</p>\r\n<p><strong>&nbsp;</strong></p>\r\n<p dir=\"ltr\">7. Stage time: 6+2 minutes; empty stage to empty stage. Each team is responsible for clearing the stage once their performance is over. At the end of all performances, each team will be given 3-5 minutes to interact with judges.</p>\r\n<p><strong>&nbsp;</strong></p>\r\n<p dir=\"ltr\">8. Teams are to inform the organizers of any kind of props they plan to use during the event. Use of water, fire, pets, animal skin or any hazardous materials are not allowed. Teams are instructed to consult with the organizers before using any such material.</p>\r\n<p><strong>&nbsp;</strong></p>\r\n<p dir=\"ltr\">9. Teams are instructed to send in their song tracks/music ten days prior to the event.</p>\r\n<p><strong>&nbsp;</strong></p>\r\n<p dir=\"ltr\">10. Any lighting requirements are to be informed at least two weeks before the event, any last minute requirements will not be entertained.</p>\r\n<p><strong>&nbsp;</strong></p>\r\n<p dir=\"ltr\">11. There must no branding on clothes.</p>\r\n<p><strong>&nbsp;</strong></p>\r\n<p dir=\"ltr\">12. The decision of the judges will be final and cannot be questioned.</p>\r\n<p>&nbsp;</p>',NULL,'panache@saarang.org',0,1,NULL),(33,'photography','Photography','',51,NULL,'<p>No registration required.</p>','','<p>This is the on-spot component of the Saarang photography contest. You may be a pro or an amateur at photography, we don\'t care. All we want are some good photographs that can amaze and humour us. The event will be held on first four days of Saarang, and results will be announced on the final day.</p>\r\n<p>The venue for the event is Hospitality Desk.</p>\r\n<p>THEME:- The theme for this event is \"The Spirit of Saarang\"; on each day take some snaps of the various events taking place in Saarang, Its your composition, so you can choose which events to go for clicking pics.Try to capture the festive mood, the fun &amp; frolic or the anxiety among participants. Give the pic your name, and submit it to the media events volunteer at the hospitality desk.</p>\r\n<p>Best entries win fabulous cash prizes and ya, certificates for top 3 everyday.</p>','<p>This is the on-spot component of the Saarang photography contest. You may be a pro or an amateur at photography, we don\'t care. All we want are some good photographs that can amaze and humour us. The event will be held on first four days of Saarang, and results will be announced on the final day.</p>\r\n<p>The venue for the event is Hospitality Desk.</p>\r\n<p>Best entries win fabulous cash prizes and ya, certificates for top 3 everyday.</p>',NULL,NULL,'mediaevents@saarang.org',0,1,NULL),(34,'potpurri','PotPourri','The best way to make money out of your classroom games.',49,'',NULL,'onsite','<p>Teams of 3.</p>\r\n<p>There will be a prelims, which will have rounds like Dumb Charades and Twenty Questions; the fastest 8 teams will then battle it out in the finals.</p>','<p>Have a lot of skills developed over years of whiling away time in classrooms that you just don\'t know what to do with? Well, you can now win money out of it. Participate in this medley of all-time classics like Dumb Charades, Twenty Questions, Cryptic Crosswords and Pictionary.</p>','<p>Q: Do I need to register?</p>\r\n<p>No you don\'t. Registrations are on the spot. They will be limited, and on a first-come-first-serve basis, so make sure you check the schedule and come to the venue on time.</p>\r\n<p>Q: Is it a group event?</p>\r\n<p>Yes. The number of members per team is restricted very strictly to 3 - no more, no less.</p>','<p>1st place - Rs. 3000</p>\r\n<p>2nd place - Rs. 2000</p>\r\n<p>3rd place - Rs. 1000</p>','informals@saarang.org',0,1,NULL),(35,'powerchords','Powerchords','',52,'thelooneytunessaarang@googlegroup.com','<p>Participants will have to register through the saarang website. An online preliminary round will take place, with 18 bands coming to play at Saarang 2014</p>','online','<p><br /> 1. Online registration from which 18 bands are selected.<br /> 2. On Day1 all 18 bands compete, each band gets 15 minutes.<br /> 3. 6 of these bands are shortlisted to compete on Day2. Each gets 20 minutes.</p>\r\n<p>&nbsp;</p>\r\n<p>&nbsp;</p>','<p>Make a mark this Saarang at one of the biggest college band competitions in the<br /><br />country. Fame, glory, fans, and most importantly a celebration of your music - watch it<br /><br />all work on your accord at Powerchords. It\'s your turn to strike a chord.</p>','<p>1. Will transportation and accomodation be provided to participants?&nbsp;<br /> Participants requiring accomodation will have to mention this while registering online. You will be put up in hostels inside the campus. Transportation however will not be provided.&nbsp;</p>\r\n<p dir=\"ltr\">2. Will instruments be provided?&nbsp;<br /> While we will be providing all sound system requirements (amplifiers, mics, 5 piece drum kit, audio cables) participants will have to bring their own instruments.</p>\r\n<p dir=\"ltr\">3. When do we have to reach IITM?&nbsp;<br /> Participants have to ensure that they reach IITM by 9am. However for it is recommended that you come on Day 1 itself for a wholesome Saarang experience.&nbsp;</p>\r\n<p dir=\"ltr\">4. Do we need to get our college IDs?&nbsp;<br /> Yes. Valid college IDs are mandatory for all events except Decibels. Also, all participants must be 25 years of age or below.</p>\r\n<p>&nbsp;5. Can a participant be a part of more than one band in the same event?&nbsp;<br /> No. Participants are allowed to represent only one band per event</p>',NULL,'wm@saarang.org',0,1,NULL),(36,'roadshows','Roadshows','',47,'roadshows2014@googlegroups.com',NULL,'',NULL,'<p>Saarang Roadshows is an event which aims to bring into limelight the unsung, august and diverse art forms of India and take them closer to the young generation. This is an event which aims to take the performances to the people by having the performances on the road, in the midst of plebs. The event consists of exhibitions of diverse art forms from various parts of the country, performed for the love of the art by people who love the art. It brings into Saarang folk and tradition from different parts of the country. It emphatically exhibits the diversity present in our nation.It is an eye catcher and keeps the fun and frolic going on throughout saarang. Over the last two years Saarang roadshows have organised a wide range of art forms and folkshows &nbsp;from all parts of India including Manipur, Karnataka and Kerala.</p>',NULL,NULL,'road_shows@saarang.org',0,1,NULL),(37,'scavengerhunt','Scavenger Hunt','',49,NULL,NULL,'','<ul>\r\n<li>Teams of 5 or 6</li>\r\n<li>Event starts off at 10:00 am on Day 2</li>\r\n<li>Participants should have a valid Saarang ID</li>\r\n<li>Teams can comprise students from any mix of colleges</li>\r\n<li>All teams will be given a list of items to collect at the start of the game and they are supposed to submit the collected items before the deadline</li>\r\n</ul>','<p>Once upon a time, Hercules, son of Jupiter, was sent on a quest. It was one of the twelve quests that he would carry out, to achieve atonement for his sins. He had to find the legendary golden apples that promised immortality from the Garden of the Hesperides. The demigod traversed through mountains and seas, through hot and cold. He waged numerous battles with humans and demons alike.</p>\r\n<p>Whether he found it or not, it doesn\'t matter, since you have your own list of crazy items to collect at Saarang! Participate in Scavenger Hunt and you\'ll find yourself running around, going to the weirdest places, using all your quirky thinking. And if you succeed in collecting them all, you shall be rewarded!</p>',NULL,NULL,'informals@saarang.org',0,1,NULL),(38,'scrabble','Scrabble','',44,NULL,NULL,'','<p>There will be a written prelims where participants fill in the best possible moves for a number of &nbsp;provided grids. 8 finalists will play a number of games. Teams of two, but lone wolves are welcome.* Games will last 20 minutes. The dictionary followed will be CSW12.</p>\r\n<p>&nbsp;</p>\r\n<p>*Not actual lone canis lupus specimens, but human individuals who would like to participate solo.</p>','<p>A perennial favourite, Scrabble at Saarang represents the popular board game played at the highest levels of college competition. Think you have a large vocabulary? Aree you familiar with AA and EUOI. Can you void your rack and come up with QUIXOTRY on a triple triple? Vowel dump to get EUOUAES? Do a hat-trick of bingos? But let\'s dial it down. Do you have a pen, a friend? Can you spell? Come &nbsp;battle it out for Scrabble glory. May the Q be with U!</p>',NULL,NULL,'scrabble@saarang.org',0,1,NULL),(39,'sfm','SFM','',51,NULL,'','online','<p>Event Format and Rules:</p>\r\n<p>1. There is no particular theme. Duration of the short films should neither be more than 15</p>\r\n<p>minutes &amp; nor be less than 5 minutes.</p>\r\n<p>2. Films of all languages (including English) should be accompanied with English subtitles.</p>\r\n<p>3. The participants will have to submit their entries by mailing their film&rsquo;s link on YouTube or</p>\r\n<p>any other web portal, to shortfilm@saarang.org</p>\r\n<p>4. You may use any video camera you deem suitable for shooting the movie. However, we</p>\r\n<p>strongly discourage low-resolution cameras, including webcams and mobile-phone cameras.</p>\r\n<p>5. The shortlisted teams will be asked to come to Saarang where their films will be screened.</p>\r\n<p>Accommodation will be provided for the shortlisted teams.</p>\r\n<p>6. Obscenity (at the discretion of the judges) of any kind is not allowed and will lead</p>\r\n<p>to immediate disqualification. Please avoid photo slideshows, remixes, spoofs and</p>\r\n<p>advertisements. Plagiarism is strictly prohibited. Sound track can be borrowed, but with due</p>\r\n<p>credit.</p>\r\n<p>7. Time Limit should be followed. Participants will be heavily penalized by judges in case of</p>\r\n<p>exceeding the time limit.</p>\r\n<p>8. The decision of the judges will be final and binding.</p>','<p>While you&rsquo;re sitting alone on a bench by the edge of a pond, or when you&rsquo;re sitting on the last bench</p>\r\n<p>of your class looking at the graffiti on your desk, the thing in common is that your eyes are open but</p>\r\n<p>they don&rsquo;t see anything. While you gaze into that nothingness, your mind indulges itself into that</p>\r\n<p>visual stream, floating, without complaining. It is through this poetic beauty of images that we&rsquo;re</p>\r\n<p>able to connect to each other in the &lsquo;man-made&rsquo; art, cinema. That is what makes it natural; that is</p>\r\n<p>the irony of it. How else would have Sam Mendes told us about the plastic cover that wanted to play</p>\r\n<p>with Ricky, how else would we have known what Ben was feeling in the &lsquo;Sound of Silence&rsquo;? Here, at</p>\r\n<p>Saarang, we wish to relive this dream again. And you are the creators of this dream world.</p>\r\n<p>Let the magic happen!</p>','<p>1. Is registration required for this event?</p>\r\n<p>Yes.</p>\r\n<p>2. How should we submit our entries?</p>\r\n<p>Mail your short film&rsquo;s YouTube link or any such web portal to shortfilm@saarang.org</p>',NULL,'mediaevents@saarang.org',0,1,NULL),(40,'shipwreck','Shipwreck','',48,NULL,NULL,'',NULL,'<p>One big broken boat. Many people. One Life-jacket. Humour the judges and be saved.</p>\r\n<p>Simple. Delight the audience and the judges and walk away with prizes. Shipwreck is the place to be. Another individual event - you\'re on your own here.</p>',NULL,NULL,'oratory@saarang.org',0,1,NULL),(41,'solo','Solo freestyle','The event where dance as an expression of ones soul takes over everything else. Watch as any and every form of dance sweeps the stage in a myriad of emotions and styles.',50,'choreo-2013@googlegroups.com','','onsite','<p>A Saarang ID is mandatory for anyone to participate in this event.<br />1. There are 2 rounds.<br />-Prelims: (2+1 minutes) Participants should come prepared with their own tracks.<br />-Final round: (2+1 minutes) Participants are required to perform extempore on the tracks provided.<br />2. A maximum of 30 participants are allowed for the prelims from which 10 will be shortlisted for the finals<br />3. A maximum of 2 participants are allowed from each college<br />4. Participant should submit their tracks on a Pen drive (name and details should be written on it) for prelims half an hour before the event starts.<br />5.&nbsp;No fire, water and heavy objects should be used on stage.&nbsp;No props are allowed.<br />6.&nbsp;No indecency will be tolerated on stage.&nbsp;<br />7.Judges and coordinators decisions shall be final and binding. There shall be no arguments in this regard.</p>','<p>Freedom is exhilarating. Freedom to dance in your style brings out the best in you. So impress us with your bollywood jhatkas or your Jabbawockeeez style or just be yourself. Dance like nobody is watching and take the prize away. What other way to throw your inhibitions to the air and set your soul free than freestyle? No second thoughts. Just dance.</p>','<p>For any clarifications contact:</p>\r\n<p>CHOREO COORDINATORS<br />SAARANG 2014<br />Mail : choreo@saarang.org<br />RadhaKrishna-9884682370<br />Aryapadmam C - 9444885673<br />Urmila Reghunath - 9498073720<br />Sreecharan Rachakonda-9884988638</p>',NULL,'choreo@saarang.org',0,1,NULL),(42,'sonata','Sonata','',52,'','<p>first 25 to register will participate</p>','onsite','','<p>Music needs no words. Let your instrument do the talking at Sonata, Saarang&rsquo;s solo instrumental <br /><br />event.</p>','<p>1. Will transportation and accomodation be provided to participants?&nbsp;<br /> Participants requiring accomodation will have to mention this while registering online. You will be put up in hostels inside the campus. Transportation however will not be provided.&nbsp;</p>\r\n<p dir=\"ltr\">2. Will instruments be provided?&nbsp;<br /> While we will be providing all sound system requirements (amplifiers, mics, 5 piece drum kit, audio cables) participants will have to bring their own instruments.</p>\r\n<p dir=\"ltr\">3. When do we have to reach IITM?&nbsp;<br /> Participants have to ensure that they reach IITM by 9am. However for it is recommended that you come on Day 1 itself for a wholesome Saarang experience.&nbsp;</p>\r\n<p dir=\"ltr\">4. Do we need to get our college ids?&nbsp;<br /> Yes. Valid college ids are mandatory for all events except Decibels.</p>\r\n<p dir=\"ltr\">&nbsp;5. Are sonata and vox participants allowed to use backing tracks?<br /> Yes, participants of sonata and vox are allowed to use a backing track&nbsp; or an accompanying instrument</p>\r\n<p>&nbsp;</p>',NULL,'wm@saarang.org',0,1,NULL),(43,'spellbee','Spell Bee','',55,NULL,'<p>Registration for the preliminaries is on the spot.</p>','',NULL,'<p>The IIT-M SpellB is back in its third edition in an all-new avatar! Be prepared to occupy the</p>\r\n<p>centre-stage (literally)! For you can s-p-e-l-l your way to fame!</p>\r\n<p>Don&rsquo;t believe it? Well, then come see for yourself! This year, Saarang SpellB is to be the</p>\r\n<p>National- Level Finals for the Spelling Bee contests conducted by India Spell Bee, all round the</p>\r\n<p>country!</p>\r\n<p>Winning matters here, for you get to be the ultimate Monarch of Spelling over the whole</p>\r\n<p>country!!</p>\r\n<p>To gear up, visit &ndash; http://www.indiaspellbee.com/</p>','<p>The rules and format are as follows:</p>\r\n<p>1. SpellB will be a three-level event, consisting of a written preliminary, a written semi-<br />final and an oral final round.</p>\r\n<p>2. It is open to both school and college students. The preliminary rounds will be separate,</p>\r\n<p>while the semis onwards will be held combined for both school and college students.</p>\r\n<p>3. The preliminary rounds will be written tests having 40 words, which are pronounced by</p>\r\n<p>the pronouncer, while the meaning of the word, and a sentence (without the actual word)</p>\r\n<p>will be displayed on the screen and the participants write down the pronounced word on</p>\r\n<p>the answer sheet. This round will include hidden tiebreakers i.e. some of the words will</p>\r\n<p>be given additional weightage in case of a tie.</p>\r\n<p>4. Semi-finalists will be intimated through phone and/or email.</p>\r\n<p>5. The semi-final will be a written test common to both school and college participants. It</p>\r\n<p>will consist of 25 words and the format is the same as the prelims. Again, finalists will be</p>\r\n<p>intimated.</p>\r\n<p>6. The final will be oral and knockout; participants will be eliminated if they spell out a</p>\r\n<p>word wrongly.</p>\r\n<p>7. The Oxford Dictionary will serve as a reference for British English and it is to be noted</p>\r\n<p>that American spellings will NOT be allowed.</p>\r\n<p>8. An audience round will be held, where relatively simple words will be pronounced in</p>\r\n<p>reverse. Prizes are assured for this round.</p>\r\n<p>9. The co-ordinators&rsquo; decision is final and binding.</p>',NULL,'spellbee@saarang.org',0,1,NULL),(44,'spentquiz','SpEnt Quiz','',42,'','<p>No registration required.</p>','onsite',NULL,'<p style=\"text-align: justify;\">Remember that one weekend when you sat in your room, binge-watching back-to-back episodes of Breaking Bad and Downton Abbey?<br />Remember all the time you wasted on fantasy football leagues and watching cricket matches which, for all you know, could be fixed?<br /><br />Saarang SpEnt quiz will make all those days worth your while. Equal parts sports and entertainment, it is the best-attended quiz at the Saarang InQuizition.<br /><br />Registration will be on the spot. Teams of 3, cross-college teams allowed.</p>',NULL,NULL,'quizzes@saarang.org',0,1,NULL),(45,'streetplay','Street Play','',45,'','<p>Registration is on a first-come first-served basis the day before the event at the Hospitality Desk.</p>','onsite','<ul>\r\n<li>Time Limit &ndash; 15 minutes</li>\r\n<li>Only acoustic and percussion instruments will be allowed.</li>\r\n<li>Plays will have to deal with subjects of social relevance. There is however no specific theme.</li>\r\n<li>Plays in English, Tamil and Hindi are allowed. Please avoid other languages except for very small lines.</li>\r\n<li>No props/costume will be provided.</li>\r\n<li>Please stick to the area allotted to the event.</li>\r\n<li>Registration is on a first-come first-served basis the day before the event at the Hospitality Desk.</li>\r\n</ul>','<p>Want to send a message through your acting? Saarang gives you the audience of your dreams, as you perform to an enormous floating crowd, and take back prizes for making a change. Start that wave! Come do a street play at Saarang.</p>','<p>1. Is it a pre-registered event?</p>\r\n<p>No, it is not. However registrations will be held on&nbsp;a first-come first-served basis&nbsp;<strong>the day before the event at the Hospitality Desk.</strong></p>\r\n<p>2. Is there going to be a strict enforcement of the time?<br />While we will not bodily eject you out of the arena, you are expected to finish within 15 minutes.</p>\r\n<p>3. How will the venue be?<br />The \"stage\" will be a large open area which allows a lot of scope for movement, as people gather around to watch.</p>\r\n<p>4. Are the participants confined to a particular language to express themselves in play?</p>\r\n<p>Plays in English, Tamil and Hindi are allowed. But please avoid any other language except for a few lines.</p>\r\n<p>5. Should the plays have a socially relevant theme?</p>\r\n<p>Yes, the plays will have to deal with subjects of social relevance. However there is no specific theme.</p>\r\n<p>6. Will basic props and costumes be provided?</p>\r\n<p>No props/costumes will be provided.</p>\r\n<p>&nbsp;</p>',NULL,'thespian@saarang.org',0,1,NULL),(46,'streets','$treet$','Watch as Toprock, Downrock, Power moves, Freezes and Suicides take SAC into the realm of break dance culture. Enjoy B-Boying at its best as teams and solo performances turn up the competition fever.',50,'choreo-2013@googlegroups.com','<p>Details to be included for the registration:</p>\r\n<p>1. Crew name</p>\r\n<p>2. Names of the participants</p>\r\n<p>3. Contact info</p>\r\n<p>4. Credentials and video links of previous performances (if any)</p>\r\n<p>Deadline for the event: 25-12-2013</p>','online','<ul>\r\n<li>$TREET$ is a pre-regestired event.</li>\r\n<li>Two formats: These will be held simultaneously through the event<br /> 1. Group battle <br />2. Solo battle</li>\r\n</ul>\r\n<p>&nbsp;</p>\r\n<p>Group battle:</p>\r\n<ul>\r\n<li>Team of 5-7 members.</li>\r\n<li>Group event starts with a choreographed 3 minute sequence based on which teams will be shortlisted for the elimination round.</li>\r\n<li>Battle between two teams for elimination round will be decided by lots. Each battle will go on for 10 minutes.</li>\r\n<li>Final battle between two selected teams will go on for 12 minutes.</li>\r\n</ul>\r\n<p>Solo Battle:</p>\r\n<ul>\r\n<li>Solo event starts with 90 seconds of throwdown based on which b-boys will be shortlisted for the elimination/one-one round.</li>\r\n<li>Battle between two b-boys for elimination round will be decided by lots. Each battle will go on for 4 minutes. 2 throwdowns with a maximum of one minute for each contestant.</li>\r\n<li>Final battle between two selected b-boys will go on for 6 minutes. 3 throwdowns with a maximum of one minute for each contestant.</li>\r\n</ul>\r\n<p><strong>NOTE</strong></p>\r\n<ul>\r\n<li>Any team not ready at the start of the event will stand disqualified.</li>\r\n<li>The Judge&rsquo;s decision is final and binding.</li>\r\n<li>The organizing team holds the right to change the rules at any time.</li>\r\n<li>During the event, teams are requested to take care of their belongings. The organizing team will not be responsible for your belongings.</li>\r\n</ul>\r\n<ul>\r\n<li>\r\n<p>&nbsp;Fire, water and heavy objects are NOT allowed on stage.</p>\r\n</li>\r\n<li>\r\n<p>&nbsp;No indecency during the performance.</p>\r\n</li>\r\n<li>Respect the floor, shake hands before and after the battle with the opposite team.</li>\r\n</ul>','<p>Nothing like B-Boying. And nothing like $TREET$&nbsp;when it comes to B-Boying. $TREET$ is one of the biggest B-Boying events in India. Teams will be judged by the best B-Boys in the world like HAVIKORO, B-Boy GONZA and B-Boy SPICE as in the previous years with more than 1,000 people watching as participants performpowerful moves and breathtaking stunts.&nbsp;If you have the moves to make people look on in awe, whether as a team or as an individual, this is the place to be! So join us at this dynamic stage as the voltage is turned high and the stage is charged. Be there!</p>','<p>1. What is the registration process for $TREET$?</p>\r\n<p>A: It\'s a pregistered event and the registration happens through the saarang website by filling the details in the google doc link provided.</p>\r\n<p>2. Can a team of girls be a part of $TREET$?</p>\r\n<p>A: Yes. A team of girls were a part of Saarang 2013 $TREET$.</p>\r\n<p>3. Is there any restriction on number of participants participating in solo battle from the same crew?</p>\r\n<p>A: No. There is no such restriction on number of solo battle participants or the number of them from the same crew.</p>\r\n<p>4. Can a participant participate representing more than one team?</p>\r\n<p>A: No.</p>','<p>Not yet finalised</p>','choreo@saarang.org',0,1,NULL),(47,'streetsports','Street Sports','',49,NULL,'','onsite',NULL,NULL,NULL,NULL,'informals@saarang.org',0,1,NULL),(48,'sudoku','Sudoku','',49,NULL,'<p>ON SPOT</p>','onsite','<ol>\r\n<li>Only individual participation.</li>\r\n<li>From each prelim, top 20 participants will be selected for the finals</li>\r\n<li>Prelims will be for 1.5 hours and finals for 2 hours.</li>\r\n<li>Coordinators decision will be final and binding to all.</li>\r\n</ol>','<p>Get tips and Exercises to Sharpen Your Mind and Boost Brainpower. Chances are high,that you\'re fully aware of the number-placement logic game Sudoku which is massively popular. But if you\'ve been in a cave the past few years and need evidence, look no further than saarang SUDOKU Championship, one of the biggest crowd catching event.</p>\r\n<p>NO age limit.<br />NO prerequisite.<br />Full of fun.</p>\r\n<p>Just walk in, play with numbers. And you can make easy cash.</p>','<p>Q. Do I need to bring pen?</p>\r\n<p>A. Yes. But if you forget, needn\'t worry we will provide.</p>\r\n<p>Q. Can I bring paper?</p>\r\n<p>A. No. Papers are not allowed</p>\r\n<p>Q. Do I have to know about any special type of Sudoku or puzzle?</p>\r\n<p>A. No. No pre-requisites. Instructions will be given in the paper.</p>',NULL,'sudoku@saarang.org',0,1,NULL),(49,'tamilstandup','Tamil Standup','',49,NULL,NULL,'',NULL,NULL,NULL,NULL,'tamilstandup@saarang.org',0,1,NULL),(50,'tarang','Tarang','',52,'lm-saarang-14@googlegroups.com','<h1 style=\"color: #ff0000; text-align: center;\"><span style=\"background-color: #ffffff; color: #000000;\"><strong>TARANG: Pre-registration Rules</strong></span></h1>\r\n<p>A audio-video recording has to be made and uploaded on any video sharing site (preferably youtube) and the link has to be sent to us at <a href=\"mailto:lm@saarang.org\">lm@saarang.org</a> with the subject &ldquo;Tarang 2014 Online Round&rdquo;. The mail should include the following:</p>\r\n<ul>\r\n<li>Name of the band, names of band members , their contact details ( phone numbers, e-mail id&rsquo;s), and a band group photo .</li>\r\n<li>A band email id (this will be the id to which all future correspondence will be directed).</li>\r\n<li>No other band member (other than the ones mentioned in the mail) will be allowed to participate.</li>\r\n<li>&nbsp;The number of band members should not differ from that in the video.</li>\r\n<li>Kindly use only one thread to discuss any issues related to Pre-registration procedure.</li>\r\n<li>Winners from Saarang band hunt need not Pre-Register. They can directly participate in Prelims. But its compulsory to inform the event coordinators about your presence at Tarang 2014.</li>\r\n</ul>\r\n<p>&nbsp;</p>\r\n<p>In case of any deviation the event coordinators are to be informed accordingly.</p>\r\n<p>&nbsp;</p>\r\n<ul>\r\n<li>The video should clearly show all the playing band members.</li>\r\n<li>Duration of the video should not exceed <strong>5 mins</strong>.</li>\r\n<li>The video should be complete, i.e. the performance should not be cut abruptly. The quality of the audio is very crucial and is left as the band&rsquo;s responsibility. <strong>Videos with bad audio quality will not be judged</strong>.</li>\r\n<li>The video must not be edited and must be original. In case of any discrepancy, the band will be disqualified.</li>\r\n<li>The bands will be selected on the basis of the video sent by them.</li>\r\n<li>The selected bands will be notified in due time. It&rsquo;ll also be put up in the website.</li>\r\n</ul>\r\n<p>&nbsp;</p>\r\n<p>&nbsp;In case of any discrepancy the event coordinator&rsquo;s decision would be final and binding.</p>','pre_reg','<h1 style=\"text-align: center; color: #ff0000;\"><span style=\"color: #000000;\"><strong>TARANG : Event Format and Rules</strong></span></h1>\r\n<ul>\r\n<li>Light music band event for student bands.</li>\r\n<li>Performances should be in Indian languages only.</li>\r\n<li>It&rsquo;s a<strong> 3 tier competition</strong> &ndash; Prelims, Semis and Finals.</li>\r\n<li><strong>1 own composition is compulsory</strong> for semis and finals. Credit will also be given to the versatility in the genres of the songs performed.</li>\r\n<li>The time given per band- <strong>10mins+ 2mins (15+2 for the Finals)</strong>. This includes the time taken for sound-check and the performance. Strictly no extra time would be given on stage; all the tuning and bending of instruments should be done beforehand.</li>\r\n<li>Band should consist of a minimum of 4 members. A maximum number of 12 members are allowed in a band. At a time only <strong>8 members</strong> would be allowed to perform on stage.</li>\r\n<li>Bands should contain at least one Instrumentalist. <strong>Acapella is not allowed.</strong></li>\r\n<li>No restriction on the number of and type of musical instruments the bands may bring. A standard 5 piece drum kit, a keyboard stand and microphones will be provided on stage.</li>\r\n<li><strong>A valid id card (college-issued</strong>) has to be provided compulsorily for every band member. A Saarang ID is mandatory for anyone to participate in this event.</li>\r\n<li>NO Member of one band will be allowed to play with any other band participating in Tarang.<a href=\"#_ftn1\"><br /></a></li>\r\n</ul>\r\n<p>&nbsp;</p>\r\n<p>&nbsp;</p>\r\n<p>In case of any discrepancy, the event organiser&rsquo;s OR the judge&rsquo;s decision would be final and binding.</p>','<p>&nbsp;</p>\r\n<p>Wondering about the impossibility of playing on the same stage as<span style=\"color: #000080;\"><strong> A. R. Rahman, Zakir Hussain, Shivamani, Udaan , Anirudh Ravichander,Karthik and Aalap Raju?</strong></span>&nbsp;Then <span style=\"color: #ff0000;\"><em>Tarang</em></span> is what you\'re looking for. Over the years, <span style=\"color: #ff0000;\"><em>Tarang</em></span> has evolved into one of the best events at Saarang with the best bands participating from all across the country. Come, be part of this awesome experience and get a chance to perform to a packed crowd and to be judged by the best judges. On top of that, there is always the prize money and other irresistible opportunities you simply can&rsquo;t miss!</p>',NULL,NULL,'lm@saarang.org',0,1,NULL),(51,'treasurehunt','Treasure Hunt','',49,NULL,NULL,'',NULL,'<p>\"So dark the con of man\"<br />\"13-3-2-21-1-1-8-5<br />O, Draconian devil! Oh, Lame Saint!<br />P.S. Find Robert Langdon\"<br />Ring a bell?<br />If you got a kick out of trying to solve the dark mysteries of The Da Vinci Code, if you ever wished you could take the place of Dr. Watson and accompany Sherlock Holmes on his quests, here\'s the next best thing- Treasure hunt at Saarang. Invoke the detective in you as you search for hidden messages, decipher cryptic puzzles, solve anagrams, follow trails, and much more. </p>','<p>1. Teams of 8-10 with at least 2 people from the IIT M and a maximum of 6.<br />2. Event starts off at 10:00 AM on Day 3 (12th January).<br />3. Participants should have a valid \"Saarang ID <br />4.Teams can comprise of students from any mix of colleges.<br />5.Teams have to register in the Hospitality Desk on Day 2 (11th January)<br />6.The game begins with each team being provided with a puzzle. Each puzzle when solved will indicate to a unique place inside the campus.<br />7.Tampering with these codes will result in immediate disqualification.</p>',NULL,'informals@saarang.org',0,1,NULL),(52,'unplugged','LM Unplugged','',52,'lm-saarang-14@googlegroups.com','<p>Registrations for this event will be done in 2 ways both &ndash; <strong>on-site and pre-registered</strong>, each having 50% quota of the total number of participants. On-site Registrations for the event will start at the Hospitality Desk <strong>One Hour&nbsp;prior</strong> to the beginning of the event. This will be strictly on first-come-first-served basis.</p>\r\n<p style=\"text-align: center;\"><strong>Pre-registration Rules-</strong></p>\r\n<p>A audio-video recording has to be made and uploaded on any video sharing site (preferably youtube) and the link has to be sent to us at <a href=\"mailto:lm@saarang.org\">lm@saarang.org</a> with the subject &ldquo;Unplugged 2014 Online Round&rdquo;. The mail should include the following:</p>\r\n<ul>\r\n<li>Name of the band, names of band members , their contact details ( phone numbers, e-mail id&rsquo;s), and a band group photo.</li>\r\n<li>A band email id (this will be the id to which all future correspondence will be directed).</li>\r\n<li>No other band member (other than the ones mentioned in the mail) will be allowed to participate.</li>\r\n<li>The number of band members should not differ from that in the video.</li>\r\n<li>Kindly use only one thread to discuss any issues related to Pre-registration procedure.</li>\r\n</ul>\r\n<p>&nbsp;</p>\r\n<p>In case of any deviation the event coordinators are to be informed accordingly.</p>\r\n<p>&nbsp;</p>\r\n<ul>\r\n<li>The video should clearly show all the playing band members.</li>\r\n<li>Duration of the video should not exceed <strong>5 mins</strong>.</li>\r\n<li>The video should be complete, i.e. the performance should not be cut abruptly. The quality of the audio is very crucial and is left as the band&rsquo;s responsibility. <strong>Videos with bad audio quality will not be judged</strong>.</li>\r\n<li>The video must not be edited and must be original. In case of any discrepancy, the band will be disqualified.</li>\r\n<li>The bands will be selected on the basis of the video sent by them.</li>\r\n<li>The selected bands will be notified in due time. It&rsquo;ll also be put up in the website.</li>\r\n<li>The bands will be selected in the basis of the video sent by them. Keep in mind <span style=\"color: #ff0000;\"><strong>Acoustic instruments only.</strong></span></li>\r\n</ul>\r\n<p>&nbsp;</p>\r\n<p>&nbsp;In case of any discrepancy the event coordinator&rsquo;s decision will be final and binding.</p>','','<h1 style=\"text-align: center; color: #ff0000;\"><span style=\"color: #000000;\"><strong>LM Unplugged -Event Format and Rules</strong></span></h1>\r\n<ul>\r\n<li>Light music acoustic band event.</li>\r\n<li>It is a<strong> Single round</strong> competition.</li>\r\n<li>Performances should be in Indian languages only (a refrain/rap in English can be used).</li>\r\n<li>The time given per band- <strong>10 mins+ 2 mins</strong>.</li>\r\n<li>Strictly no extra time would be given on stage; all the tuning and bending of instruments should be done before handed.</li>\r\n<li>The band should consist of a minimum of 3 members.</li>\r\n<li>The maximum number of people allowed in a band is 10.</li>\r\n<li>Electric guitar, pedals, processors, or percussion are not allowed.</li>\r\n<li>Bass guitars without processor can be used.</li>\r\n<li>Keyboards can be used in piano patch only. No layering or splitting of keyboard is allowed.</li>\r\n<li>A drum kit (5 piece with 4 cymbals), a keyboard stand, and microphones will be provided on stage.</li>\r\n<li>Pure instrumental pieces are not allowed, a minimum of one vocalist is compulsory. Atleast 2 different instruments must be used in any case.</li>\r\n<li>A valid ID card (college-issued) has to be provided compulsorily for every band member. A Saarang ID is mandatory for anyone to participate in this event.</li>\r\n<li>NO Member of one band will be allowed to play with any other band participating in Unplugged.</li>\r\n<li>In case of any discrepancy the event organiser&rsquo;s OR judge&rsquo;s decision would be final and binding.</li>\r\n</ul>','<p><em>&ldquo;</em><em>If you can\'t play it on an acoustic guitar or a grand piano then it\'s not a song.</em><em>&rdquo;</em></p>\r\n<p>No Distortions, No Electronic Noises, only raw and gentle combination of plain old strings and percussion. LM Unplugged is the platform to show the world the \'Acoustic-ity\' of your band and be judged by the masters. Above all, cash prizes and lots of goodies waiting to be grabbed.</p>',NULL,NULL,'lm@saarang.org',0,1,NULL),(53,'vox','Vox','',52,'','<p>25 slots are booked for online registrations. 15 slots will be open for on the spot.</p>','','<p><br /> 1. 25 singers are enlisted through online registrations<br /> 2. 15 singers are enlisted on the spot.<br /> 3. All enlistments are done on first-come first-serve basis.<br /> 4. Each singer gets 5 min 30 sec</p>','<p><strong>Bored of unappreciative audiences made of cold toilet accessories? </strong></p>\r\n<p>Saarang gives you a platform to get out there and win hearts with your vocal talent.</p>\r\n<p><strong>Come and participate this Saarang in our solo singing competition designed to push your cords to its best and to discover the STAR in you.</strong></p>','<p dir=\"ltr\">FAQs<br /> 1. Will transportation and accomodation be provided to participants?&nbsp;<br /> Participants requiring accomodation will have to mention this while registering online. You will be put up in hostels inside the campus. Transportation however will not be provided.&nbsp;</p>\r\n<p dir=\"ltr\">2. When do we have to reach IITM?&nbsp;<br /> Participants have to ensure that they reach IITM by 9am. However for it is recommended that you come on Day 1 itself for a wholesome Saarang experience.&nbsp;</p>\r\n<p dir=\"ltr\">3. Do we need to get our college ids?&nbsp;<br /> Yes. Valid college ids are mandatory for all events except Decibels.</p>\r\n<p dir=\"ltr\">&nbsp;4. Are sonata and vox participants allowed to use backing tracks?<br /> Yes, participants of sonata and vox are allowed to use a backing track&nbsp; or an accompanying instrument</p>\r\n<p>&nbsp;</p>',NULL,'wm@saarang.org',0,1,NULL),(54,'workshops','Workshops','',43,'https://groups.google.com/forum/#!forum/workshops-2014','<p>Contacts:</p>\r\n<p>Daniel Viju.V &nbsp; &nbsp; &nbsp; &nbsp; &nbsp; &nbsp; 8870269992</p>\r\n<p>Mythreya. L &nbsp; &nbsp; &nbsp; &nbsp; &nbsp; &nbsp; &nbsp;9043808615</p>\r\n<p>Kavya Piriyah &nbsp; &nbsp; &nbsp; &nbsp; &nbsp; 9566244086</p>\r\n<p>Kavya &nbsp; &nbsp; &nbsp; &nbsp; &nbsp; &nbsp; &nbsp; &nbsp; &nbsp; &nbsp; &nbsp;9445964901</p>\r\n<p>&nbsp;</p>','',NULL,'<p>Saarang Workshops 2014</p>\r\n<p>Recall those days when you played with paint smearing it on your uniforms, read comics and wished how you too were a superhero, battled your mate with toy bows and arrows and doodled all over your wall?</p>\r\n<p>Want to live those moments again? Saarang Workshops offers you a mishmash of events to relive your childhood and unleash the ingenious you. Get your hands on the gizmo and inspire yourself!</p>',NULL,NULL,'works@saarang.org',0,1,NULL),(55,'wtgw','WTGW','',44,NULL,NULL,'',NULL,NULL,NULL,'','wtgw@saarang.org',0,1,NULL),(58,'Painting','Painting','',40,'',NULL,'',NULL,NULL,NULL,NULL,'',0,1,NULL),(59,'Strokes','Painting','',40,'finearts2014@googlegroups.com',NULL,'',NULL,NULL,NULL,NULL,'',0,1,NULL),(60,'Strokes','Painting','',40,'finearts2014@googlegroups.com',NULL,'',NULL,NULL,NULL,NULL,'',0,1,NULL),(62,'Creative Writing','Onsite Creative Writing','',54,'',NULL,'',NULL,NULL,NULL,NULL,'',0,1,NULL),(61,'Collage','Montage','',40,'finearts2014@googlegroups.com',NULL,'',NULL,NULL,NULL,NULL,'',0,1,NULL),(63,'creative writing','onsite creative writing','',54,'',NULL,'',NULL,NULL,NULL,NULL,'',0,1,NULL),(64,'youngjournalist','Young Journalist','',48,'',NULL,'',NULL,NULL,NULL,NULL,'',0,1,NULL),(66,'Test','More tests? Ugh','',37,'test@gmail.com',NULL,'',NULL,NULL,NULL,NULL,'',0,1,NULL),(70,'Test','More tests? Ugh','',37,'test@gmail.com',NULL,'',NULL,NULL,NULL,NULL,'test@saarang.org',0,1,NULL),(74,'Collage','Montage','',40,'finearts2014@googlegroups.com',NULL,'',NULL,NULL,NULL,NULL,'finearts@saarang.org',0,1,NULL),(71,'Strokes','Strokes','Painting',40,'finearts2014@googlegroups.com','<p>Based on First Come First Serve .</p>','onsite','<ol>\r\n<li>Individual participation. It\'s a one man show.</li>\r\n<li>All required materials will be provided.</li>\r\n<li>Participants are not allowed to use their own materials.</li>\r\n<li>Time duration is 3 hours.</li>\r\n<li>Specific instructions regarding the event and theme/ topic will be given on the spot.</li>\r\n</ol>','<p>The old event is back with new colours. \"Feeling blue\", \"Yellow-bellied\" , \"Green with envy\" and \"Seeing red\". Nothing portrays feelings better than colours. Add colours to your&nbsp;<strong>strokes</strong>, frame your artwork and enjoy Saarang 2014 with \"flying colours\"!</p>',NULL,NULL,'finearts@saarang.org',0,1,NULL),(72,'Sketching','Expressions','Sketching',40,'finearts2014@googlegroups.com','','onsite',NULL,'<p>Colour the sheet with shades of gray and clouds of imagination!</p>\r\n<p>Come Participate, sketch and feel Saarang 2014!</p>',NULL,NULL,'finearts@saarang.org',0,1,NULL),(73,'Clay Modelling','Klay Krafting','Clay Modelling',40,'finearts2014@googlegroups.com',NULL,'','<ul>\r\n<li>All the required material will be provided.</li>\r\n<li>Participants are not allowed to use their own material.</li>\r\n<li>Time duration is 2 and a half hours.</li>\r\n<li>Individual participation. No teams will be allowed.</li>\r\n<li>Specific rules for the event will be given at the time of the event.</li>\r\n</ul>','<p>Do you miss your childhood sand castles on the seashore? We&rsquo;re bringing it back to you, only slightly different. Model your dreams using clay and turn them into reality. Relive your childhood!</p>',NULL,NULL,'finearts@saarang.org',1,1,NULL),(75,'Collage','Montage','Collage',40,'finearts2014@googlegroups.com',NULL,'',NULL,'<p>A Collage is like a hall of mirrors. Every direction you look, you see something different and visually stimulating. Create one of your own and transform it into a mosaic and dazzle us with your creativity!</p>',NULL,NULL,'finearts@saarang.org',0,1,NULL),(76,'Poster Designing','Poster Designing','',40,'finearts2014@googlegroups.com',NULL,'',NULL,'<p><span lang=\"EN-IN\"><strong>Poster Designing</strong>:&nbsp;</span>Define your audience and distill your message as you design for impact.</p>\r\n<p>Let your ideas flow as Saarang brings forth this genre of art for the first time!</p>\r\n<p>The design must be based on a theme which will be given on the spot .</p>',NULL,NULL,'finearts@saarang.org',0,1,NULL),(77,'T-shirt Painting Workshop','T-shirt Designing Workshop','',40,'finearts2014@googlegroups.com',NULL,'',NULL,'<p>It is a place where everyone and anyone can join in. And yes, you NEED NOT be an expert to do this. All you require is a blast of energy and lots of enthu. Design and paint your own t-shirt with whatever comes to your mind. Bring out the creativity that s hidden in you and let your personality reflect in it. No prerequisites required!!!</p>',NULL,NULL,'finearts@saarang.org',1,1,NULL),(78,'Tatto Painting Workshop','Tattoo Painting Workshop','',40,'finearts2014@googlegroups.com',NULL,'',NULL,NULL,NULL,NULL,'finearts@saarang.org',1,1,NULL),(79,'testevent2','Test Event2','',41,'group@google.com',NULL,'',NULL,NULL,NULL,NULL,'test@saarang.org',1,1,NULL),(80,'On-Spot Photography Contest','On-Spot Photography Contest','',51,'mediaeventiitm@googlegroups.com','<p>Onsite Registration at Hospitality Desk</p>','onsite','<p>Format:</p>\r\n<p>1. The event will be conducted on three days of Saarang.<br /><br />2. Winners will be announced for all three days on the final day of Saarang.<br /><br />Rules:<br /><br />1. All participants should register offline at the Hospitality desk.<br /><br />2. The photo should be taken during Saarang on the theme given.<br /><br />3. The participant can submit maximum of 3 photos on one day. <br /><br />4. The photos can be taken by a DSLR or a phone having camera of minimum 5 MP.<br /><br />5. No kind of editing will be tolerated.<br /><br />6. The photograph must not contain obscene, provocative, defamatory, sexually explicit, or <br /><br />otherwise objectionable or inappropriate content.<br /><br />7. Photos should be submitted at the hospitality desk.<br /><br />8. The decision of the judge will be final and binding.</p>','<p>This is the on-spot version of the Saarang photography contest. You may be a pro or an amateur at photography, we don\'t care. All we want are some good photographs that can amaze and humour us. The event will be held on first three days of Saarang, and results will be announced on the final day.</p>','<p>Is registration required for this event?</p>\r\n<p>Yes. Onsite registration</p>\r\n<p>Can photos be clicked anywhere, even outside the institute?</p>\r\n<p>No, photos should be clicked ONLY inside the institute</p>\r\n<p>&nbsp;</p>','<p>1st Prize: 1,500 INR</p>\r\n<p>2nd Prize: 1,000 INR</p>\r\n<p>3rd Prize: 500 INR</p>','photography@saarang.org',0,1,NULL),(81,'SFM','Saarang Film Festival','',51,'mediaeventiitm@googlegroups.com','<p>Registration Opens: 10-11-2013</p>\r\n<p>Registration Closes: 25-12-2013</p>','online','<p>Event Format and Rules:</p>\r\n<p>1. There is no particular theme. Duration of the short films should neither be more than 15 <br /><br />minutes &amp; nor be less than 5 minutes.<br /><br />2. Films of all languages (including English) should be accompanied with English subtitles.<br /><br />3. The participants will have to submit their entries by mailing their film&rsquo;s link on YouTube or <br /><br />any other web portal, to shortfilm@saarang.org<br /><br />4. You may use any video camera you deem suitable for shooting the movie. However, we <br /><br />strongly discourage low-resolution cameras, including webcams and mobile-phone cameras.<br /><br />5. The shortlisted teams will be asked to come to Saarang where their films will be screened. <br /><br />Accommodation will be provided for the shortlisted teams.<br /><br />6. Obscenity (at the discretion of the judges) of any kind is not allowed and will lead <br /><br />to immediate disqualification. Please avoid photo slideshows, remixes, spoofs and <br /><br />advertisements. Plagiarism is strictly prohibited. Sound track can be borrowed, but with due <br /><br />credit.<br /><br />7. Time Limit should be followed. Participants will be heavily penalized by judges in case of <br /><br />exceeding the time limit.<br /><br />8. The decision of the judges will be final and binding.</p>','<p>While you&rsquo;re sitting alone on a bench by the edge of a pond, or when you&rsquo;re sitting on the last bench <br /><br />of your class looking at the graffiti on your desk, the thing in common is that your eyes are open but <br /><br />they don&rsquo;t see anything. While you gaze into that nothingness, your mind indulges itself into that <br /><br />visual stream, floating, without complaining. It is through this poetic beauty of images that we&rsquo;re <br /><br />able to connect to each other in the &lsquo;man-made&rsquo; art, cinema. That is what makes it natural; that is <br /><br />the irony of it. How else would have Sam Mendes told us about the plastic cover that wanted to play <br /><br />with Ricky, how else would we have known what Ben was feeling in the &lsquo;Sound of Silence&rsquo;? Here, at <br /><br />Saarang, we wish to relive this dream again. And you are the creators of this dream world. <br /><br />Let the magic happen!</p>','<p>1. Is registration required for this event?<br /><br />Yes.</p>\r\n<p>2. How should we submit our entries?<br /><br />Mail your short film&rsquo;s YouTube link or any such web portal to shortfilm@saarang.org</p>','<p>1st prize: 10,000 INR</p>\r\n<p>2nd prize: 6,000 INR</p>\r\n<p>3rd prize: 4,000 INR</p>','shortfilm@saarang.org',0,1,NULL),(82,'adfilm','AD-APT','Ad-film Making Contest',51,'mediaeventiitm@googlegroups.com','<p>Coming Soon!</p>','online','<p>1. Time duration: Maximum 90 seconds. <br /><br />2. All participants should register online. <br /><br />3. In case participants exceed the time limit, judges will be free to either disqualify the <br /><br />team or deduct the marks. <br /><br />4. Ads of all languages (including English) should be accompanied with English <br /><br />subtitles.<br /><br />5. Caution should be exercised in refraining from displaying obscenity, violence, prejudice, <br /><br />defamation, etc. in the ad video. <br /><br />6. Judging will be based on team&rsquo;s Originality, Humour, Portrayal of brand image, and <br /><br />the Overall impact of the video. Judges&rsquo; decision will be final and binding. <br /><br />7. The participants can only select the products/brand listed below- (list will be ready <br /><br />when sponsors are known).<br /><br />8. Judging criteria: Creativity. Bonus marks for technical innovations like animation/stop <br /><br />motion/etc.<br /><br />9. We strongly discourage low-resolution cameras, including webcams and mobile-<br />phone cameras.</p>','<p>Of all the advertisements shown on television, very few catch our attention and are unique. Think you can make something like that? This is your chance! Ad-film making @ Saarang is here. Can you come up with witty one-liners? Are you good at convincing people? And finally, Can you handle making short and amusing videos? Well, a good balance of these skills and the right amount of effort should land you a big stage at the Ad-film making event.</p>\r\n<p>Remember, <br /><br /><strong>Dimag Ki Batti Jala De!</strong></p>','<p>1. Is registration required for this event?<br /><br />Yes!<br /><br />2. How should we submit our entries?<br /><br />Mail your Ad&rsquo;s YouTube link or any such web portal to admaking@saarang.org</p>','<p>1st Prize: 2,000 INR</p>\r\n<p>2nd Prize: 1,300 INR</p>\r\n<p>3rd Prize: 700 INR</p>','admaking@saarang.org',0,1,NULL),(83,'opc','Big Shot','Online Photography Contest',51,'mediaeventiitm@googlegroups.com','<p>No registration required.</p>','','<p>Event Format and Rules:</p>\r\n<p>1. The photo should be original. We will not tolerate plagiarism of any kind.<br /><br />2. Only minor burning, dodging and/or colour correction is acceptable, as is cropping. High dynamic <br /><br />range images (HDR) and stitched panoramas are NOT acceptable.<br /><br />3. The photograph must not contain obscene, provocative, defamatory, sexually explicit, or <br /><br />otherwise objectionable or inappropriate content.<br /><br />4. Photos should be posted on the Facebook page of Saarang.<br /><br />5. Your photos can be in any format. (.png,.jpeg,.gif). Although we suggest it should be in a <br /><br />universally recognizable format.<br /><br />6. All digital files must be at least 1,600 pixels wide (if a horizontal image) or 1,600 pixels tall (if a <br /><br />vertical image).<br /><br />7. The photograph, in its entirety, must be a single work of original material taken by the Contest <br /><br />entrant. By entering the Contest, entrant represents, acknowledges, and warrants that the <br /><br />submitted photograph is an original work created solely by the entrant, that the photograph does <br /><br />not infringe on the copyrights, trademarks, moral rights, rights of privacy/publicity or intellectual <br /><br />property rights of any person or entity, and that no other party has any right, title, claim, or interest <br /><br />in the photograph.<br /><br />8. Photographs submitted after deadline will not be accepted.<br /><br />9. The decision of the judge will be final and binding.</p>','<p>Emotions are captured by a camera. The beholder of an image thus captured, can experience all of <br /><br />these emotions transcending time and geographical boundaries. You may be a pro or an amateur at <br /><br />photography, we don\'t care. All we want are some good photographs that can amaze and humour <br /><br />us.<br /><br />The contest will be themed and the theme for the contest will be announced at a later date on the <br /><br />website itself.</p>','<p>1. Is registration required for this event?<br /><br />No.<br /><br />2. How should we submit our entries?<br /><br />Mail your photo to opc@saarang.org</p>','<p>1st Prize: 8,000 INR</p>\r\n<p>2nd Prize: 5,000 INR</p>\r\n<p>3rd Prize: 3,000 INR</p>','opc@saarang.org',0,1,NULL);
/*!40000 ALTER TABLE `events_event` ENABLE KEYS */;
UNLOCK TABLES;

--
-- Table structure for table `events_event_faqs`
--

DROP TABLE IF EXISTS `events_event_faqs`;
/*!40101 SET @saved_cs_client     = @@character_set_client */;
/*!40101 SET character_set_client = utf8 */;
CREATE TABLE `events_event_faqs` (
  `id` int(11) NOT NULL AUTO_INCREMENT,
  `event_id` int(11) NOT NULL,
  `faq_id` int(11) NOT NULL,
  PRIMARY KEY (`id`),
  UNIQUE KEY `events_event_faqs_event_id_2f00aaeb_uniq` (`event_id`,`faq_id`),
  KEY `events_event_faqs_1647d06b` (`event_id`),
  KEY `events_event_faqs_7e569b7b` (`faq_id`)
) ENGINE=MyISAM DEFAULT CHARSET=latin1;
/*!40101 SET character_set_client = @saved_cs_client */;

--
-- Dumping data for table `events_event_faqs`
--

LOCK TABLES `events_event_faqs` WRITE;
/*!40000 ALTER TABLE `events_event_faqs` DISABLE KEYS */;
/*!40000 ALTER TABLE `events_event_faqs` ENABLE KEYS */;
UNLOCK TABLES;

--
-- Table structure for table `events_eventregistration`
--

DROP TABLE IF EXISTS `events_eventregistration`;
/*!40101 SET @saved_cs_client     = @@character_set_client */;
/*!40101 SET character_set_client = utf8 */;
CREATE TABLE `events_eventregistration` (
  `id` int(11) NOT NULL AUTO_INCREMENT,
  `participant_id` int(11) NOT NULL,
  `event_id` int(11) NOT NULL,
  `team_id` int(11) DEFAULT NULL,
  `is_participating` tinyint(1) NOT NULL,
  `score` int(11) NOT NULL,
  PRIMARY KEY (`id`)
) ENGINE=MyISAM AUTO_INCREMENT=4 DEFAULT CHARSET=latin1;
/*!40101 SET character_set_client = @saved_cs_client */;

--
-- Dumping data for table `events_eventregistration`
--

LOCK TABLES `events_eventregistration` WRITE;
/*!40000 ALTER TABLE `events_eventregistration` DISABLE KEYS */;
INSERT INTO `events_eventregistration` VALUES (1,1,1,1,1,0),(2,2,1,NULL,1,0),(3,3,1,NULL,1,0);
/*!40000 ALTER TABLE `events_eventregistration` ENABLE KEYS */;
UNLOCK TABLES;

--
-- Table structure for table `events_faq`
--

DROP TABLE IF EXISTS `events_faq`;
/*!40101 SET @saved_cs_client     = @@character_set_client */;
/*!40101 SET character_set_client = utf8 */;
CREATE TABLE `events_faq` (
  `id` int(11) NOT NULL AUTO_INCREMENT,
  `question` varchar(200) NOT NULL,
  `answer` longtext NOT NULL,
  PRIMARY KEY (`id`)
) ENGINE=MyISAM DEFAULT CHARSET=latin1;
/*!40101 SET character_set_client = @saved_cs_client */;

--
-- Dumping data for table `events_faq`
--

LOCK TABLES `events_faq` WRITE;
/*!40000 ALTER TABLE `events_faq` DISABLE KEYS */;
/*!40000 ALTER TABLE `events_faq` ENABLE KEYS */;
UNLOCK TABLES;

--
-- Table structure for table `events_team`
--

DROP TABLE IF EXISTS `events_team`;
/*!40101 SET @saved_cs_client     = @@character_set_client */;
/*!40101 SET character_set_client = utf8 */;
CREATE TABLE `events_team` (
  `id` int(11) NOT NULL AUTO_INCREMENT,
  `name` varchar(100) NOT NULL,
  `leader_id` int(11) NOT NULL,
  PRIMARY KEY (`id`)
) ENGINE=MyISAM AUTO_INCREMENT=3 DEFAULT CHARSET=latin1;
/*!40101 SET character_set_client = @saved_cs_client */;

--
-- Dumping data for table `events_team`
--

LOCK TABLES `events_team` WRITE;
/*!40000 ALTER TABLE `events_team` DISABLE KEYS */;
INSERT INTO `events_team` VALUES (1,'Saarang',1),(2,'Team1',1);
/*!40000 ALTER TABLE `events_team` ENABLE KEYS */;
UNLOCK TABLES;

--
-- Table structure for table `events_team_members`
--

DROP TABLE IF EXISTS `events_team_members`;
/*!40101 SET @saved_cs_client     = @@character_set_client */;
/*!40101 SET character_set_client = utf8 */;
CREATE TABLE `events_team_members` (
  `id` int(11) NOT NULL AUTO_INCREMENT,
  `team_id` int(11) NOT NULL,
  `saaranguser_id` int(11) NOT NULL,
  PRIMARY KEY (`id`),
  UNIQUE KEY `events_team_members_team_id_3f847438_uniq` (`team_id`,`saaranguser_id`)
) ENGINE=MyISAM AUTO_INCREMENT=3 DEFAULT CHARSET=latin1;
/*!40101 SET character_set_client = @saved_cs_client */;

--
-- Dumping data for table `events_team_members`
--

LOCK TABLES `events_team_members` WRITE;
/*!40000 ALTER TABLE `events_team_members` DISABLE KEYS */;
INSERT INTO `events_team_members` VALUES (1,1,1),(2,2,2);
/*!40000 ALTER TABLE `events_team_members` ENABLE KEYS */;
UNLOCK TABLES;

--
-- Table structure for table `forum_forum`
--

DROP TABLE IF EXISTS `forum_forum`;
/*!40101 SET @saved_cs_client     = @@character_set_client */;
/*!40101 SET character_set_client = utf8 */;
CREATE TABLE `forum_forum` (
  `id` int(11) NOT NULL AUTO_INCREMENT,
  `title` varchar(60) NOT NULL,
  `department` varchar(60) NOT NULL,
  `post_count` int(11) NOT NULL,
  `topic_count` int(11) NOT NULL,
  `last_post_id` int(11) DEFAULT NULL,
  PRIMARY KEY (`id`),
  UNIQUE KEY `title` (`title`),
  KEY `forum_forum_11738784` (`last_post_id`)
) ENGINE=MyISAM AUTO_INCREMENT=15 DEFAULT CHARSET=latin1;
/*!40101 SET character_set_client = @saved_cs_client */;

--
-- Dumping data for table `forum_forum`
--

LOCK TABLES `forum_forum` WRITE;
/*!40000 ALTER TABLE `forum_forum` DISABLE KEYS */;
INSERT INTO `forum_forum` VALUES (1,'Public','public',0,0,NULL),(2,'Core Group','coregroup',10,1,16),(3,'QMS','qms',0,0,NULL),(4,'Web Operations','webops',4,5,12),(5,'Publicity','publicity',0,0,NULL),(6,'Ticketsales','ticketsales',0,0,NULL),(7,'Sponsorship','spons',0,0,NULL),(8,'Facilities & Requirements','fr',0,0,NULL),(9,'Design','design',0,0,NULL),(10,'Hospitality','hospi',0,0,NULL),(11,'Events','events',0,0,NULL),(12,'Finance','finance',0,0,NULL),(13,'Security','security',0,0,NULL),(14,'Pro Shows','proshows',2,1,4);
/*!40000 ALTER TABLE `forum_forum` ENABLE KEYS */;
UNLOCK TABLES;

--
-- Table structure for table `forum_post`
--

DROP TABLE IF EXISTS `forum_post`;
/*!40101 SET @saved_cs_client     = @@character_set_client */;
/*!40101 SET character_set_client = utf8 */;
CREATE TABLE `forum_post` (
  `id` int(11) NOT NULL AUTO_INCREMENT,
  `title` varchar(60) NOT NULL,
  `created` datetime NOT NULL,
  `user_id` int(11) NOT NULL,
  `topic_id` int(11) NOT NULL,
  `updated` datetime DEFAULT NULL,
  `updated_by_id` int(11) DEFAULT NULL,
  `description` longtext NOT NULL,
  PRIMARY KEY (`id`),
  KEY `forum_post_403f60f` (`user_id`),
  KEY `forum_post_57732028` (`topic_id`),
  KEY `forum_post_6f403c1` (`updated_by_id`)
) ENGINE=MyISAM AUTO_INCREMENT=17 DEFAULT CHARSET=latin1;
/*!40101 SET character_set_client = @saved_cs_client */;

--
-- Dumping data for table `forum_post`
--

LOCK TABLES `forum_post` WRITE;
/*!40000 ALTER TABLE `forum_post` DISABLE KEYS */;
INSERT INTO `forum_post` VALUES (1,'Website Write-ups','2013-10-30 17:21:13',19,1,NULL,NULL,'<p>Rock Show:</p>\r\n<p>Architects are a 4-piece English band from Brighton. Known as <em>Unharmonic</em> at the time of their formation in 2004, the band changed their name to <em>Counting the Days,</em> before finally adopting their current name. Primarily a metal-core band, Architects are also proficient in progressive metal, mathcore and post-hardcore genres.</p>\r\n<p>The past decade of their existence saw the release of 5 albums and one split up with <em>Dead Swans,&nbsp;</em>with their sixth album recently released. They are all set to release a film &ndash; <em>One Hundred Days: The Story of Architects Almost World Tour- </em>about the 100 day tour for which funding was completely raised from loyal fans. The band has played in some of the biggest festivals in the world, like Download, Summer Breeze, Resurrection Fest, Grasspop Metal Meeting, Sonisphere Festival, and Hellfest, each boasting five-figure audiences, and has toured in some of the most coveted tours like the Vans Wraped Tour, with some of the biggest names in the metal world like Deftones, August Burns Red, Enter Shikari, Whitechapel, and All That Remains, to name but a few.</p>\r\n<p>Referred to as \"pumped with both controlled rage and unhindered heart, accessible and ambitious, aggressive and beautiful\", Architects have performed at various places all over the world, including America, Canada, Germany, England, Malaysia, Philippines and other countries of Europe, Australia and Asia, making the crowd go berserk in every performance. This January, Architects will be enthralling the Indian audience for the first ever time, headlining the Saarang 2014 Rockshow. This will be one great show for not just metal lovers, but for anyone who appreciate some good music!</p>\r\n<p>Classical Night:</p>\r\n<p>The prodigal Violin duo, fondly addressed as Ganesh-Kumaresh, took to the violin like a fish to water. Having delivered over a hundred performances before the tender age of ten, they moved on from strength to strength, emerging as one of the finest violinists of today. Popularly recognized for their refreshingly entertaining and interactive concerts, Ganesh-Kumaresh will feature in Classical Night, Saarang 2014 - treating the audience to an evening of pure delight and magic.</p>\r\n<p><span>Sonal Mansingh, a recipient of Padma Vibhushan, is one of the most eminent Odissi dancers of today, apart from being proficient in various other dance forms. Having started her dancing career at the age of four, she went on to master the dance form in every possible way, having over 50 years of dancing experience. Over the years, dance has taken her all over the world&nbsp;and brought her many awards, including the&nbsp;<a title=\"Padma Bhushan\" href=\"http://en.wikipedia.org/wiki/Padma_Bhushan\" target=\"_blank\"><span style=\"text-decoration: none;\">Padma Bhushan</span></a><span style=\"text-align: start;\">,&nbsp;<a title=\"Sangeet Natak Akademi Award\" href=\"http://en.wikipedia.org/wiki/Sangeet_Natak_Akademi_Award\" target=\"_blank\"><span style=\"text-decoration: none;\">Sangeet Natak Akademi Award</span></a>, the&nbsp;<a title=\"Padma Vibhushan\" href=\"http://en.wikipedia.org/wiki/Padma_Vibhushan\" target=\"_blank\"><span style=\"text-decoration: none;\">Padma Vibhushan</span></a> among others. Saarang 2014 gives to all dance lovers a chance to witness this great maestro at work, right here at Chennai.&nbsp; <br /></span></span></p>\r\n<p><span><span style=\"text-align: start;\">Choreo Night:<br /></span></span></p>\r\n<p><span><span style=\"text-align: start;\"><span style=\"font-size: 11pt; font-family: Calibri,sans-serif;\">Choreo Night being the biggest inter-collegiate group dance competition in South India, is a platform for the nation\'s best dance crews to show their moves. Watch them set the stage ablaze in a night of mind blowing entertainment and immense fun. The proceeds from this night will go to charity. Be there to experience one of the best performances of your life and support the cause.</span></span></span></p>'),(2,'Using ERP? Have problems? Post here.','2013-10-30 17:56:30',25,2,NULL,NULL,'<p>We\'d like to get people started on using this, so post any feedback/suggestions you have here. &nbsp;</p>'),(3,'Gen','2013-11-01 13:49:23',325,5,NULL,NULL,'<p>Gen</p>'),(4,'','2013-11-04 02:24:20',25,1,NULL,NULL,'<p>Okay. &nbsp;We\'ll add this on the main page.</p>'),(5,'','2013-11-04 07:39:01',25,2,NULL,NULL,'<p>Has no one seen this so far?</p>\r\n<p>Atleast post a yes or a no.</p>'),(6,'','2013-11-04 07:50:47',267,6,NULL,NULL,'<p>Awesome changes on the forum frontend Karthikeya. I got a nice plugin which wil enable Facebook/Twitter like tagging of users in forums. Will try to implement that soon.<a href=\"http://sandglaz.github.io/bootstrap-tagautocomplete/\" target=\"_blank\">bootstrap-tagautocomplete</a></p>'),(7,'','2013-11-04 18:13:58',25,2,NULL,NULL,'<p>I guess no one has. &nbsp;Please post here if you do.</p>\r\n<p>Also, notifications is up.</p>'),(8,'','2013-11-04 19:30:56',25,2,NULL,NULL,'<p>More posts, please.</p>'),(9,'','2013-11-04 19:31:47',25,6,NULL,NULL,'<p>Hmm. I\'ll check that. &nbsp;</p>'),(10,'','2013-11-04 23:40:43',311,2,NULL,NULL,'<p>I can\'t access the ERP\'s home page.&nbsp;<a href=\"http://dpaste.com/1442098/\" target=\"_blank\">Here\'s</a>&nbsp;the traceback</p>'),(11,'','2013-11-05 01:17:27',25,2,NULL,NULL,'<p>Does the problem still persists?</p>'),(12,'','2013-11-05 01:37:08',267,7,NULL,NULL,'<p>There is a problem with rendering homepage as Sriram said.</p>\r\n<p>I checked it, its because its querying for events but, returns None. I tried putting it in a try, but didnt work out. So, currently, I checked out to master.</p>\r\n<p>Please look into this, meanwhile I\'m also taking care</p>'),(13,'','2013-11-05 10:21:37',311,2,NULL,NULL,'<p>Nope. But now the Forum link on the main page goes to saarang.iitm.ac.in/forum instead of saarang.iitm.ac.in/erp14/forum</p>'),(14,'','2013-11-05 10:25:27',311,2,NULL,NULL,'<p>Actually you don\'t seem to be handling saarang.iitm.ac.in/erp14 and saarang.iitm.ac.in/erp14/ in the same manner. Going to the former URL skips the erp14 bit in all the links on the page.</p>'),(15,'','2013-11-05 21:02:58',267,2,NULL,NULL,'<p>That was a configuration cup that happened while updating the server. Everything seems to be alright now, except the links on the notifications. We are working on it. Keep giving feedbacks&nbsp;<img src=\"../../../../../static/js/tinymce/plugins/emoticons/img/smiley-smile.gif\" alt=\"\" /></p>'),(16,'','2013-11-06 13:24:18',13,8,NULL,NULL,'<p>Shows an error when I tried creating this thread. But the thread got created anyway.</p>');
/*!40000 ALTER TABLE `forum_post` ENABLE KEYS */;
UNLOCK TABLES;

--
-- Table structure for table `forum_topic`
--

DROP TABLE IF EXISTS `forum_topic`;
/*!40101 SET @saved_cs_client     = @@character_set_client */;
/*!40101 SET character_set_client = utf8 */;
CREATE TABLE `forum_topic` (
  `id` int(11) NOT NULL AUTO_INCREMENT,
  `forum_id` int(11) NOT NULL,
  `title` varchar(100) NOT NULL,
  `created` datetime NOT NULL,
  `updated` datetime DEFAULT NULL,
  `creator_id` int(11) NOT NULL,
  `views` int(11) NOT NULL,
  `closed` tinyint(1) NOT NULL,
  `iswork` tinyint(1) NOT NULL,
  `post_count` int(11) NOT NULL,
  `last_post_id` int(11) DEFAULT NULL,
  PRIMARY KEY (`id`),
  KEY `forum_topic_499a185a` (`forum_id`),
  KEY `forum_topic_685aee7` (`creator_id`),
  KEY `forum_topic_11738784` (`last_post_id`)
) ENGINE=MyISAM AUTO_INCREMENT=10 DEFAULT CHARSET=latin1;
/*!40101 SET character_set_client = @saved_cs_client */;

--
-- Dumping data for table `forum_topic`
--

LOCK TABLES `forum_topic` WRITE;
/*!40000 ALTER TABLE `forum_topic` DISABLE KEYS */;
INSERT INTO `forum_topic` VALUES (2,2,'Using ERP? Have problems?','2013-10-30 17:55:21','2013-11-05 21:02:58',25,60,0,1,9,15),(1,14,'Website Write-ups','2013-10-30 17:16:53','2013-11-04 02:24:20',19,32,0,1,2,4),(3,4,'Gen Stuff.','2013-11-01 13:43:16',NULL,325,0,0,1,0,NULL),(4,4,'Gen Stuff.','2013-11-01 13:46:17',NULL,325,3,0,1,0,NULL),(5,4,'Gen Stuff.','2013-11-01 13:46:41','2013-11-01 13:49:23',325,4,0,1,1,3),(6,4,'Forum frontend changes','2013-11-04 07:46:09','2013-11-04 19:31:47',267,17,0,0,2,9),(7,4,'Problem with notifications','2013-11-05 01:34:19','2013-11-05 01:37:08',267,7,0,0,1,12),(8,2,'Event write ups','2013-11-06 13:22:49','2013-11-06 13:24:18',13,10,0,0,1,16),(9,2,'Event write ups','2013-11-06 13:23:25',NULL,13,2,0,0,0,NULL);
/*!40000 ALTER TABLE `forum_topic` ENABLE KEYS */;
UNLOCK TABLES;

--
-- Table structure for table `forum_topic_usertags`
--

DROP TABLE IF EXISTS `forum_topic_usertags`;
/*!40101 SET @saved_cs_client     = @@character_set_client */;
/*!40101 SET character_set_client = utf8 */;
CREATE TABLE `forum_topic_usertags` (
  `id` int(11) NOT NULL AUTO_INCREMENT,
  `topic_id` int(11) NOT NULL,
  `user_id` int(11) NOT NULL,
  PRIMARY KEY (`id`),
  UNIQUE KEY `forum_topic_usertags_topic_id_4e33b9cb_uniq` (`topic_id`,`user_id`),
  KEY `forum_topic_usertags_57732028` (`topic_id`),
  KEY `forum_topic_usertags_403f60f` (`user_id`)
) ENGINE=MyISAM DEFAULT CHARSET=latin1;
/*!40101 SET character_set_client = @saved_cs_client */;

--
-- Dumping data for table `forum_topic_usertags`
--

LOCK TABLES `forum_topic_usertags` WRITE;
/*!40000 ALTER TABLE `forum_topic_usertags` DISABLE KEYS */;
/*!40000 ALTER TABLE `forum_topic_usertags` ENABLE KEYS */;
UNLOCK TABLES;

--
-- Table structure for table `notifications_notification`
--

DROP TABLE IF EXISTS `notifications_notification`;
/*!40101 SET @saved_cs_client     = @@character_set_client */;
/*!40101 SET character_set_client = utf8 */;
CREATE TABLE `notifications_notification` (
  `id` int(11) NOT NULL AUTO_INCREMENT,
  `notif_body` varchar(300) NOT NULL,
  `timestamp` datetime NOT NULL,
  `link` varchar(50) NOT NULL,
  `is_public` tinyint(1) NOT NULL,
  PRIMARY KEY (`id`)
) ENGINE=MyISAM AUTO_INCREMENT=10 DEFAULT CHARSET=latin1;
/*!40101 SET character_set_client = @saved_cs_client */;

--
-- Dumping data for table `notifications_notification`
--

LOCK TABLES `notifications_notification` WRITE;
/*!40000 ALTER TABLE `notifications_notification` DISABLE KEYS */;
INSERT INTO `notifications_notification` VALUES (1,'<span style=\"color:blue;\">Karthikeya Viswanath</span> posted in <span style=\"color:red;\">Using ERP? Have problems?</span> under <span style=\"color:green;\">Core Group</span>','2013-11-04 18:13:58','/erp14/forum/topic/2/',0),(2,'<span style=\"color:blue;\">Karthikeya Viswanath</span> posted in <span style=\"color:red;\">Using ERP? Have problems?</span> under <span style=\"color:green;\">Core Group</span>','2013-11-04 19:30:56','/erp14/forum/topic/2/',0),(3,'<span style=\"color:blue;\">Karthikeya Viswanath</span> posted in <span style=\"color:red;\">Forum frontend changes</span> under <span style=\"color:green;\">Web Operations</span>','2013-11-04 19:31:47','/erp14/forum/topic/6/',0),(4,'<span style=\"color:blue;\">Sriram V</span> posted in <span style=\"color:red;\">Using ERP? Have problems?</span> under <span style=\"color:green;\">Core Group</span>','2013-11-04 23:40:43','/erp14/forum/topic/2/',0),(5,'<span style=\"color:blue;\">Karthikeya Viswanath</span> posted in <span style=\"color:red;\">Using ERP? Have problems?</span> under <span style=\"color:green;\">Core Group</span>','2013-11-05 01:17:27','/erp14/forum/topic/2/',0),(6,'<span style=\"color:blue;\">Shahidh</span> posted in <span style=\"color:red;\">Using ERP? Have problems?</span> under <span style=\"color:green;\">Core Group</span>','2013-11-05 21:02:58','/erp14/forum/topic/2/',0),(7,'<span style=\"color:blue;\">Suraj R Nair</span> started <span style=\"color:red;\">Event write ups</span> under <span style=\"color:green;\">Core Group</span>','2013-11-06 13:22:49','/erp14/forum/topic/8/',0),(8,'<span style=\"color:blue;\">Suraj R Nair</span> started <span style=\"color:red;\">Event write ups</span> under <span style=\"color:green;\">Core Group</span>','2013-11-06 13:23:25','/erp14/forum/topic/9/',0),(9,'<span style=\"color:blue;\">Suraj R Nair</span> posted in <span style=\"color:red;\">Event write ups</span> under <span style=\"color:green;\">Core Group</span>','2013-11-06 13:24:18','/erp14/forum/topic/8/',0);
/*!40000 ALTER TABLE `notifications_notification` ENABLE KEYS */;
UNLOCK TABLES;

--
-- Table structure for table `notifications_notification_receive_depts`
--

DROP TABLE IF EXISTS `notifications_notification_receive_depts`;
/*!40101 SET @saved_cs_client     = @@character_set_client */;
/*!40101 SET character_set_client = utf8 */;
CREATE TABLE `notifications_notification_receive_depts` (
  `id` int(11) NOT NULL AUTO_INCREMENT,
  `notification_id` int(11) NOT NULL,
  `department_id` int(11) NOT NULL,
  PRIMARY KEY (`id`),
  UNIQUE KEY `notifications_notification_receive_notification_id_c2096de_uniq` (`notification_id`,`department_id`),
  KEY `notifications_notification_receive_depts_35db321d` (`notification_id`),
  KEY `notifications_notification_receive_depts_2ae7390` (`department_id`)
) ENGINE=MyISAM AUTO_INCREMENT=2 DEFAULT CHARSET=latin1;
/*!40101 SET character_set_client = @saved_cs_client */;

--
-- Dumping data for table `notifications_notification_receive_depts`
--

LOCK TABLES `notifications_notification_receive_depts` WRITE;
/*!40000 ALTER TABLE `notifications_notification_receive_depts` DISABLE KEYS */;
INSERT INTO `notifications_notification_receive_depts` VALUES (1,3,12);
/*!40000 ALTER TABLE `notifications_notification_receive_depts` ENABLE KEYS */;
UNLOCK TABLES;

--
-- Table structure for table `notifications_notification_receive_events`
--

DROP TABLE IF EXISTS `notifications_notification_receive_events`;
/*!40101 SET @saved_cs_client     = @@character_set_client */;
/*!40101 SET character_set_client = utf8 */;
CREATE TABLE `notifications_notification_receive_events` (
  `id` int(11) NOT NULL AUTO_INCREMENT,
  `notification_id` int(11) NOT NULL,
  `event_id` int(11) NOT NULL,
  PRIMARY KEY (`id`),
  UNIQUE KEY `notifications_notification_receiv_notification_id_7939bc91_uniq` (`notification_id`,`event_id`),
  KEY `notifications_notification_receive_events_35db321d` (`notification_id`),
  KEY `notifications_notification_receive_events_1647d06b` (`event_id`)
) ENGINE=MyISAM DEFAULT CHARSET=latin1;
/*!40101 SET character_set_client = @saved_cs_client */;

--
-- Dumping data for table `notifications_notification_receive_events`
--

LOCK TABLES `notifications_notification_receive_events` WRITE;
/*!40000 ALTER TABLE `notifications_notification_receive_events` DISABLE KEYS */;
/*!40000 ALTER TABLE `notifications_notification_receive_events` ENABLE KEYS */;
UNLOCK TABLES;

--
-- Table structure for table `notifications_notification_receive_subdepts`
--

DROP TABLE IF EXISTS `notifications_notification_receive_subdepts`;
/*!40101 SET @saved_cs_client     = @@character_set_client */;
/*!40101 SET character_set_client = utf8 */;
CREATE TABLE `notifications_notification_receive_subdepts` (
  `id` int(11) NOT NULL AUTO_INCREMENT,
  `notification_id` int(11) NOT NULL,
  `subdepartment_id` int(11) NOT NULL,
  PRIMARY KEY (`id`),
  UNIQUE KEY `notifications_notification_receiv_notification_id_6d0a138a_uniq` (`notification_id`,`subdepartment_id`),
  KEY `notifications_notification_receive_subdepts_35db321d` (`notification_id`),
  KEY `notifications_notification_receive_subdepts_364eb473` (`subdepartment_id`)
) ENGINE=MyISAM DEFAULT CHARSET=latin1;
/*!40101 SET character_set_client = @saved_cs_client */;

--
-- Dumping data for table `notifications_notification_receive_subdepts`
--

LOCK TABLES `notifications_notification_receive_subdepts` WRITE;
/*!40000 ALTER TABLE `notifications_notification_receive_subdepts` DISABLE KEYS */;
/*!40000 ALTER TABLE `notifications_notification_receive_subdepts` ENABLE KEYS */;
UNLOCK TABLES;

--
-- Table structure for table `notifications_notification_receive_users`
--

DROP TABLE IF EXISTS `notifications_notification_receive_users`;
/*!40101 SET @saved_cs_client     = @@character_set_client */;
/*!40101 SET character_set_client = utf8 */;
CREATE TABLE `notifications_notification_receive_users` (
  `id` int(11) NOT NULL AUTO_INCREMENT,
  `notification_id` int(11) NOT NULL,
  `user_id` int(11) NOT NULL,
  PRIMARY KEY (`id`),
  UNIQUE KEY `notifications_notification_receiv_notification_id_71cb308d_uniq` (`notification_id`,`user_id`),
  KEY `notifications_notification_receive_users_35db321d` (`notification_id`),
  KEY `notifications_notification_receive_users_403f60f` (`user_id`)
) ENGINE=MyISAM AUTO_INCREMENT=209 DEFAULT CHARSET=latin1;
/*!40101 SET character_set_client = @saved_cs_client */;

--
-- Dumping data for table `notifications_notification_receive_users`
--

LOCK TABLES `notifications_notification_receive_users` WRITE;
/*!40000 ALTER TABLE `notifications_notification_receive_users` DISABLE KEYS */;
INSERT INTO `notifications_notification_receive_users` VALUES (1,1,3),(2,1,4),(3,1,5),(4,1,6),(5,1,7),(6,1,8),(7,1,9),(8,1,10),(9,1,11),(10,1,12),(11,1,13),(12,1,14),(13,1,15),(14,1,16),(15,1,17),(16,1,18),(17,1,19),(18,1,20),(19,1,21),(20,1,22),(21,1,23),(22,1,24),(23,1,25),(24,1,26),(25,1,27),(26,1,378),(27,2,3),(28,2,4),(29,2,5),(30,2,6),(31,2,7),(32,2,8),(33,2,9),(34,2,10),(35,2,11),(36,2,12),(37,2,13),(38,2,14),(39,2,15),(40,2,16),(41,2,17),(42,2,18),(43,2,19),(44,2,20),(45,2,21),(46,2,22),(47,2,23),(48,2,24),(49,2,25),(50,2,26),(51,2,27),(52,2,378),(53,4,3),(54,4,4),(55,4,5),(56,4,6),(57,4,7),(58,4,8),(59,4,9),(60,4,10),(61,4,11),(62,4,12),(63,4,13),(64,4,14),(65,4,15),(66,4,16),(67,4,17),(68,4,18),(69,4,19),(70,4,20),(71,4,21),(72,4,22),(73,4,23),(74,4,24),(75,4,25),(76,4,26),(77,4,27),(78,4,378),(79,5,3),(80,5,4),(81,5,5),(82,5,6),(83,5,7),(84,5,8),(85,5,9),(86,5,10),(87,5,11),(88,5,12),(89,5,13),(90,5,14),(91,5,15),(92,5,16),(93,5,17),(94,5,18),(95,5,19),(96,5,20),(97,5,21),(98,5,22),(99,5,23),(100,5,24),(101,5,25),(102,5,26),(103,5,27),(104,5,378),(105,6,3),(106,6,4),(107,6,5),(108,6,6),(109,6,7),(110,6,8),(111,6,9),(112,6,10),(113,6,11),(114,6,12),(115,6,13),(116,6,14),(117,6,15),(118,6,16),(119,6,17),(120,6,18),(121,6,19),(122,6,20),(123,6,21),(124,6,22),(125,6,23),(126,6,24),(127,6,25),(128,6,26),(129,6,27),(130,6,378),(131,7,3),(132,7,4),(133,7,5),(134,7,6),(135,7,7),(136,7,8),(137,7,9),(138,7,10),(139,7,11),(140,7,12),(141,7,13),(142,7,14),(143,7,15),(144,7,16),(145,7,17),(146,7,18),(147,7,19),(148,7,20),(149,7,21),(150,7,22),(151,7,23),(152,7,24),(153,7,25),(154,7,26),(155,7,27),(156,7,378),(157,8,3),(158,8,4),(159,8,5),(160,8,6),(161,8,7),(162,8,8),(163,8,9),(164,8,10),(165,8,11),(166,8,12),(167,8,13),(168,8,14),(169,8,15),(170,8,16),(171,8,17),(172,8,18),(173,8,19),(174,8,20),(175,8,21),(176,8,22),(177,8,23),(178,8,24),(179,8,25),(180,8,26),(181,8,27),(182,8,378),(183,9,3),(184,9,4),(185,9,5),(186,9,6),(187,9,7),(188,9,8),(189,9,9),(190,9,10),(191,9,11),(192,9,12),(193,9,13),(194,9,14),(195,9,15),(196,9,16),(197,9,17),(198,9,18),(199,9,19),(200,9,20),(201,9,21),(202,9,22),(203,9,23),(204,9,24),(205,9,25),(206,9,26),(207,9,27),(208,9,378);
/*!40000 ALTER TABLE `notifications_notification_receive_users` ENABLE KEYS */;
UNLOCK TABLES;

--
-- Table structure for table `registration_saaranguser`
--

DROP TABLE IF EXISTS `registration_saaranguser`;
/*!40101 SET @saved_cs_client     = @@character_set_client */;
/*!40101 SET character_set_client = utf8 */;
CREATE TABLE `registration_saaranguser` (
  `id` int(11) NOT NULL AUTO_INCREMENT,
  `saarang_id` varchar(20) NOT NULL,
  `name` varchar(60) NOT NULL,
  `email` varchar(100) NOT NULL,
  `mobile` bigint(20) NOT NULL,
  `fb_id` varchar(50) NOT NULL,
  `friend_list` longtext NOT NULL,
  `college` varchar(150) NOT NULL,
  `fb_token` longtext NOT NULL,
  `gender` varchar(10) NOT NULL,
  `password` varchar(128) NOT NULL,
  `activate_status` int(11) NOT NULL,
  PRIMARY KEY (`id`)
) ENGINE=MyISAM AUTO_INCREMENT=4 DEFAULT CHARSET=latin1;
/*!40101 SET character_set_client = @saved_cs_client */;

--
-- Dumping data for table `registration_saaranguser`
--

LOCK TABLES `registration_saaranguser` WRITE;
/*!40000 ALTER TABLE `registration_saaranguser` DISABLE KEYS */;
INSERT INTO `registration_saaranguser` VALUES (1,'Saarang','Saarang1','webadmin@saarang.org',912398591823,'1','2,3','college1','<p>alsdkfjh</p>','male','qwerty',0),(2,'Saarang','Saarang2','webadmin@saarang.org',912398591823,'2','1,3','college2','<p>alsdkfjh</p>','male','qwerty4u',0),(3,'saarang','saarang3','genmax@gmail.com',6455464,'3','1','college3','','','',0);
/*!40000 ALTER TABLE `registration_saaranguser` ENABLE KEYS */;
UNLOCK TABLES;

--
-- Table structure for table `south_migrationhistory`
--

DROP TABLE IF EXISTS `south_migrationhistory`;
/*!40101 SET @saved_cs_client     = @@character_set_client */;
/*!40101 SET character_set_client = utf8 */;
CREATE TABLE `south_migrationhistory` (
  `id` int(11) NOT NULL AUTO_INCREMENT,
  `app_name` varchar(255) NOT NULL,
  `migration` varchar(255) NOT NULL,
  `applied` datetime NOT NULL,
  PRIMARY KEY (`id`)
) ENGINE=MyISAM AUTO_INCREMENT=19 DEFAULT CHARSET=latin1;
/*!40101 SET character_set_client = @saved_cs_client */;

--
-- Dumping data for table `south_migrationhistory`
--

LOCK TABLES `south_migrationhistory` WRITE;
/*!40000 ALTER TABLE `south_migrationhistory` DISABLE KEYS */;
INSERT INTO `south_migrationhistory` VALUES (1,'forum','0001_initial','2013-11-01 13:02:11'),(2,'userprofile','0001_initial','2013-11-01 13:02:11'),(3,'erp','0001_initial','2013-11-01 13:02:12'),(4,'task','0001_initial','2013-11-01 13:02:12'),(13,'events','0002_auto__add_field_event_is_team__add_field_event_registration_open__add_','2013-11-04 00:20:48'),(12,'events','0001_initial','2013-11-04 00:19:56'),(10,'userprofile','0002_auto__chg_field_userprofile_hostel','2013-11-03 14:54:12'),(11,'ticket','0001_initial','2013-11-03 16:40:48'),(14,'notifications','0001_initial','2013-11-04 18:13:05'),(18,'registration','0002_auto__add_field_saaranguser_activate_status','2013-11-05 13:00:29'),(17,'registration','0001_initial','2013-11-05 12:57:21');
/*!40000 ALTER TABLE `south_migrationhistory` ENABLE KEYS */;
UNLOCK TABLES;

--
-- Table structure for table `task_comment`
--

DROP TABLE IF EXISTS `task_comment`;
/*!40101 SET @saved_cs_client     = @@character_set_client */;
/*!40101 SET character_set_client = utf8 */;
CREATE TABLE `task_comment` (
  `id` int(11) NOT NULL AUTO_INCREMENT,
  `author_id` int(11) NOT NULL,
  `timestamp` datetime NOT NULL,
  `task_id` int(11) NOT NULL,
  `title` varchar(100) NOT NULL,
  `description` longtext NOT NULL,
  PRIMARY KEY (`id`),
  KEY `task_comment_337b96ff` (`author_id`),
  KEY `task_comment_3ff01bab` (`task_id`)
) ENGINE=MyISAM AUTO_INCREMENT=18 DEFAULT CHARSET=latin1;
/*!40101 SET character_set_client = @saved_cs_client */;

--
-- Dumping data for table `task_comment`
--

LOCK TABLES `task_comment` WRITE;
/*!40000 ALTER TABLE `task_comment` DISABLE KEYS */;
INSERT INTO `task_comment` VALUES (1,43,'2013-08-20 07:21:19',2,'asdfghjkl','wertyzxcvbn\r\nxcvbn'),(2,46,'2013-08-20 07:21:57',2,'Hurry up','There is no time left'),(3,25,'2013-08-20 13:04:46',1,'Carnival','Caarnival'),(4,23,'2013-08-21 09:43:48',8,'progress','progress'),(5,23,'2013-08-21 09:44:17',8,'progress','progress'),(6,23,'2013-08-21 09:44:29',8,'progress','progress'),(7,24,'2013-08-28 15:00:12',10,'Check','Checking the working'),(8,24,'2013-09-07 00:41:15',5,'yo','man'),(9,24,'2013-09-26 14:09:25',8,'ln','hgcghcg'),(10,24,'2013-09-26 14:14:14',8,'Title','omsvd'),(11,24,'2013-10-23 16:33:31',8,'Nothing. ','Just making sense of the whole thing.'),(12,24,'2013-10-23 16:34:15',8,'Update','Updated progress'),(13,24,'2013-10-26 13:26:01',1,'Gen','L:KJA:LKSDKLJKLJHKLJHDSFKLJFNDS'),(14,25,'2013-10-27 20:39:59',14,'Coord Assigned.','<p>@Nandu : &nbsp;Pain the coord.</p>'),(15,25,'2013-10-27 20:40:28',14,'update','<p>Update</p>'),(16,25,'2013-11-01 17:38:18',15,'Gen','<p>More gen</p>'),(17,25,'2013-11-01 17:38:33',15,'Even','<p>,ore gen</p>');
/*!40000 ALTER TABLE `task_comment` ENABLE KEYS */;
UNLOCK TABLES;

--
-- Table structure for table `task_task`
--

DROP TABLE IF EXISTS `task_task`;
/*!40101 SET @saved_cs_client     = @@character_set_client */;
/*!40101 SET character_set_client = utf8 */;
CREATE TABLE `task_task` (
  `id` int(11) NOT NULL AUTO_INCREMENT,
  `time_created` datetime NOT NULL,
  `author_id` int(11) DEFAULT NULL,
  `origin_dept_id` int(11) DEFAULT NULL,
  `destin_dept_id` int(11) DEFAULT NULL,
  `title` varchar(60) NOT NULL,
  `summary` varchar(200) NOT NULL,
  `description` longtext NOT NULL,
  `attachment` varchar(100) DEFAULT NULL,
  `origin_deadline` date NOT NULL,
  `origin_priority` double NOT NULL,
  `origin_core_aproved` tinyint(1) NOT NULL,
  `time_origin_core_approval` datetime NOT NULL,
  `origin_core_comment` varchar(200) NOT NULL,
  `origin_core_deadline` date NOT NULL,
  `origin_core_priority` double NOT NULL,
  `destin_core_aproved` tinyint(1) NOT NULL,
  `time_destin_core_approval` datetime NOT NULL,
  `destin_core_comment` varchar(200) NOT NULL,
  `destin_core_deadline` date NOT NULL,
  `destin_core_priority` double NOT NULL,
  `destin_coord_acknowledged` tinyint(1) NOT NULL,
  `time_destn_coord_acknowledged` datetime NOT NULL,
  `percent_completed` int(11) NOT NULL,
  `is_completed` tinyint(1) NOT NULL,
  PRIMARY KEY (`id`),
  KEY `task_task_337b96ff` (`author_id`),
  KEY `task_task_1284a2b3` (`origin_dept_id`),
  KEY `task_task_1c326856` (`destin_dept_id`)
) ENGINE=MyISAM AUTO_INCREMENT=16 DEFAULT CHARSET=latin1;
/*!40101 SET character_set_client = @saved_cs_client */;

--
-- Dumping data for table `task_task`
--

LOCK TABLES `task_task` WRITE;
/*!40000 ALTER TABLE `task_task` DISABLE KEYS */;
INSERT INTO `task_task` VALUES (1,'2013-08-20 04:27:59',26,4,9,'Theme','theme for saarang 14','Its high time we decide a theme for saarang.so that we can work on a better site note itself','','2013-08-08',5,1,'2013-08-20 04:29:31','No comment','2013-08-20',4.5,1,'2013-08-20 07:19:42','No comment','2013-08-20',4.5,1,'2013-08-20 13:04:57',45,0),(2,'2013-08-20 07:17:26',46,9,9,'Poster for Proshows','Detailes for proshow poster designs','Description','','2013-08-25',5,1,'2013-08-20 07:17:53','No comment','2013-08-20',4.5,1,'2013-08-20 07:18:44','No comment','2013-08-20',4.5,1,'2013-08-20 07:20:13',30,0),(3,'2013-08-20 12:59:30',24,4,15,'ERP','new tasks','tasks','attachments/trainingdata.txt','2013-08-31',3.2,1,'2013-08-25 13:42:19','No comment','2013-08-20',4.5,0,'2013-08-20 12:59:30','No comment','2013-08-20',4.5,0,'2013-08-20 12:59:30',0,0),(4,'2013-08-20 13:00:33',24,4,9,'Website Design','design','design','attachments/input.txt','2013-08-31',4.5,1,'2013-09-12 05:41:03','Approved!!!','2013-09-17',4.5,0,'2013-08-20 13:00:33','No comment','2013-08-20',4.5,1,'2013-08-22 15:57:42',0,0),(5,'2013-08-20 13:06:12',25,4,10,'Hospi writeups','hospi write ups','details - hospi writeups','attachments/trainingdata_1.txt','2013-09-20',4.3,1,'2013-08-20 13:47:53','No comment','2013-08-20',4.5,0,'2013-08-20 13:04:46','No comment','2013-08-20',4.5,1,'2013-08-20 13:46:49',33,0),(6,'2013-08-20 13:06:48',46,9,3,'QMS Task','summary','description','attachments/962137.png','2013-08-21',5,0,'2013-08-20 13:05:14','No comment','2013-08-20',4.5,0,'2013-08-20 13:05:14','No comment','2013-08-20',4.5,0,'2013-08-20 13:05:14',0,0),(7,'2013-08-20 13:38:23',24,4,6,'Ticket sales Portal','In house portal','Portal','attachments/diploma.png','2013-09-23',3.6,1,'2013-08-25 13:41:58','No comment','2013-08-20',4.5,0,'2013-08-20 13:38:23','No comment','2013-08-20',4.5,0,'2013-08-20 13:38:23',0,0),(8,'2013-08-20 13:46:06',24,4,4,'Litsoc portal','new task','task','','2013-08-29',4.6,1,'2013-09-12 05:41:32','No comment','2013-08-20',4.5,0,'2013-08-20 13:46:06','No comment','2013-08-20',4.5,1,'2013-08-20 13:48:20',85,0),(9,'2013-08-27 08:19:44',19,3,8,'booking','booking some random venue','this is just a trial','','2013-09-04',4,0,'2013-08-27 08:19:44','No comment','2013-08-27',4.5,0,'2013-08-27 08:19:44','No comment','2013-08-27',4.5,1,'2013-08-28 14:55:51',0,0),(10,'2013-08-28 14:59:09',24,4,3,'Testing','Testing of ERP portal','test','','2013-01-09',4.9,1,'2013-09-08 07:31:51','No comment','2013-08-28',4.5,0,'2013-08-28 14:58:05','No comment','2013-08-28',4.5,1,'2013-08-28 15:02:07',0,0),(11,'2013-08-28 15:04:44',20,3,2,'Testing','Testing of ERP portal','Only to core group','','2013-09-01',5,0,'2013-08-28 15:03:19','No comment','2013-08-28',4.5,0,'2013-08-28 15:03:19','No comment','2013-08-28',4.5,0,'2013-08-28 15:03:19',0,0),(12,'2013-09-26 07:03:23',24,4,3,'ERP Dry run','To check the functioning of ERP','Check all the features and give suggestions. If you find any bugs report immediately on the thread.','','2013-09-30',5,1,'2013-09-26 07:05:06','No comment','2013-09-30',5,0,'2013-09-26 07:01:05','No comment','2013-09-26',4.5,0,'2013-09-26 07:01:05',0,0),(13,'2013-10-23 16:32:59',24,4,15,'Do doldrum','Gen, test','Fafafafaf','','2013-10-16',5,1,'2013-10-23 16:37:40','No','2013-10-23',4,0,'2013-10-23 16:32:59','No comment','2013-10-23',4.5,0,'2013-10-23 16:32:59',0,0),(14,'2013-10-27 20:36:40',22,1,12,'Main Site - Fixes','Fixes ','<p>PFA bug fixes.</p>','','2013-10-17',5,0,'2013-10-27 19:51:28','No comment','2013-10-28',4.5,0,'2013-10-27 19:51:28','No comment','2013-10-28',4.5,1,'2013-10-27 20:40:05',50,0),(15,'2013-11-01 16:56:02',25,12,12,'Teseta','asdfa','<p>adsfadfa</p>','','2013-11-20',2,0,'2013-11-01 16:55:52','No comment','2013-11-01',4.5,0,'2013-11-01 16:55:52','No comment','2013-11-01',4.5,0,'2013-11-01 16:55:52',70,0);
/*!40000 ALTER TABLE `task_task` ENABLE KEYS */;
UNLOCK TABLES;

--
-- Table structure for table `task_task_destin_core_assgnd_coord`
--

DROP TABLE IF EXISTS `task_task_destin_core_assgnd_coord`;
/*!40101 SET @saved_cs_client     = @@character_set_client */;
/*!40101 SET character_set_client = utf8 */;
CREATE TABLE `task_task_destin_core_assgnd_coord` (
  `id` int(11) NOT NULL AUTO_INCREMENT,
  `task_id` int(11) NOT NULL,
  `user_id` int(11) NOT NULL,
  PRIMARY KEY (`id`),
  UNIQUE KEY `task_task_destin_core_assgnd_coord_task_id_1bf1fec0_uniq` (`task_id`,`user_id`),
  KEY `task_task_destin_core_assgnd_coord_3ff01bab` (`task_id`),
  KEY `task_task_destin_core_assgnd_coord_403f60f` (`user_id`)
) ENGINE=MyISAM AUTO_INCREMENT=3 DEFAULT CHARSET=latin1;
/*!40101 SET character_set_client = @saved_cs_client */;

--
-- Dumping data for table `task_task_destin_core_assgnd_coord`
--

LOCK TABLES `task_task_destin_core_assgnd_coord` WRITE;
/*!40000 ALTER TABLE `task_task_destin_core_assgnd_coord` DISABLE KEYS */;
INSERT INTO `task_task_destin_core_assgnd_coord` VALUES (1,1,25),(2,2,43);
/*!40000 ALTER TABLE `task_task_destin_core_assgnd_coord` ENABLE KEYS */;
UNLOCK TABLES;

--
-- Table structure for table `task_task_origin_core_assgnd_coord`
--

DROP TABLE IF EXISTS `task_task_origin_core_assgnd_coord`;
/*!40101 SET @saved_cs_client     = @@character_set_client */;
/*!40101 SET character_set_client = utf8 */;
CREATE TABLE `task_task_origin_core_assgnd_coord` (
  `id` int(11) NOT NULL AUTO_INCREMENT,
  `task_id` int(11) NOT NULL,
  `user_id` int(11) NOT NULL,
  PRIMARY KEY (`id`),
  UNIQUE KEY `task_task_origin_core_assgnd_coord_task_id_3d9c3a8b_uniq` (`task_id`,`user_id`),
  KEY `task_task_origin_core_assgnd_coord_3ff01bab` (`task_id`),
  KEY `task_task_origin_core_assgnd_coord_403f60f` (`user_id`)
) ENGINE=MyISAM AUTO_INCREMENT=32 DEFAULT CHARSET=latin1;
/*!40101 SET character_set_client = @saved_cs_client */;

--
-- Dumping data for table `task_task_origin_core_assgnd_coord`
--

LOCK TABLES `task_task_origin_core_assgnd_coord` WRITE;
/*!40000 ALTER TABLE `task_task_origin_core_assgnd_coord` DISABLE KEYS */;
INSERT INTO `task_task_origin_core_assgnd_coord` VALUES (1,1,44),(2,2,43),(3,3,3),(4,3,2),(5,4,11),(6,4,59),(7,4,21),(8,4,31),(9,4,40),(10,4,5),(11,4,4),(12,4,7),(13,4,6),(14,4,53),(15,5,24),(16,5,25),(17,5,23),(18,7,3),(19,8,19),(20,8,27),(21,8,5),(22,8,6),(23,10,1),(24,10,3),(25,10,2),(26,10,64),(27,10,65),(28,10,66),(29,10,67),(30,12,2),(31,13,3);
/*!40000 ALTER TABLE `task_task_origin_core_assgnd_coord` ENABLE KEYS */;
UNLOCK TABLES;

--
-- Table structure for table `ticket_ticket`
--

DROP TABLE IF EXISTS `ticket_ticket`;
/*!40101 SET @saved_cs_client     = @@character_set_client */;
/*!40101 SET character_set_client = utf8 */;
CREATE TABLE `ticket_ticket` (
  `id` int(11) NOT NULL AUTO_INCREMENT,
  `ticket_name` varchar(100) NOT NULL,
  `ticket_show` varchar(20) NOT NULL,
  `ticket_is_discounted` tinyint(1) NOT NULL,
  `cost` int(11) NOT NULL,
  `active` tinyint(1) NOT NULL,
  PRIMARY KEY (`id`)
) ENGINE=MyISAM AUTO_INCREMENT=4 DEFAULT CHARSET=latin1;
/*!40101 SET character_set_client = @saved_cs_client */;

--
-- Dumping data for table `ticket_ticket`
--

LOCK TABLES `ticket_ticket` WRITE;
/*!40000 ALTER TABLE `ticket_ticket` DISABLE KEYS */;
INSERT INTO `ticket_ticket` VALUES (1,'Test Ticket2','Rock Show',0,500,1),(2,'test','EDM',1,10,0),(3,'Test Ticket1','Popular Night',0,400,1);
/*!40000 ALTER TABLE `ticket_ticket` ENABLE KEYS */;
UNLOCK TABLES;

--
-- Table structure for table `ticket_transaction`
--

DROP TABLE IF EXISTS `ticket_transaction`;
/*!40101 SET @saved_cs_client     = @@character_set_client */;
/*!40101 SET character_set_client = utf8 */;
CREATE TABLE `ticket_transaction` (
  `id` int(11) NOT NULL AUTO_INCREMENT,
  `ticket_id` int(11) NOT NULL,
  `ticket_count` int(11) NOT NULL,
  PRIMARY KEY (`id`),
  KEY `ticket_transaction_2f04b9de` (`ticket_id`)
) ENGINE=MyISAM AUTO_INCREMENT=3 DEFAULT CHARSET=latin1;
/*!40101 SET character_set_client = @saved_cs_client */;

--
-- Dumping data for table `ticket_transaction`
--

LOCK TABLES `ticket_transaction` WRITE;
/*!40000 ALTER TABLE `ticket_transaction` DISABLE KEYS */;
INSERT INTO `ticket_transaction` VALUES (1,1,1),(2,3,2);
/*!40000 ALTER TABLE `ticket_transaction` ENABLE KEYS */;
UNLOCK TABLES;

--
-- Table structure for table `ticket_transaction_final`
--

DROP TABLE IF EXISTS `ticket_transaction_final`;
/*!40101 SET @saved_cs_client     = @@character_set_client */;
/*!40101 SET character_set_client = utf8 */;
CREATE TABLE `ticket_transaction_final` (
  `id` int(11) NOT NULL AUTO_INCREMENT,
  `customer_id` varchar(100) NOT NULL,
  `coord_id` int(11) NOT NULL,
  `timestamp` datetime NOT NULL,
  `challan_number` varchar(25) NOT NULL,
  `cost` int(11) NOT NULL,
  PRIMARY KEY (`id`),
  KEY `ticket_transaction_final_65c0891e` (`coord_id`)
) ENGINE=MyISAM AUTO_INCREMENT=2 DEFAULT CHARSET=latin1;
/*!40101 SET character_set_client = @saved_cs_client */;

--
-- Dumping data for table `ticket_transaction_final`
--

LOCK TABLES `ticket_transaction_final` WRITE;
/*!40000 ALTER TABLE `ticket_transaction_final` DISABLE KEYS */;
INSERT INTO `ticket_transaction_final` VALUES (1,'CH11b083',25,'2013-11-05 15:58:30','0610001001',1300);
/*!40000 ALTER TABLE `ticket_transaction_final` ENABLE KEYS */;
UNLOCK TABLES;

--
-- Table structure for table `ticket_transaction_final_ticket_final`
--

DROP TABLE IF EXISTS `ticket_transaction_final_ticket_final`;
/*!40101 SET @saved_cs_client     = @@character_set_client */;
/*!40101 SET character_set_client = utf8 */;
CREATE TABLE `ticket_transaction_final_ticket_final` (
  `id` int(11) NOT NULL AUTO_INCREMENT,
  `transaction_final_id` int(11) NOT NULL,
  `transaction_id` int(11) NOT NULL,
  PRIMARY KEY (`id`),
  UNIQUE KEY `transaction_final_id` (`transaction_final_id`,`transaction_id`),
  KEY `ticket_transaction_final_ticket_final_2f8a588c` (`transaction_final_id`),
  KEY `ticket_transaction_final_ticket_final_45d19ab3` (`transaction_id`)
) ENGINE=MyISAM AUTO_INCREMENT=3 DEFAULT CHARSET=latin1;
/*!40101 SET character_set_client = @saved_cs_client */;

--
-- Dumping data for table `ticket_transaction_final_ticket_final`
--

LOCK TABLES `ticket_transaction_final_ticket_final` WRITE;
/*!40000 ALTER TABLE `ticket_transaction_final_ticket_final` DISABLE KEYS */;
INSERT INTO `ticket_transaction_final_ticket_final` VALUES (1,1,1),(2,1,2);
/*!40000 ALTER TABLE `ticket_transaction_final_ticket_final` ENABLE KEYS */;
UNLOCK TABLES;

--
-- Table structure for table `userprofile_userprofile`
--

DROP TABLE IF EXISTS `userprofile_userprofile`;
/*!40101 SET @saved_cs_client     = @@character_set_client */;
/*!40101 SET character_set_client = utf8 */;
CREATE TABLE `userprofile_userprofile` (
  `id` int(11) NOT NULL AUTO_INCREMENT,
  `user_id` int(11) NOT NULL,
  `status` varchar(20) NOT NULL,
  `nick` varchar(60) DEFAULT NULL,
  `saarang_email` varchar(100) DEFAULT NULL,
  `avatar` varchar(100) DEFAULT NULL,
  `post_count` int(11) DEFAULT NULL,
  `dept_id` int(11) DEFAULT NULL,
  `sub_dept_id` int(11) DEFAULT NULL,
  `dob` date DEFAULT NULL,
  `mobile` bigint(20) NOT NULL,
  `mobile_home` bigint(20) DEFAULT NULL,
  `facebook` varchar(200) DEFAULT NULL,
  `hostel` varchar(60),
  `room` int(11) DEFAULT NULL,
  PRIMARY KEY (`id`),
  UNIQUE KEY `user_id` (`user_id`),
  KEY `userprofile_userprofile_4101f425` (`dept_id`),
  KEY `userprofile_userprofile_5108b65c` (`sub_dept_id`)
) ENGINE=MyISAM AUTO_INCREMENT=378 DEFAULT CHARSET=latin1;
/*!40101 SET character_set_client = @saved_cs_client */;

--
-- Dumping data for table `userprofile_userprofile`
--

LOCK TABLES `userprofile_userprofile` WRITE;
/*!40000 ALTER TABLE `userprofile_userprofile` DISABLE KEYS */;
INSERT INTO `userprofile_userprofile` VALUES (1,1,'',NULL,NULL,'',0,NULL,NULL,NULL,0,NULL,NULL,'',NULL),(2,2,'',NULL,NULL,'',0,NULL,NULL,NULL,0,NULL,NULL,'',NULL),(3,3,'core','Reddy','abhiram@saarang.org','',0,13,NULL,NULL,9884939795,NULL,NULL,'',NULL),(4,4,'core','Seasonal','amruth@saarang.org','',0,13,NULL,NULL,7200489087,NULL,NULL,'',NULL),(5,5,'core','Sravanth','sravanth@saarang.org','',0,9,NULL,NULL,9789957342,NULL,NULL,'',NULL),(6,6,'core','Singlet','rohit@saarang.org','',0,4,NULL,NULL,9789058141,NULL,NULL,'',NULL),(7,7,'core','Consti','jackson@saarang.org','',0,4,NULL,NULL,9884473145,NULL,NULL,'',NULL),(8,8,'core','Outburst','keerthi@saarang.org','',0,3,NULL,NULL,9952040604,NULL,NULL,'',NULL),(9,9,'core','KP','kp@saarang.org','',0,3,NULL,NULL,9884988640,NULL,NULL,'',NULL),(10,10,'core','Neuro','praneeth@saarang.org','',0,6,NULL,NULL,9789953254,NULL,NULL,'',NULL),(11,11,'core','Swyper','manoj@saarang.org','',0,6,NULL,NULL,9952969873,NULL,NULL,'',NULL),(12,12,'core','Gujju','gujju@saarang.org','',0,8,NULL,NULL,9498073534,NULL,NULL,'',NULL),(13,13,'core','PP','surajrn@saarang.org','',1,2,NULL,NULL,9500117837,NULL,NULL,'',NULL),(14,14,'core','Sam','samvita@saarang.org','',0,2,NULL,NULL,9566139817,NULL,NULL,'',NULL),(15,15,'core','2C','aditya@saarang.org','',0,5,NULL,NULL,9444357599,NULL,NULL,'',NULL),(16,16,'core','Achuthan','achutan@saarang.org','',0,11,NULL,NULL,9884314049,NULL,NULL,'',NULL),(17,17,'core','Abhishek','abhishek@saarang.org ','',0,11,NULL,NULL,9444344139,NULL,NULL,'',NULL),(18,18,'core','Tejo','tejo@saarang.org','',0,11,NULL,NULL,9884994125,NULL,NULL,'',NULL),(19,19,'core','Nitya','nitya@saarang.org','',0,7,NULL,NULL,8754550176,NULL,NULL,'',NULL),(20,20,'core','Joe','jozzire@saarang.org','',0,7,NULL,NULL,8939366934,NULL,NULL,'',NULL),(21,21,'core','AwNaw','nawin@saarang.org','',0,1,NULL,NULL,9003128726,NULL,NULL,'',NULL),(22,22,'core','Sujidhar','sujidhar@saarang.org','',0,1,NULL,NULL,9444965391,NULL,NULL,'',NULL),(23,23,'core','SD','sd@saarang.org','',0,1,NULL,NULL,9789084453,NULL,NULL,'',NULL),(24,24,'core','Nandu','nandakishore@saarang.org','',0,12,NULL,NULL,9043412922,NULL,NULL,'',NULL),(25,25,'core','Diaper','karthikeya@saarang.org','',6,12,NULL,NULL,8122219842,NULL,'','tapti',338),(26,26,'core','SIM','hari@saarang.org','',0,10,NULL,NULL,9884522800,NULL,NULL,'',NULL),(27,27,'core','Wagon R','eswar@saarang.org','',0,10,NULL,NULL,7200379141,NULL,NULL,'',NULL),(28,28,'coord',NULL,NULL,'',0,1,1,NULL,9884684988,NULL,NULL,'',NULL),(29,29,'coord',NULL,NULL,'',0,1,1,NULL,9043810294,NULL,NULL,'',NULL),(30,30,'coord',NULL,NULL,'',0,1,1,NULL,9600175451,NULL,NULL,'',NULL),(31,31,'coord',NULL,NULL,'',0,1,1,NULL,8608985980,NULL,NULL,'',NULL),(32,32,'coord',NULL,NULL,'',0,1,1,NULL,9677158288,NULL,NULL,'',NULL),(33,33,'coord',NULL,NULL,'',0,1,1,NULL,7418276602,NULL,NULL,'',NULL),(34,34,'coord',NULL,NULL,'',0,1,1,NULL,9445757529,NULL,NULL,'',NULL),(35,35,'coord',NULL,NULL,'',0,1,1,NULL,9884428062,NULL,NULL,'',NULL),(36,36,'coord',NULL,NULL,'',0,1,2,NULL,8056001575,NULL,NULL,'',NULL),(37,37,'coord',NULL,NULL,'',0,1,2,NULL,9677155763,NULL,NULL,'',NULL),(38,38,'coord',NULL,NULL,'',0,1,2,NULL,7418276008,NULL,NULL,'',NULL),(39,39,'coord',NULL,NULL,'',0,1,2,NULL,9884299639,NULL,NULL,'',NULL),(40,40,'coord',NULL,NULL,'',0,1,2,NULL,9380373313,NULL,NULL,'',NULL),(41,41,'coord',NULL,NULL,'',0,1,2,NULL,9498073869,NULL,NULL,'',NULL),(42,42,'coord',NULL,NULL,'',0,1,2,NULL,9791020352,NULL,NULL,'',NULL),(43,43,'coord',NULL,NULL,'',0,1,2,NULL,9043412900,NULL,NULL,'',NULL),(44,44,'coord',NULL,NULL,'',0,1,2,NULL,9444968246,NULL,NULL,'',NULL),(45,45,'coord',NULL,NULL,'',0,1,3,NULL,9043810298,NULL,NULL,'',NULL),(46,46,'coord',NULL,NULL,'',0,1,3,NULL,9790990971,NULL,NULL,'',NULL),(47,47,'coord',NULL,NULL,'',0,1,3,NULL,9962671004,NULL,NULL,'',NULL),(48,48,'coord',NULL,NULL,'',0,1,3,NULL,9003098118,NULL,NULL,'',NULL),(49,49,'coord',NULL,NULL,'',0,1,3,NULL,9444985143,NULL,NULL,'',NULL),(50,50,'coord',NULL,NULL,'',0,1,3,NULL,8754081598,NULL,NULL,'',NULL),(51,51,'coord',NULL,NULL,'',0,1,3,NULL,9940621747,NULL,NULL,'',NULL),(52,52,'coord',NULL,NULL,'',0,1,3,NULL,9884299695,NULL,NULL,'',NULL),(53,53,'coord',NULL,NULL,'',0,1,3,NULL,9884300119,NULL,NULL,'',NULL),(54,54,'coord',NULL,NULL,'',0,1,3,NULL,9884299794,NULL,NULL,'',NULL),(55,55,'coord',NULL,NULL,'',0,1,4,NULL,9940380622,NULL,NULL,'',NULL),(56,56,'coord',NULL,NULL,'',0,1,4,NULL,9003078007,NULL,NULL,'',NULL),(57,57,'coord',NULL,NULL,'',0,1,4,NULL,9498098068,NULL,NULL,'',NULL),(58,58,'coord',NULL,NULL,'',0,1,4,NULL,9150499175,NULL,NULL,'',NULL),(59,59,'coord',NULL,NULL,'',0,1,4,NULL,9043807250,NULL,NULL,'',NULL),(60,60,'coord',NULL,NULL,'',0,1,4,NULL,9043960878,NULL,NULL,'',NULL),(61,61,'coord',NULL,NULL,'',0,1,4,NULL,9884682314,NULL,NULL,'',NULL),(62,62,'coord',NULL,NULL,'',0,4,5,NULL,9791033003,NULL,NULL,'',NULL),(63,63,'coord',NULL,NULL,'',0,4,5,NULL,9445420718,NULL,NULL,'',NULL),(64,64,'coord',NULL,NULL,'',0,4,5,NULL,7418222605,NULL,NULL,'',NULL),(65,65,'coord',NULL,NULL,'',0,4,5,NULL,9962295970,NULL,NULL,'',NULL),(66,66,'coord',NULL,NULL,'',0,4,5,NULL,9489980055,NULL,NULL,'',NULL),(67,67,'coord',NULL,NULL,'',0,4,5,NULL,7200495732,NULL,NULL,'',NULL),(68,68,'coord','Shafeeq','','avatars/shafeeq.jpg',0,4,6,'1993-06-25',7418304073,9895950065,'https://www.facebook.com/mohammed.shafeeqet','alak',241),(69,69,'coord',NULL,NULL,'',0,4,6,NULL,9445505729,NULL,NULL,'',NULL),(70,70,'coord',NULL,NULL,'',0,4,6,NULL,7418222932,NULL,NULL,'',NULL),(71,71,'coord',NULL,NULL,'',0,4,6,NULL,9791020219,NULL,NULL,'',NULL),(72,72,'coord',NULL,NULL,'',0,4,6,NULL,9443408260,NULL,NULL,'',NULL),(73,73,'coord',NULL,NULL,'',0,4,6,NULL,9884310912,NULL,NULL,'',NULL),(74,74,'coord','','','',0,4,6,NULL,9940197419,NULL,'','tampi',307),(75,75,'coord',NULL,NULL,'',0,4,7,NULL,9444881797,NULL,NULL,'',NULL),(76,76,'coord',NULL,NULL,'',0,4,7,NULL,9444881424,NULL,NULL,'',NULL),(77,77,'coord',NULL,NULL,'',0,4,8,NULL,9043408515,NULL,NULL,'',NULL),(78,78,'coord',NULL,NULL,'',0,4,8,NULL,8015225078,NULL,NULL,'',NULL),(79,79,'coord',NULL,NULL,'',0,4,8,NULL,9042353231,NULL,NULL,'',NULL),(80,80,'coord',NULL,NULL,'',0,4,8,NULL,9043395329,NULL,NULL,'',NULL),(81,81,'coord','','','',0,4,8,NULL,8015140469,NULL,'',NULL,NULL),(82,82,'coord',NULL,NULL,'',0,4,8,NULL,8680988686,NULL,NULL,'',NULL),(83,83,'coord',NULL,NULL,'',0,4,8,NULL,8807488931,NULL,NULL,'',NULL),(84,84,'coord',NULL,NULL,'',0,4,8,NULL,9790993089,NULL,NULL,'',NULL),(85,85,'coord',NULL,NULL,'',0,4,8,NULL,9962043704,NULL,NULL,'',NULL),(86,86,'coord',NULL,NULL,'',0,3,9,NULL,8056070125,NULL,NULL,'',NULL),(87,87,'coord',NULL,NULL,'',0,3,9,NULL,9677165385,NULL,NULL,'',NULL),(88,88,'coord',NULL,NULL,'',0,3,9,NULL,9489855652,NULL,NULL,'',NULL),(89,89,'coord',NULL,NULL,'',0,3,9,NULL,8056103424,NULL,NULL,'',NULL),(90,90,'coord',NULL,NULL,'',0,3,9,NULL,9940232989,NULL,NULL,'',NULL),(91,91,'coord',NULL,NULL,'',0,3,9,NULL,9043812307,NULL,NULL,'',NULL),(92,92,'coord',NULL,NULL,'',0,3,10,NULL,9952912020,NULL,NULL,'',NULL),(93,93,'coord',NULL,NULL,'',0,3,10,NULL,9498073441,NULL,NULL,'',NULL),(94,94,'coord',NULL,NULL,'',0,3,10,NULL,9500140725,NULL,NULL,'',NULL),(95,95,'coord',NULL,NULL,'',0,3,10,NULL,9600095110,NULL,NULL,'',NULL),(96,96,'coord',NULL,NULL,'',0,3,10,NULL,9498073457,NULL,NULL,'',NULL),(97,97,'coord',NULL,NULL,'',0,3,10,NULL,9486360017,NULL,NULL,'',NULL),(98,98,'coord',NULL,NULL,'',0,3,10,NULL,9791056693,NULL,NULL,'',NULL),(99,99,'coord',NULL,NULL,'',0,3,10,NULL,9884685091,NULL,NULL,'',NULL),(100,100,'coord',NULL,NULL,'',0,3,10,NULL,9962971662,NULL,NULL,'',NULL),(101,101,'coord',NULL,NULL,'',0,3,10,NULL,9043960883,NULL,NULL,'',NULL),(102,102,'coord',NULL,NULL,'',0,3,10,NULL,9488557299,NULL,NULL,'',NULL),(103,103,'coord',NULL,NULL,'',0,3,10,NULL,8754500120,NULL,NULL,'',NULL),(104,104,'coord',NULL,NULL,'',0,3,10,NULL,9884685195,NULL,NULL,'',NULL),(105,105,'coord',NULL,NULL,'',0,3,10,NULL,9789936928,NULL,NULL,'',NULL),(106,106,'coord',NULL,NULL,'',0,3,10,NULL,9884300819,NULL,NULL,'',NULL),(107,107,'coord',NULL,NULL,'',0,3,10,NULL,9884684430,NULL,NULL,'',NULL),(108,108,'coord',NULL,NULL,'',0,3,10,NULL,8056113947,NULL,NULL,'',NULL),(109,109,'coord',NULL,NULL,'',0,3,10,NULL,9940257729,NULL,NULL,'',NULL),(110,110,'coord',NULL,NULL,'',0,3,10,NULL,9677155634,NULL,NULL,'',NULL),(111,111,'coord',NULL,NULL,'',0,3,10,NULL,8056070391,NULL,NULL,'',NULL),(112,112,'coord',NULL,NULL,'',0,3,10,NULL,9488450678,NULL,NULL,'',NULL),(113,113,'coord',NULL,NULL,'',0,3,10,NULL,9043808631,NULL,NULL,'',NULL),(114,114,'coord',NULL,NULL,'',0,3,10,NULL,7418789160,NULL,NULL,'',NULL),(115,115,'coord',NULL,NULL,'',0,3,10,NULL,9043814198,NULL,NULL,'',NULL),(116,116,'coord',NULL,NULL,'',0,3,10,NULL,7708137709,NULL,NULL,'',NULL),(117,117,'coord',NULL,NULL,'',0,3,10,NULL,9498073449,NULL,NULL,'',NULL),(118,118,'coord',NULL,NULL,'',0,3,10,NULL,7708948827,NULL,NULL,'',NULL),(119,119,'coord',NULL,NULL,'',0,3,10,NULL,9962670699,NULL,NULL,'',NULL),(120,120,'coord',NULL,NULL,'',0,3,10,NULL,9884299766,NULL,NULL,'',NULL),(121,121,'coord',NULL,NULL,'',0,3,11,NULL,9500049692,NULL,NULL,'',NULL),(122,122,'coord',NULL,NULL,'',0,3,11,NULL,9092434299,NULL,NULL,'',NULL),(123,123,'coord',NULL,NULL,'',0,3,11,NULL,9092438052,NULL,NULL,'',NULL),(124,124,'coord',NULL,NULL,'',0,3,11,NULL,9884299441,NULL,NULL,'',NULL),(125,125,'coord',NULL,NULL,'',0,3,11,NULL,9840105431,NULL,NULL,'',NULL),(126,126,'coord',NULL,NULL,'',0,3,11,NULL,8056081031,NULL,NULL,'',NULL),(127,127,'coord',NULL,NULL,'',0,3,11,NULL,7299858690,NULL,NULL,'',NULL),(128,128,'coord',NULL,NULL,'',0,3,12,NULL,7200727098,NULL,NULL,'',NULL),(129,129,'coord',NULL,NULL,'',0,3,12,NULL,9043814251,NULL,NULL,'',NULL),(130,130,'coord',NULL,NULL,'',0,3,12,NULL,7373193624,NULL,NULL,'',NULL),(131,131,'coord',NULL,NULL,'',0,3,12,NULL,9940599135,NULL,NULL,'',NULL),(132,132,'coord',NULL,NULL,'',0,3,12,NULL,7401698373,NULL,NULL,'',NULL),(133,133,'coord',NULL,NULL,'',0,3,12,NULL,8124586812,NULL,NULL,'',NULL),(134,134,'coord',NULL,NULL,'',0,3,12,NULL,9043561842,NULL,NULL,'',NULL),(135,135,'coord',NULL,NULL,'',0,3,12,NULL,8939369717,NULL,NULL,'',NULL),(136,136,'coord',NULL,NULL,'',0,5,13,NULL,9962663576,NULL,NULL,'',NULL),(137,137,'coord',NULL,NULL,'',0,5,13,NULL,9052646662,NULL,NULL,'',NULL),(138,138,'coord',NULL,NULL,'',0,5,13,NULL,9940599704,NULL,NULL,'',NULL),(139,139,'coord',NULL,NULL,'',0,5,13,NULL,9940693009,NULL,NULL,'',NULL),(140,140,'coord',NULL,NULL,'',0,5,13,NULL,9043816342,NULL,NULL,'',NULL),(141,141,'coord',NULL,NULL,'',0,5,13,NULL,9884299515,NULL,NULL,'',NULL),(142,142,'coord',NULL,NULL,'',0,5,13,NULL,9498073431,NULL,NULL,'',NULL),(143,143,'coord',NULL,NULL,'',0,5,13,NULL,7418276327,NULL,NULL,'',NULL),(144,144,'coord',NULL,NULL,'',0,5,13,NULL,8148845162,NULL,NULL,'',NULL),(145,145,'coord',NULL,NULL,'',0,5,13,NULL,9445404148,NULL,NULL,'',NULL),(146,146,'coord',NULL,NULL,'',0,5,13,NULL,9677072186,NULL,NULL,'',NULL),(147,147,'coord',NULL,NULL,'',0,5,13,NULL,9840322779,NULL,NULL,'',NULL),(148,148,'coord',NULL,NULL,'',0,5,13,NULL,9677152323,NULL,NULL,'',NULL),(149,149,'coord',NULL,NULL,'',0,5,13,NULL,9498098073,NULL,NULL,'',NULL),(150,150,'coord',NULL,NULL,'',0,5,13,NULL,9677161836,NULL,NULL,'',NULL),(151,151,'coord',NULL,NULL,'',0,5,13,NULL,9444344168,NULL,NULL,'',NULL),(152,152,'coord',NULL,NULL,'',0,5,13,NULL,9043814216,NULL,NULL,'',NULL),(153,153,'coord',NULL,NULL,'',0,5,13,NULL,9884829795,NULL,NULL,'',NULL),(154,154,'coord',NULL,NULL,'',0,5,13,NULL,9500354234,NULL,NULL,'',NULL),(155,155,'coord',NULL,NULL,'',0,5,13,NULL,9043395156,NULL,NULL,'',NULL),(156,156,'coord',NULL,NULL,'',0,5,13,NULL,9884684955,NULL,NULL,'',NULL),(157,157,'coord',NULL,NULL,'',0,5,13,NULL,9894769833,NULL,NULL,'',NULL),(158,158,'coord',NULL,NULL,'',0,5,13,NULL,9994434556,NULL,NULL,'',NULL),(159,159,'coord',NULL,NULL,'',0,5,13,NULL,9884299313,NULL,NULL,'',NULL),(160,160,'coord',NULL,NULL,'',0,5,13,NULL,9495232277,NULL,NULL,'',NULL),(161,161,'coord',NULL,NULL,'',0,5,13,NULL,9442300001,NULL,NULL,'',NULL),(162,162,'coord',NULL,NULL,'',0,5,13,NULL,9884410583,NULL,NULL,'',NULL),(163,163,'coord',NULL,NULL,'',0,7,14,NULL,9952993777,NULL,NULL,'',NULL),(164,164,'coord',NULL,NULL,'',0,7,15,NULL,9833656501,NULL,NULL,'',NULL),(165,165,'coord',NULL,NULL,'',0,7,17,NULL,9789022748,NULL,NULL,'',NULL),(166,166,'coord',NULL,NULL,'',0,7,17,NULL,9600175770,NULL,NULL,'',NULL),(167,167,'coord',NULL,NULL,'',0,7,18,NULL,9600169296,NULL,NULL,'',NULL),(168,168,'coord',NULL,NULL,'',0,7,16,NULL,9962301415,NULL,NULL,'',NULL),(169,169,'coord',NULL,NULL,'',0,7,19,NULL,9717057293,NULL,NULL,'',NULL),(170,170,'coord',NULL,NULL,'',0,7,20,NULL,9092867763,NULL,NULL,'',NULL),(171,171,'coord',NULL,NULL,'',0,8,21,NULL,9043814161,NULL,NULL,'',NULL),(172,172,'coord',NULL,NULL,'',0,8,21,NULL,9043408421,NULL,NULL,'',NULL),(173,173,'coord',NULL,NULL,'',0,8,22,NULL,8438963812,NULL,NULL,'',NULL),(174,174,'coord',NULL,NULL,'',0,8,22,NULL,9791457353,NULL,NULL,'',NULL),(175,175,'coord',NULL,NULL,'',0,8,22,NULL,9500051893,NULL,NULL,'',NULL),(176,176,'coord',NULL,NULL,'',0,8,23,NULL,9940393865,NULL,NULL,'',NULL),(177,177,'coord',NULL,NULL,'',0,8,23,NULL,9962670985,NULL,NULL,'',NULL),(178,178,'coord',NULL,NULL,'',0,8,24,NULL,9789859748,NULL,NULL,'',NULL),(179,179,'coord',NULL,NULL,'',0,8,24,NULL,8124574100,NULL,NULL,'',NULL),(180,180,'coord',NULL,NULL,'',0,8,25,NULL,9498073517,NULL,NULL,'',NULL),(181,181,'coord',NULL,NULL,'',0,8,25,NULL,9884684495,NULL,NULL,'',NULL),(182,182,'coord',NULL,NULL,'',0,8,25,NULL,9962613500,NULL,NULL,'',NULL),(183,183,'coord',NULL,NULL,'',0,8,26,NULL,9952067687,NULL,NULL,'',NULL),(184,184,'coord',NULL,NULL,'',0,8,26,NULL,8680879373,NULL,NULL,'',NULL),(185,185,'coord',NULL,NULL,'',0,8,27,NULL,9884183343,NULL,NULL,'',NULL),(186,186,'coord',NULL,NULL,'',0,8,27,NULL,9414046323,NULL,NULL,'',NULL),(187,187,'coord',NULL,NULL,'',0,8,28,NULL,9003222077,NULL,NULL,'',NULL),(188,188,'coord',NULL,NULL,'',0,8,29,NULL,8682094598,NULL,NULL,'',NULL),(189,189,'coord',NULL,NULL,'',0,8,29,NULL,9840096297,NULL,NULL,'',NULL),(190,190,'coord','','','',0,9,30,'1993-10-10',8754557441,NULL,'','jam',2003),(191,191,'coord',NULL,NULL,'',0,9,30,NULL,9600153209,NULL,NULL,'',NULL),(192,192,'coord','','','',0,9,30,NULL,9677214530,NULL,'','godav',3004),(193,193,'coord',NULL,NULL,'',0,9,30,NULL,9043408540,NULL,NULL,'',NULL),(194,194,'coord',NULL,NULL,'',0,9,30,NULL,9445812031,NULL,NULL,'',NULL),(195,195,'coord',NULL,NULL,'',0,9,30,NULL,9940388232,NULL,NULL,'',NULL),(196,196,'coord',NULL,NULL,'',0,9,30,NULL,8122139365,NULL,NULL,'',NULL),(197,197,'coord',NULL,NULL,'',0,9,30,NULL,8754514491,NULL,NULL,'',NULL),(198,198,'coord',NULL,NULL,'',0,9,30,NULL,9600159980,NULL,NULL,'',NULL),(199,199,'coord',NULL,NULL,'',0,6,31,NULL,9940574063,NULL,NULL,'',NULL),(200,200,'coord','Rahul','','avatars/RAHUL.JPG',0,6,31,'1994-11-28',7502112244,NULL,'','mandak',146),(201,201,'coord',NULL,NULL,'',0,6,31,NULL,9444209462,NULL,NULL,'',NULL),(202,202,'coord',NULL,NULL,'',0,6,32,NULL,9962252801,NULL,NULL,'',NULL),(203,203,'coord',NULL,NULL,'',0,6,32,NULL,9962258667,NULL,NULL,'',NULL),(204,204,'coord',NULL,NULL,'',0,6,32,NULL,8056092183,NULL,NULL,'',NULL),(205,205,'coord','','','',0,6,32,NULL,9940296806,NULL,'','sharav',NULL),(206,206,'coord',NULL,NULL,'',0,6,32,NULL,9790924936,NULL,NULL,'',NULL),(207,207,'coord',NULL,NULL,'',0,6,32,NULL,9940694096,NULL,NULL,'',NULL),(208,208,'coord',NULL,NULL,'',0,6,32,NULL,9171907807,NULL,NULL,'',NULL),(209,209,'coord',NULL,NULL,'',0,6,32,NULL,9092185589,NULL,NULL,'',NULL),(210,210,'coord','Tippi','','',0,6,32,'1993-01-18',7845803689,NULL,'','godav',342),(211,211,'coord',NULL,NULL,'',0,6,32,NULL,9884347345,NULL,NULL,'',NULL),(212,212,'coord',NULL,NULL,'',0,6,32,NULL,9790999702,NULL,NULL,'',NULL),(213,213,'coord',NULL,NULL,'',0,10,33,NULL,8148973077,NULL,NULL,'',NULL),(214,214,'coord',NULL,NULL,'',0,10,33,NULL,9940167779,NULL,NULL,'',NULL),(215,215,'coord',NULL,NULL,'',0,10,33,NULL,7845604565,NULL,NULL,'',NULL),(216,216,'coord',NULL,NULL,'',0,10,33,NULL,9884823181,NULL,NULL,'',NULL),(217,217,'coord',NULL,NULL,'',0,10,33,NULL,9940676402,NULL,NULL,'',NULL),(218,218,'coord',NULL,NULL,'',0,10,33,NULL,9789034365,NULL,NULL,'',NULL),(219,219,'coord',NULL,NULL,'',0,10,33,NULL,9043412930,NULL,NULL,'',NULL),(220,220,'coord',NULL,NULL,'',0,10,33,NULL,9043395194,NULL,NULL,'',NULL),(221,221,'coord',NULL,NULL,'',0,10,33,NULL,7418090802,NULL,NULL,'',NULL),(222,222,'coord',NULL,NULL,'',0,10,33,NULL,9043395334,NULL,NULL,'',NULL),(223,223,'coord',NULL,NULL,'',0,10,33,NULL,7418221435,NULL,NULL,'',NULL),(224,224,'coord',NULL,NULL,'',0,10,33,NULL,9487950530,NULL,NULL,'',NULL),(225,225,'coord',NULL,NULL,'',0,10,33,NULL,9940638649,NULL,NULL,'',NULL),(226,226,'coord',NULL,NULL,'',0,10,33,NULL,9962325357,NULL,NULL,'',NULL),(227,227,'coord',NULL,NULL,'',0,10,33,NULL,9445419894,NULL,NULL,'',NULL),(228,228,'coord',NULL,NULL,'',0,10,33,NULL,9884894837,NULL,NULL,'',NULL),(229,229,'coord',NULL,NULL,'',0,10,33,NULL,9962275635,NULL,NULL,'',NULL),(230,230,'coord',NULL,NULL,'',0,10,33,NULL,7845152011,NULL,NULL,'',NULL),(231,231,'coord',NULL,NULL,'',0,10,33,NULL,9600107346,NULL,NULL,'',NULL),(232,232,'coord',NULL,NULL,'',0,10,33,NULL,9940640907,NULL,NULL,'',NULL),(233,233,'coord',NULL,NULL,'',0,10,33,NULL,9940588850,NULL,NULL,'',NULL),(234,234,'coord',NULL,NULL,'',0,10,33,NULL,9600011389,NULL,NULL,'',NULL),(235,235,'coord',NULL,NULL,'',0,10,33,NULL,9884682331,NULL,NULL,'',NULL),(236,236,'coord',NULL,NULL,'',0,11,34,NULL,9884685016,NULL,NULL,'',NULL),(237,237,'coord',NULL,NULL,'',0,11,34,NULL,8695851252,NULL,NULL,'',NULL),(238,238,'coord',NULL,NULL,'',0,11,34,NULL,9176931916,NULL,NULL,'',NULL),(239,239,'coord',NULL,NULL,'',0,11,34,NULL,9884299325,NULL,NULL,'',NULL),(240,240,'coord',NULL,NULL,'',0,11,34,NULL,9043812193,NULL,NULL,'',NULL),(241,241,'coord',NULL,NULL,'',0,11,34,NULL,8056128354,NULL,NULL,'',NULL),(242,242,'coord',NULL,NULL,'',0,11,34,NULL,9498098063,NULL,NULL,'',NULL),(243,243,'coord',NULL,NULL,'',0,11,34,NULL,7708681443,NULL,NULL,'',NULL),(244,244,'coord',NULL,NULL,'',0,11,34,NULL,9962180927,NULL,NULL,'',NULL),(245,245,'coord',NULL,NULL,'',0,11,34,NULL,9677158178,NULL,NULL,'',NULL),(246,246,'coord',NULL,NULL,'',0,11,34,NULL,9566159828,NULL,NULL,'',NULL),(247,247,'coord',NULL,NULL,'',0,11,34,NULL,9498073450,NULL,NULL,'',NULL),(248,248,'coord',NULL,NULL,'',0,11,34,NULL,9962187125,NULL,NULL,'',NULL),(249,249,'coord',NULL,NULL,'',0,11,34,NULL,9677152600,NULL,NULL,'',NULL),(250,250,'coord',NULL,NULL,'',0,11,34,NULL,9043812276,NULL,NULL,'',NULL),(251,251,'coord',NULL,NULL,'',0,11,34,NULL,9790999366,NULL,NULL,'',NULL),(252,252,'coord',NULL,NULL,'',0,11,34,NULL,9962609617,NULL,NULL,'',NULL),(253,253,'coord',NULL,NULL,'',0,11,35,NULL,9884504779,NULL,NULL,'',NULL),(254,254,'coord',NULL,NULL,'',0,11,35,NULL,9962306463,NULL,NULL,'',NULL),(255,255,'coord',NULL,NULL,'',0,11,35,NULL,9962250471,NULL,NULL,'',NULL),(256,256,'coord',NULL,NULL,'',0,11,36,NULL,9962303922,NULL,NULL,'',NULL),(257,257,'coord',NULL,NULL,'',0,11,36,NULL,9884469085,NULL,NULL,'',NULL),(258,258,'coord',NULL,NULL,'',0,11,36,NULL,9962292640,NULL,NULL,'',NULL),(259,259,'coord',NULL,NULL,'',0,11,36,NULL,9962295968,NULL,NULL,'',NULL),(260,260,'coord',NULL,NULL,'',0,11,36,NULL,9962097943,NULL,NULL,'',NULL),(261,261,'coord',NULL,NULL,'',0,11,36,NULL,9962266508,NULL,NULL,'',NULL),(262,262,'coord',NULL,NULL,'',0,11,36,NULL,9445964584,NULL,NULL,'',NULL),(263,263,'coord',NULL,NULL,'',0,11,36,NULL,9962410969,NULL,NULL,'',NULL),(264,264,'coord',NULL,NULL,'',0,11,36,NULL,9952211221,NULL,NULL,'',NULL),(265,265,'coord',NULL,NULL,'',0,12,37,NULL,9043425614,NULL,NULL,'',NULL),(266,266,'coord',NULL,NULL,'',0,12,37,NULL,9840976032,NULL,NULL,'',NULL),(267,267,'coord','','','avatars/318904_461510917224849_1683603106_n.jpg',3,12,37,'1993-09-17',9496362472,8015400188,'http://fb.com/sanju4jen','mandak',137),(268,268,'coord',NULL,NULL,'',0,12,37,NULL,9043408493,NULL,NULL,'',NULL),(269,269,'coord',NULL,NULL,'',0,12,37,NULL,9444883417,NULL,NULL,'',NULL),(270,270,'coord',NULL,NULL,'',0,12,38,NULL,0,NULL,NULL,'',NULL),(271,271,'coord',NULL,NULL,'',0,12,38,NULL,8754510762,NULL,NULL,'',NULL),(272,272,'coord',NULL,NULL,'',0,12,38,NULL,9884300493,NULL,NULL,'',NULL),(273,273,'coord',NULL,NULL,'',0,12,38,NULL,9043814150,NULL,NULL,'',NULL),(274,274,'coord',NULL,NULL,'',0,12,38,NULL,9498073523,NULL,NULL,'',NULL),(275,275,'coord',NULL,NULL,'',0,12,38,NULL,9600126006,NULL,NULL,'',NULL),(276,276,'coord',NULL,NULL,'',0,12,39,NULL,9791016966,NULL,NULL,'',NULL),(277,277,'coord',NULL,NULL,'',0,12,39,NULL,9884642399,NULL,NULL,'',NULL),(278,278,'coord',NULL,NULL,'',0,12,39,NULL,9092273264,NULL,NULL,'',NULL),(279,279,'coord',NULL,NULL,'',0,2,50,NULL,7200495715,NULL,NULL,'',NULL),(280,280,'coord',NULL,NULL,'',0,2,50,NULL,9043801198,NULL,NULL,'',NULL),(281,281,'coord',NULL,NULL,'',0,2,53,NULL,9043807246,NULL,NULL,'',NULL),(282,282,'coord',NULL,NULL,'',0,2,53,NULL,7854879750,NULL,NULL,'',NULL),(283,283,'coord',NULL,NULL,'',0,2,53,NULL,9677152857,NULL,NULL,'',NULL),(284,284,'coord',NULL,NULL,'',0,2,53,NULL,9677168882,NULL,NULL,'',NULL),(285,285,'coord',NULL,NULL,'',0,2,42,NULL,9940045091,NULL,NULL,'',NULL),(286,286,'coord',NULL,NULL,'',0,2,42,NULL,9791057815,NULL,NULL,'',NULL),(287,287,'coord',NULL,NULL,'',0,2,49,NULL,9677299433,NULL,NULL,'',NULL),(288,288,'coord',NULL,NULL,'',0,2,49,NULL,9840164956,NULL,NULL,'',NULL),(289,289,'coord',NULL,NULL,'',0,2,49,NULL,9677959563,NULL,NULL,'',NULL),(290,290,'coord',NULL,NULL,'',0,2,49,NULL,9600112129,NULL,NULL,'',NULL),(291,291,'coord',NULL,NULL,'',0,2,49,NULL,9176467000,NULL,NULL,'',NULL),(292,292,'coord',NULL,NULL,'',0,2,49,NULL,9789832651,NULL,NULL,'',NULL),(293,293,'coord',NULL,NULL,'',0,2,50,NULL,9884682370,NULL,NULL,'',NULL),(294,294,'coord',NULL,NULL,'',0,2,50,NULL,9884988638,NULL,NULL,'',NULL),(295,295,'coord',NULL,NULL,'',0,2,50,NULL,9444885673,NULL,NULL,'',NULL),(296,296,'coord',NULL,NULL,'',0,2,50,NULL,9498073720,NULL,NULL,'',NULL),(297,297,'coord',NULL,NULL,'',0,2,46,NULL,9600126908,NULL,NULL,'',NULL),(298,298,'coord',NULL,NULL,'',0,2,46,NULL,9884684524,NULL,NULL,'',NULL),(299,299,'coord',NULL,NULL,'',0,2,46,NULL,9884299772,NULL,NULL,'',NULL),(300,300,'coord',NULL,NULL,'',0,2,49,NULL,9884299520,NULL,NULL,'',NULL),(301,301,'coord',NULL,NULL,'',0,2,49,NULL,9677165465,NULL,NULL,'',NULL),(302,302,'coord',NULL,NULL,'',0,2,44,NULL,9500034700,NULL,NULL,'',NULL),(303,303,'coord',NULL,NULL,'',0,2,44,NULL,9789023356,NULL,NULL,'',NULL),(304,304,'coord',NULL,NULL,'',0,2,49,NULL,9789866342,NULL,NULL,'',NULL),(305,305,'coord',NULL,NULL,'',0,2,40,NULL,9025856946,NULL,NULL,'',NULL),(306,306,'coord',NULL,NULL,'',0,2,40,NULL,9444262735,NULL,NULL,'',NULL),(307,307,'coord',NULL,NULL,'',0,2,40,NULL,7401245105,NULL,NULL,'',NULL),(308,308,'coord',NULL,NULL,'',0,2,49,NULL,9962173096,NULL,NULL,'',NULL),(309,309,'coord',NULL,NULL,'',0,2,42,NULL,9789903586,NULL,NULL,'',NULL),(310,310,'coord',NULL,NULL,'',0,2,42,NULL,9884299296,NULL,NULL,'',NULL),(311,311,'coord','','','',3,2,49,NULL,9962894914,9962894914,'','godav',NULL),(312,312,'coord',NULL,NULL,'',0,2,49,NULL,9445419721,NULL,NULL,'',NULL),(313,313,'coord',NULL,NULL,'',0,2,41,NULL,9962310717,NULL,NULL,'',NULL),(314,314,'coord',NULL,NULL,'',0,2,41,NULL,9962594378,NULL,NULL,'',NULL),(315,315,'coord',NULL,NULL,'',0,2,41,NULL,9790000000,NULL,NULL,'',NULL),(316,316,'coord',NULL,NULL,'',0,2,41,NULL,9444357587,NULL,NULL,'',NULL),(317,317,'coord',NULL,NULL,'',0,2,41,NULL,9498098062,NULL,NULL,'',NULL),(318,318,'coord',NULL,NULL,'',0,2,52,NULL,8754510543,NULL,NULL,'',NULL),(319,319,'coord',NULL,NULL,'',0,2,52,NULL,9789988255,NULL,NULL,'',NULL),(320,320,'coord',NULL,NULL,'',0,2,52,NULL,9884684857,NULL,NULL,'',NULL),(321,321,'coord',NULL,NULL,'',0,2,52,NULL,9884300360,NULL,NULL,'',NULL),(322,322,'coord',NULL,NULL,'',0,2,42,NULL,9444969499,NULL,NULL,'',NULL),(323,323,'coord',NULL,NULL,'',0,2,42,NULL,9003073078,NULL,NULL,'',NULL),(324,324,'coord',NULL,NULL,'',0,2,42,NULL,9655777753,NULL,NULL,'',NULL),(325,325,'coord',NULL,NULL,'',1,2,42,NULL,9677135707,NULL,NULL,'',NULL),(326,326,'coord',NULL,NULL,'',0,2,51,NULL,9043812195,NULL,NULL,'',NULL),(327,327,'coord','','','',0,2,51,NULL,8754532872,NULL,'','tapti',NULL),(328,328,'coord',NULL,NULL,'',0,2,51,NULL,9043429762,NULL,NULL,'',NULL),(329,329,'coord',NULL,NULL,'',0,2,49,NULL,0,NULL,NULL,'',NULL),(330,330,'coord',NULL,NULL,'',0,2,49,NULL,944557107,NULL,NULL,'',NULL),(331,331,'coord',NULL,NULL,'',0,2,49,NULL,9840083395,NULL,NULL,'',NULL),(332,332,'coord',NULL,NULL,'',0,2,49,NULL,8939570987,NULL,NULL,'',NULL),(333,333,'coord',NULL,NULL,'',0,2,49,NULL,9043807215,NULL,NULL,'',NULL),(334,334,'coord',NULL,NULL,'',0,2,49,NULL,9962303153,NULL,NULL,'',NULL),(335,335,'coord',NULL,NULL,'',0,2,49,NULL,8122219733,NULL,NULL,'',NULL),(336,336,'coord',NULL,NULL,'',0,2,47,NULL,7418192025,NULL,NULL,'',NULL),(337,337,'coord',NULL,NULL,'',0,2,47,NULL,9962959445,NULL,NULL,'',NULL),(338,338,'coord',NULL,NULL,'',0,2,47,NULL,9884734247,NULL,NULL,'',NULL),(339,339,'coord',NULL,NULL,'',0,2,49,NULL,7708806667,NULL,NULL,'',NULL),(340,340,'coord',NULL,NULL,'',0,2,49,NULL,9840427623,NULL,NULL,'',NULL),(341,341,'coord',NULL,NULL,'',0,2,49,NULL,9043921753,NULL,NULL,'',NULL),(342,342,'coord',NULL,NULL,'',0,2,44,NULL,9677023975,NULL,NULL,'',NULL),(343,343,'coord',NULL,NULL,'',0,2,48,NULL,8056104183,NULL,NULL,'',NULL),(344,344,'coord',NULL,NULL,'',0,2,48,NULL,9884299316,NULL,NULL,'',NULL),(345,345,'coord',NULL,NULL,'',0,2,48,NULL,9952938937,NULL,NULL,'',NULL),(346,346,'coord',NULL,NULL,'',0,2,48,NULL,9962301632,NULL,NULL,'',NULL),(347,347,'coord',NULL,NULL,'',0,2,48,NULL,9962614370,NULL,NULL,'',NULL),(348,348,'coord',NULL,NULL,'',0,2,42,NULL,9789010674,NULL,NULL,'',NULL),(349,349,'coord',NULL,NULL,'',0,2,42,NULL,9962310717,NULL,NULL,'',NULL),(350,350,'coord',NULL,NULL,'',0,2,42,NULL,9952969979,NULL,NULL,'',NULL),(351,351,'coord',NULL,NULL,'',0,2,49,NULL,8608967042,NULL,NULL,'',NULL),(352,352,'coord',NULL,NULL,'',0,2,49,NULL,9962250677,NULL,NULL,'',NULL),(353,353,'coord',NULL,NULL,'',0,2,49,NULL,7200468327,NULL,NULL,'',NULL),(354,354,'coord',NULL,NULL,'',0,2,49,NULL,8124572766,NULL,NULL,'',NULL),(355,355,'coord',NULL,NULL,'',0,2,49,NULL,9790829323,NULL,NULL,'',NULL),(356,356,'coord',NULL,NULL,'',0,2,49,NULL,9791017685,NULL,NULL,'',NULL),(357,357,'coord',NULL,NULL,'',0,2,45,NULL,9962609691,NULL,NULL,'',NULL),(358,358,'coord',NULL,NULL,'',0,2,45,NULL,9677169792,NULL,NULL,'',NULL),(359,359,'coord',NULL,NULL,'',0,2,45,NULL,9884308835,NULL,NULL,'',NULL),(360,360,'coord',NULL,NULL,'',0,2,52,NULL,9176407949,NULL,NULL,'',NULL),(361,361,'coord',NULL,NULL,'',0,2,52,NULL,8056218742,NULL,NULL,'',NULL),(362,362,'coord',NULL,NULL,'',0,2,52,NULL,8939009242,NULL,NULL,'',NULL),(363,363,'coord',NULL,NULL,'',0,2,52,NULL,8056123363,NULL,NULL,'',NULL),(364,364,'coord',NULL,NULL,'',0,2,52,NULL,9884299285,NULL,NULL,'',NULL),(365,365,'coord',NULL,NULL,'',0,2,43,NULL,9043808615,NULL,NULL,'',NULL),(366,366,'coord',NULL,NULL,'',0,2,43,NULL,9566244086,NULL,NULL,'',NULL),(367,367,'coord',NULL,NULL,'',0,2,43,NULL,8870269992,NULL,NULL,'',NULL),(368,368,'coord',NULL,NULL,'',0,2,43,NULL,9445964901,NULL,NULL,'',NULL),(369,369,'coord',NULL,NULL,'',0,2,54,NULL,7418276687,NULL,NULL,'',NULL),(370,370,'coord',NULL,NULL,'',0,2,54,NULL,9486166535,NULL,NULL,'',NULL),(371,371,'coord',NULL,NULL,'',0,2,44,NULL,9600168764,NULL,NULL,'',NULL),(372,372,'coord',NULL,NULL,'',0,2,44,NULL,9940633272,NULL,NULL,'',NULL),(373,373,'coord',NULL,NULL,'',0,2,46,NULL,9840398648,NULL,NULL,'',NULL),(374,374,'coord',NULL,NULL,'',0,2,49,NULL,9962670985,NULL,NULL,'',NULL),(375,375,'coord',NULL,NULL,'',0,2,49,NULL,0,NULL,NULL,'',NULL),(376,377,'',NULL,NULL,'',0,NULL,NULL,NULL,0,NULL,NULL,NULL,NULL),(377,378,'core','Contenter','suraj@saarang.org','',0,2,NULL,NULL,0,NULL,'',NULL,NULL);
/*!40000 ALTER TABLE `userprofile_userprofile` ENABLE KEYS */;
UNLOCK TABLES;

--
-- Table structure for table `userprofile_userprofile_events`
--

DROP TABLE IF EXISTS `userprofile_userprofile_events`;
/*!40101 SET @saved_cs_client     = @@character_set_client */;
/*!40101 SET character_set_client = utf8 */;
CREATE TABLE `userprofile_userprofile_events` (
  `id` int(11) NOT NULL AUTO_INCREMENT,
  `userprofile_id` int(11) NOT NULL,
  `event_id` int(11) NOT NULL,
  PRIMARY KEY (`id`),
  UNIQUE KEY `userprofile_userprofile_events_userprofile_id_13550bf1_uniq` (`userprofile_id`,`event_id`),
  KEY `userprofile_userprofile_events_1be3128f` (`userprofile_id`),
  KEY `userprofile_userprofile_events_1647d06b` (`event_id`)
) ENGINE=MyISAM AUTO_INCREMENT=208 DEFAULT CHARSET=latin1;
/*!40101 SET character_set_client = @saved_cs_client */;

--
-- Dumping data for table `userprofile_userprofile_events`
--

LOCK TABLES `userprofile_userprofile_events` WRITE;
/*!40000 ALTER TABLE `userprofile_userprofile_events` DISABLE KEYS */;
INSERT INTO `userprofile_userprofile_events` VALUES (1,279,46),(2,280,46),(3,281,3),(4,282,3),(5,283,3),(6,284,3),(7,285,5),(8,286,5),(9,287,6),(10,288,6),(11,289,6),(12,290,6),(13,291,6),(14,292,6),(15,293,13),(16,294,13),(17,295,13),(18,296,13),(19,297,8),(20,298,8),(21,299,8),(22,300,9),(23,301,9),(24,302,11),(25,303,11),(26,304,12),(27,305,20),(28,306,20),(29,307,20),(30,308,22),(31,309,23),(32,310,23),(33,311,24),(34,312,24),(35,313,27),(36,314,27),(37,315,27),(38,316,27),(39,317,27),(40,318,52),(41,319,52),(42,320,52),(43,321,52),(44,322,28),(45,323,28),(46,324,28),(47,325,28),(48,326,39),(49,327,39),(50,328,39),(51,329,30),(52,330,30),(53,331,32),(54,332,32),(55,333,32),(56,334,34),(57,335,34),(58,336,36),(59,337,36),(60,338,36),(61,339,51),(62,340,51),(63,341,51),(64,342,38),(65,343,14),(66,344,14),(67,345,14),(68,346,43),(69,347,43),(70,348,44),(71,349,44),(72,350,44),(73,351,47),(74,352,47),(75,353,48),(76,354,48),(77,355,49),(78,356,49),(79,357,18),(80,358,18),(81,359,18),(82,360,2),(83,361,2),(84,362,2),(85,363,2),(86,364,2),(87,365,54),(88,366,54),(89,367,54),(90,368,54),(91,369,10),(92,370,10),(93,371,55),(94,372,55),(95,373,8),(96,374,22),(97,375,22),(98,293,7),(99,294,7),(100,295,7),(101,296,7),(102,293,41),(103,294,41),(104,295,41),(105,296,41),(106,293,26),(107,294,26),(108,295,26),(109,296,26),(110,318,4),(111,319,4),(112,320,4),(113,321,4),(114,318,50),(115,319,50),(116,320,50),(117,321,50),(118,326,33),(119,327,33),(120,328,33),(121,343,25),(122,344,25),(123,345,25),(124,343,40),(125,344,40),(126,345,40),(127,343,19),(128,344,19),(129,345,19),(130,357,31),(131,358,31),(132,359,31),(133,357,45),(134,358,45),(135,359,45),(136,357,29),(137,358,29),(138,359,29),(139,369,21),(140,370,21),(141,360,45),(142,361,15),(143,362,15),(144,363,15),(145,364,15),(146,360,17),(147,361,17),(148,362,17),(149,363,17),(150,364,17),(151,360,53),(152,361,53),(153,362,53),(154,363,53),(155,364,53),(156,360,22),(157,361,42),(158,362,42),(159,363,42),(160,364,42),(161,360,1),(162,361,1),(163,362,1),(164,363,1),(165,364,1),(166,360,35),(167,361,35),(168,362,35),(169,363,35),(170,364,35),(171,70,70),(172,79,70),(173,86,70),(174,305,71),(175,306,71),(176,307,71),(177,305,72),(178,306,72),(179,307,72),(180,305,73),(181,306,73),(182,307,73),(183,305,75),(184,306,75),(185,307,75),(186,305,76),(187,306,76),(188,307,76),(189,305,77),(190,306,77),(191,307,77),(192,305,78),(193,306,78),(194,307,78),(195,267,79),(196,326,80),(197,327,80),(198,328,80),(199,326,81),(200,327,81),(201,328,81),(202,326,82),(203,327,82),(204,328,82),(205,326,83),(206,327,83),(207,328,83);
/*!40000 ALTER TABLE `userprofile_userprofile_events` ENABLE KEYS */;
UNLOCK TABLES;
/*!40103 SET TIME_ZONE=@OLD_TIME_ZONE */;

/*!40101 SET SQL_MODE=@OLD_SQL_MODE */;
/*!40014 SET FOREIGN_KEY_CHECKS=@OLD_FOREIGN_KEY_CHECKS */;
/*!40014 SET UNIQUE_CHECKS=@OLD_UNIQUE_CHECKS */;
/*!40101 SET CHARACTER_SET_CLIENT=@OLD_CHARACTER_SET_CLIENT */;
/*!40101 SET CHARACTER_SET_RESULTS=@OLD_CHARACTER_SET_RESULTS */;
/*!40101 SET COLLATION_CONNECTION=@OLD_COLLATION_CONNECTION */;
/*!40111 SET SQL_NOTES=@OLD_SQL_NOTES */;

-- Dump completed on 2013-11-10 16:57:37
